Standardized_SMILES,True Values,Predictions
CNC(C)c1ccccc1Oc1ccc(Cl)c(Cl)c1,5.42,4.893197059631348
CNCCCN1c2ccccc2CCc2ccccc21,5.86,5.202718734741211
CNC(=O)c1ccc(-c2ccc3c(c2)CCN(CCN2CCCC2C)C3=O)cc1,4.77,5.235888957977295
N#Cc1cc(N2CCN(CCN3Cc4ccccc4C3)C2=O)ccc1F,5.0,5.191166877746582
Cc1ccc(NC(=O)N2CCN(CC3CCCN(C4CC4)C3)CC2)cc1Cl,5.15,5.133725643157959
CNC(C)c1ccc(Cl)cc1Oc1ccc(C)c(C)c1,5.61,4.924610137939453
O=C1N(CCN2CC3CCC2C3)CCN1c1cccc(Cl)c1,4.9,5.263670921325684
Cc1ccc(C(C)N2C3CCC2CC(Oc2cccc(C(N)=O)c2)C3)s1,8.675,4.916051864624023
COCC1CCCN1N1CCN(c2cccc(Cl)c2)C1=O,5.3,5.198635578155518
O=C(Nc1ccc(Cl)c(Cl)c1)N1CCN(CC2CCCNC2)CC1,5.8,5.126036167144775
Cc1ccc(N2CCN(CCN3Cc4ccccc4C3)C2=O)s1,4.5,5.191166877746582
Fc1ccccc1C(Cc1ccccc1OC(F)F)N1CCNCC1,5.19,5.147708892822266
Fc1cccc(OC(F)F)c1CC(c1ccccc1)N1CCNCC1,4.98,5.726800441741943
Fc1ccc(C(Cc2ccccc2OC(F)F)N2CCNCC2)cc1,5.04,5.147708892822266
Fc1cccc(C(Cc2ccccc2OC(F)F)N2CCNCC2)c1,5.08,5.147708892822266
NC(=O)c1cccc(OC2CC3CCC(C2)N3Cc2ccc3c(c2)OCO3)c1,9.21,5.2044758796691895
Cc1ccccc1C(C)N1C2CCC1CC(Oc1cccc(C(N)=O)c1)C2,8.31,4.916051864624023
N#Cc1cccc(N2CCN(CCN3Cc4ccccc4C3)C2=O)c1,5.5,5.191166877746582
CNCc1cc(F)c(OC)cc1Oc1ccc(Cl)c(Cl)c1,5.67,5.2225799560546875
CN1CCCC(CN2CCN(C(=O)Nc3ccc(Cl)c(Cl)c3)CC2)C1,5.8,5.159658432006836
NC(=O)c1cccc(OC2CC3CCC(C2)N3C2CCCc3ccccc32)c1,9.02,5.041619777679443
NC(=O)c1cccc(OC2CC3CCC(C2)N3CCc2ccccc2)c1,9.42,5.830537796020508
Cc1ccc(N2CCN(CCN3Cc4ccccc4C3)C2=O)cn1,4.5,5.191166877746582
CNCc1ccc(C(F)(F)F)cc1Oc1ccc(Cl)cc1,5.29,5.271026134490967
CC(C)(c1ccccc1)N1C2CCC1CC(Oc1cccc(C(N)=O)c1)C2,8.33,5.489998817443848
Cc1cc2c(s1)=Nc1ccccc1NC=2N1CCN(C)CC1,6.64,4.936655044555664
CNC(C)c1ccc(Cl)cc1Oc1ccc(C)cc1,5.43,4.924610137939453
CNC(=O)c1ccc(-c2ccc3c(c2)CCN(CCN2CCCC2)C3=O)cc1,4.54,5.092634677886963
CC(C)(C)CCN1CCC(CNC(=O)c2cccc(Cl)c2)CC1,5.32,5.068690299987793
CCc1cc(Oc2ccc(F)cc2CNC)ccc1Cl,5.34,5.2225799560546875
NC(=O)C1CSCC(c2ccc(OCc3cccc(F)c3)cc2)N1,4.6,5.2044758796691895
CNCc1ccc(Cl)cc1Oc1ccc(Cl)c(C)c1,5.75,5.2225799560546875
CNCc1ccc(Cl)cc1Oc1ccc(C)c(Cl)c1,5.97,5.2225799560546875
O=C(Nc1cccc(Cl)c1)N1CCN(CC2CCCN(C3CC3)C2)CC1,4.55,5.133725643157959
O=C(Nc1ccc(Cl)cc1)N1CCN(CC2CCCN(C3CC3)C2)CC1,4.85,5.133725643157959
N#Cc1cc(C2CCC(C(N)=O)N2)ccc1OCc1ccccc1F,4.8,5.2044758796691895
FC(F)Oc1ccccc1CC(c1ccccc1)N1CCNCC1,4.9,5.726800441741943
CC(C)Oc1ccccc1CC(c1ccccc1)N1CCNCC1,5.2,5.726800441741943
Cc1ccc(C(C)N2C3CCC2CC(Oc2cccc(C(N)=O)c2)C3)cn1,8.52,4.916051864624023
NC(=O)c1cccc(OC2CC3CCC(C2)N3C2(c3ccccc3)CC2)c1,8.32,5.489998817443848
NC(=O)c1cccc(NC2CC3CCC(C2)N3Cc2ccccc2)c1,5.96,5.830537796020508
CNCc1ccc(OC)cc1Oc1ccc(Cl)c(Cl)c1,6.16,5.2225799560546875
c1ccc(C(Cc2ccccc2OC2CC2)N2CCNCC2)cc1,5.19,5.787944793701172
NC(=O)c1cccc(SC2CC3CCC(C2)N3Cc2ccccc2)c1,5.96,5.830537796020508
Brc1cncc(COCC2(c3ccccc3)CCNCC2)c1,4.82,5.687283515930176
CNCc1cc(C(N)=O)ccc1Oc1ccc(Cl)c(Cl)c1,5.26,5.092634677886963
NC(=O)C1CCC(c2ccc(OCc3ccccc3F)cc2F)N1,4.9,5.2044758796691895
N#Cc1cccc(COc2ccc(C3CCC(C(N)=O)N3)cc2)c1,4.9,5.2044758796691895
N#Cc1ccccc1COc1ccc(C2CCC(C(N)=O)N2)cc1,4.8,5.2044758796691895
N#Cc1ccc(COc2ccc(C3CCC(C(N)=O)N3)cc2)cc1,5.1,5.235888957977295
NC(=O)C1CCC(c2ccc(OCc3ccccc3F)cn2)N1,4.8,5.2044758796691895
CCOc1ccccc1CC(c1ccccc1)N1CCNCC1,5.16,5.726800441741943
CCC(CC)CN=c1c(C(N)=O)c[nH]c2ccc(C#N)cc12,5.64,5.414247035980225
CNC(C)c1cc(F)ccc1Oc1ccc(Cl)cc1,5.28,4.924610137939453
NC(=O)C1CCCC(c2ccc(OCc3cccc(F)c3)cc2)N1,5.0,5.2044758796691895
NC(=O)c1cccc(OC2CC3CCC(C2)N3CC2CCCCC2)c1,7.199999999999999,5.2044758796691895
CNC(=O)C1CCC(c2ccc(OCc3ccccc3F)cc2)N1,4.6,5.2044758796691895
CNCc1ccc(Cl)cc1Oc1ccc(Cl)c(F)c1,5.91,5.2225799560546875
CNCc1cc(F)ccc1Oc1ccc(Cl)c(Cl)c1,5.25,5.2225799560546875
CNCc1ccc(Cl)cc1Oc1ccc(F)c(Cl)c1,5.68,5.2225799560546875
CNCc1ccc(F)cc1Oc1ccc(Cl)c(Cl)c1,5.52,5.2225799560546875
Cc1ccc(CN2C3CCC2CC(Oc2cccc(C(N)=O)c2)C3)s1,8.085,5.2044758796691895
FC(F)(F)Oc1ccccc1CC(c1ccccc1)N1CCNCC1,4.96,5.726800441741943
CNCc1cc(Cl)ccc1Oc1ccc(C)c(C)c1,5.28,5.2225799560546875
CNCc1ccc(Cl)cc1Oc1ccc(C)c(C)c1,5.76,5.2225799560546875
CC(c1ccccc1)N1C2CCC1CC(Oc1cccc(C(N)=O)c1)C2,8.22,5.447405815124512
CNCc1ccc(Cl)cc1Oc1ccc(Cl)cc1,6.19,5.2225799560546875
CNCc1cc(Cl)ccc1Oc1ccc(Cl)cc1,5.32,5.2225799560546875
CNCc1ccc(Cl)cc1Oc1cccc(Cl)c1,5.68,5.191166877746582
CNCc1ccccc1Oc1ccc(Cl)c(Cl)c1,5.41,5.191166877746582
NC(=O)C1CCC(c2cccc(OCc3ccccc3)c2)N1,4.6,5.830537796020508
NC(=O)C1CCC(c2ccc(OCc3ccccc3)cc2)N1,5.1,5.830537796020508
NC(=O)C1CCC(c2ccc(OCc3cccc(F)c3)cc2)N1,5.5,5.2044758796691895
NC(=O)C1CCC(c2ccc(OCc3ccccc3F)cc2)N1,5.1,5.2044758796691895
NC(=O)C1CCC(c2ccc(OCc3ccc(F)cc3)cc2)N1,5.1,5.235888957977295
CC(Oc1ccc(C2CCC(C(N)=O)N2)cc1)c1ccccc1,5.4,5.447405815124512
CNCc1ccc(Cl)cc1Oc1ccc(C)cc1,5.79,5.2225799560546875
NC(=O)c1ccc(OC2CC3CCC(C2)N3Cc2ccccc2)c(F)c1,5.85,5.830537796020508
NC(=O)c1cc(F)cc(OC2CC3CCC(C2)N3Cc2ccccc2)c1,6.17,5.830537796020508
CNCc1cc(C(F)(F)F)ccc1Oc1ccc(C)cc1,4.98,5.271026134490967
Cc1ccccc1CN1C2CCC1CC(Oc1cccc(C(N)=O)c1)C2,9.21,5.2044758796691895
Cc1ccc(CN2C3CCC2CC(Oc2cccc(C(N)=O)c2)C3)cc1,9.85,5.2044758796691895
Cc1cc(OC2CC3CCC(C2)N3Cc2ccccc2)cc(C(N)=O)c1,6.18,5.830537796020508
Cc1cccc(CN2C3CCC2CC(Oc2cccc(C(N)=O)c2)C3)c1,9.28,5.2044758796691895
Cc1c(OC2CC3CCC(C2)N3Cc2ccccc2)cccc1C(N)=O,5.96,5.830537796020508
Cc1cc(C(N)=O)ccc1OC1CC2CCC(C1)N2Cc1ccccc1,6.0,5.830537796020508
CNCc1cc(F)ccc1Oc1ccc(C)c(C)c1,4.7,5.2225799560546875
CC(c1ccncc1)N1C2CCC1CC(Oc1cccc(C(N)=O)c1)C2,8.43,4.916051864624023
CNCc1ccc(Cl)cc1Oc1ccc(F)c(C)c1,5.52,5.2225799560546875
O=C1N(CCN2CCC(C(F)(F)F)CC2)CCN1c1cccc(O)c1,4.8,5.382867336273193
CNCc1cc(F)ccc1Oc1ccc(Cl)cc1,5.13,5.2225799560546875
NC(=O)c1cncc(OC2CC3CCC(C2)N3Cc2ccccc2)n1,4.82,5.830537796020508
NC(=O)c1cccc(CC2CC3CCC(C2)N3Cc2ccccc2)c1,6.21,5.830537796020508
NC(=O)c1cccc(OC2CC3CCC(C2)N3Cc2cccs2)c1,9.37,5.283592700958252
NC(=O)C1CCC(c2cccc(Oc3ccccc3)c2)N1,4.2,5.489998817443848
NC(=O)C1CCC(c2ccc(Oc3ccccc3)cc2)N1,4.9,5.489998817443848
Cc1ccc(CN2C3CCC2CC(Oc2cccc(C(N)=O)c2)C3)o1,8.55,5.2044758796691895
N#Cc1ccccc1Oc1ccc(C2CCC(C(N)=O)N2)cc1,5.4,5.041619777679443
NC(=O)c1cccc(OC2CC3CCC(C2)N3CC2CC2)c1,8.14,5.2044758796691895
NC(=O)c1ccccc1OC1CC2CCC(C1)N2Cc1ccccc1,6.47,5.830537796020508
NC(=O)c1cccc(OC2CC3CCC(C2)N3Cc2ccccc2)c1,6.21,5.830537796020508
NC(=O)c1ccc(OC2CC3CCC(C2)N3Cc2ccccc2)cc1,6.17,5.830537796020508
NC(=O)c1cccc(OC2CC3CCC(C2)N3Cc2ccccc2)n1,6.0,5.830537796020508
NC(=O)c1cncc(OC2CC3CCC(C2)N3Cc2ccccc2)c1,5.82,5.830537796020508
NC(=O)c1ccnc(OC2CC3CCC(C2)N3Cc2ccccc2)c1,6.0,5.830537796020508
NC(=O)c1cccc(OC2CC3CCC(C2)N3Cc2ccccn2)c1,8.72,5.2044758796691895
NC(=O)c1cccc(OC2CC3CCC(C2)N3Cc2cccnc2)c1,8.46,5.2044758796691895
NC(=O)c1ccc(OC2CC3CCC(C2)N3Cc2ccccc2)nc1,5.89,5.830537796020508
NC(=O)c1cc(OC2CC3CCC(C2)N3Cc2ccccc2)ccn1,5.8,5.830537796020508
NC(=O)c1cccc(OC2CC3CCC(C2)N3Cc2ccncc2)c1,8.82,5.2044758796691895
CNCc1cc(F)ccc1Oc1ccc(F)c(Cl)c1,5.08,5.2225799560546875
CNCc1cc(F)ccc1Oc1ccc(Cl)c(F)c1,5.33,5.2225799560546875
CNCc1ccc(C#N)cc1Oc1ccc(Cl)c(Cl)c1,5.88,5.2225799560546875
CNCc1cc(C#N)ccc1Oc1ccc(Cl)c(Cl)c1,5.34,5.2225799560546875
NC(=O)C1CCC(c2ccc(Oc3ccc(F)cc3)cc2)N1,5.3,5.073032855987549
NC(=O)C1CCC(c2ccc(Oc3cccc(F)c3)cc2)N1,5.1,5.041619777679443
CN1C(C(N)=O)CCC1c1ccc(OCc2ccccc2F)cc1,4.3,5.2044758796691895
COc1ccccc1CC(c1ccccc1F)N1CCNCC1,4.4,5.147708892822266
COc1ccccc1CC(c1ccc(F)cc1)N1CCNCC1,4.8,5.147708892822266
COc1cccc(F)c1CC(c1ccccc1)N1CCNCC1,5.07,5.726800441741943
COc1c(F)cccc1CC(c1ccccc1)N1CCNCC1,4.68,5.6609063148498535
COc1ccccc1CC(c1ccccc1)N1CCNCC1,4.41,5.726800441741943
NC(=O)c1cccc(OC2CC3CCC(C2)N3C2CCCCC2)c1,7.82,5.041619777679443
CC(C)CN(C(=O)c1cccc(Cl)c1Cl)C1CCNC1,4.7,5.0276103019714355
Oc1cccc(OC2CC3CCC(C2)N3Cc2ccccc2)c1,5.8,5.830537796020508
c1ccc(C(Cc2cccc3c2OCC3)N2CCNCC2)cc1,4.67,5.726800441741943
CNC(C)c1ccccc1Oc1ccc(Cl)c(Cl)c1,5.42,5.618903160095215
CNCCCN1c2ccccc2CCc2ccccc21,5.86,5.87301778793335
CNC(=O)c1ccc(-c2ccc3c(c2)CCN(CCN2CCCC2C)C3=O)cc1,4.77,5.265341281890869
N#Cc1cc(N2CCN(CCN3Cc4ccccc4C3)C2=O)ccc1F,5.0,5.777246475219727
Cc1ccc(NC(=O)N2CCN(CC3CCCN(C4CC4)C3)CC2)cc1Cl,5.15,5.203104019165039
CNC(C)c1ccc(Cl)cc1Oc1ccc(C)c(C)c1,5.61,5.506284713745117
O=C1N(CCN2CC3CCC2C3)CCN1c1cccc(Cl)c1,4.9,5.873773574829102
Cc1ccc(C(C)N2C3CCC2CC(Oc2cccc(C(N)=O)c2)C3)s1,8.675,5.160615921020508
COCC1CCCN1N1CCN(c2cccc(Cl)c2)C1=O,5.3,5.505046367645264
O=C(Nc1ccc(Cl)c(Cl)c1)N1CCN(CC2CCCNC2)CC1,5.8,5.571831226348877
Cc1ccc(N2CCN(CCN3Cc4ccccc4C3)C2=O)s1,4.5,5.553938388824463
Fc1ccccc1C(Cc1ccccc1OC(F)F)N1CCNCC1,5.19,5.7438435554504395
Fc1cccc(OC(F)F)c1CC(c1ccccc1)N1CCNCC1,4.98,5.864380359649658
Fc1ccc(C(Cc2ccccc2OC(F)F)N2CCNCC2)cc1,5.04,5.7438435554504395
Fc1cccc(C(Cc2ccccc2OC(F)F)N2CCNCC2)c1,5.08,5.776549339294434
NC(=O)c1cccc(OC2CC3CCC(C2)N3Cc2ccc3c(c2)OCO3)c1,9.21,5.905031681060791
Cc1ccccc1C(C)N1C2CCC1CC(Oc1cccc(C(N)=O)c1)C2,8.31,5.2732343673706055
N#Cc1cccc(N2CCN(CCN3Cc4ccccc4C3)C2=O)c1,5.5,5.955371379852295
CNCc1cc(F)c(OC)cc1Oc1ccc(Cl)c(Cl)c1,5.67,5.483266353607178
CN1CCCC(CN2CCN(C(=O)Nc3ccc(Cl)c(Cl)c3)CC2)C1,5.8,5.203104019165039
NC(=O)c1cccc(OC2CC3CCC(C2)N3C2CCCc3ccccc32)c1,9.02,5.684449672698975
NC(=O)c1cccc(OC2CC3CCC(C2)N3CCc2ccccc2)c1,9.42,5.9986748695373535
Cc1ccc(N2CCN(CCN3Cc4ccccc4C3)C2=O)cn1,4.5,5.396385669708252
CNCc1ccc(C(F)(F)F)cc1Oc1ccc(Cl)cc1,5.29,5.907721519470215
CC(C)(c1ccccc1)N1C2CCC1CC(Oc1cccc(C(N)=O)c1)C2,8.33,5.4362592697143555
Cc1cc2c(s1)=Nc1ccccc1NC=2N1CCN(C)CC1,6.64,5.48944616317749
CNC(C)c1ccc(Cl)cc1Oc1ccc(C)cc1,5.43,5.506284713745117
CNC(=O)c1ccc(-c2ccc3c(c2)CCN(CCN2CCCC2)C3=O)cc1,4.54,5.172083377838135
CC(C)(C)CCN1CCC(CNC(=O)c2cccc(Cl)c2)CC1,5.32,5.203104019165039
CCc1cc(Oc2ccc(F)cc2CNC)ccc1Cl,5.34,5.483266353607178
NC(=O)C1CSCC(c2ccc(OCc3cccc(F)c3)cc2)N1,4.6,5.6833109855651855
CNCc1ccc(Cl)cc1Oc1ccc(Cl)c(C)c1,5.75,5.548772811889648
CNCc1ccc(Cl)cc1Oc1ccc(C)c(Cl)c1,5.97,5.548772811889648
O=C(Nc1cccc(Cl)c1)N1CCN(CC2CCCN(C3CC3)C2)CC1,4.55,5.571831226348877
O=C(Nc1ccc(Cl)cc1)N1CCN(CC2CCCN(C3CC3)C2)CC1,4.85,5.571831226348877
N#Cc1cc(C2CCC(C(N)=O)N2)ccc1OCc1ccccc1F,4.8,5.506842613220215
FC(F)Oc1ccccc1CC(c1ccccc1)N1CCNCC1,4.9,6.042505264282227
CC(C)Oc1ccccc1CC(c1ccccc1)N1CCNCC1,5.2,5.7067341804504395
Cc1ccc(C(C)N2C3CCC2CC(Oc2cccc(C(N)=O)c2)C3)cn1,8.52,5.003063201904297
NC(=O)c1cccc(OC2CC3CCC(C2)N3C2(c3ccccc3)CC2)c1,8.32,5.804986476898193
NC(=O)c1cccc(NC2CC3CCC(C2)N3Cc2ccccc2)c1,5.96,5.931639671325684
CNCc1ccc(OC)cc1Oc1ccc(Cl)c(Cl)c1,6.16,5.548772811889648
c1ccc(C(Cc2ccccc2OC2CC2)N2CCNCC2)cc1,5.19,6.106231689453125
NC(=O)c1cccc(SC2CC3CCC(C2)N3Cc2ccccc2)c1,5.96,5.931639671325684
Brc1cncc(COCC2(c3ccccc3)CCNCC2)c1,4.82,6.116965293884277
CNCc1cc(C(N)=O)ccc1Oc1ccc(Cl)c(Cl)c1,5.26,5.172083377838135
NC(=O)C1CCC(c2ccc(OCc3ccccc3F)cc2F)N1,4.9,5.409553527832031
N#Cc1cccc(COc2ccc(C3CCC(C(N)=O)N3)cc2)c1,4.9,5.811620712280273
N#Cc1ccccc1COc1ccc(C2CCC(C(N)=O)N2)cc1,4.8,5.684967517852783
N#Cc1ccc(COc2ccc(C3CCC(C(N)=O)N3)cc2)cc1,5.1,6.328579425811768
NC(=O)C1CCC(c2ccc(OCc3ccccc3F)cn2)N1,4.8,4.883273601531982
CCOc1ccccc1CC(c1ccccc1)N1CCNCC1,5.16,5.6099629402160645
CCC(CC)CN=c1c(C(N)=O)c[nH]c2ccc(C#N)cc12,5.64,5.146676540374756
CNC(C)c1cc(F)ccc1Oc1ccc(Cl)cc1,5.28,5.4407782554626465
NC(=O)C1CCCC(c2ccc(OCc3cccc(F)c3)cc2)N1,5.0,5.71433162689209
NC(=O)c1cccc(OC2CC3CCC(C2)N3CC2CCCCC2)c1,7.199999999999999,5.571831226348877
CNC(=O)C1CCC(c2ccc(OCc3ccccc3F)cc2)N1,4.6,5.040826320648193
CNCc1ccc(Cl)cc1Oc1ccc(Cl)c(F)c1,5.91,5.483266353607178
CNCc1cc(F)ccc1Oc1ccc(Cl)c(Cl)c1,5.25,5.483266353607178
CNCc1ccc(Cl)cc1Oc1ccc(F)c(Cl)c1,5.68,5.483266353607178
CNCc1ccc(F)cc1Oc1ccc(Cl)c(Cl)c1,5.52,5.483266353607178
Cc1ccc(CN2C3CCC2CC(Oc2cccc(C(N)=O)c2)C3)s1,8.085,5.203104019165039
FC(F)(F)Oc1ccccc1CC(c1ccccc1)N1CCNCC1,4.96,6.321570873260498
CNCc1cc(Cl)ccc1Oc1ccc(C)c(C)c1,5.28,5.548772811889648
CNCc1ccc(Cl)cc1Oc1ccc(C)c(C)c1,5.76,5.548772811889648
CC(c1ccccc1)N1C2CCC1CC(Oc1cccc(C(N)=O)c1)C2,8.22,5.393771171569824
CNCc1ccc(Cl)cc1Oc1ccc(Cl)cc1,6.19,5.548772811889648
CNCc1cc(Cl)ccc1Oc1ccc(Cl)cc1,5.32,5.548772811889648
CNCc1ccc(Cl)cc1Oc1cccc(Cl)c1,5.68,5.548772811889648
CNCc1ccccc1Oc1ccc(Cl)c(Cl)c1,5.41,5.661391258239746
NC(=O)C1CCC(c2cccc(OCc3ccccc3)c2)N1,4.6,5.834868431091309
NC(=O)C1CCC(c2ccc(OCc3ccccc3)cc2)N1,5.1,5.834868431091309
NC(=O)C1CCC(c2ccc(OCc3cccc(F)c3)cc2)N1,5.5,5.71433162689209
NC(=O)C1CCC(c2ccc(OCc3ccccc3F)cc2)N1,5.1,5.409553527832031
NC(=O)C1CCC(c2ccc(OCc3ccc(F)cc3)cc2)N1,5.1,5.808260440826416
CC(Oc1ccc(C2CCC(C(N)=O)N2)cc1)c1ccccc1,5.4,5.393771171569824
CNCc1ccc(Cl)cc1Oc1ccc(C)cc1,5.79,5.548772811889648
NC(=O)c1ccc(OC2CC3CCC(C2)N3Cc2ccccc2)c(F)c1,5.85,5.931639671325684
NC(=O)c1cc(F)cc(OC2CC3CCC(C2)N3Cc2ccccc2)c1,6.17,5.931639671325684
CNCc1cc(C(F)(F)F)ccc1Oc1ccc(C)cc1,4.98,5.907721519470215
Cc1ccccc1CN1C2CCC1CC(Oc1cccc(C(N)=O)c1)C2,9.21,5.315722465515137
Cc1ccc(CN2C3CCC2CC(Oc2cccc(C(N)=O)c2)C3)cc1,9.85,5.536304473876953
Cc1cc(OC2CC3CCC(C2)N3Cc2ccccc2)cc(C(N)=O)c1,6.18,5.562912464141846
Cc1cccc(CN2C3CCC2CC(Oc2cccc(C(N)=O)c2)C3)c1,9.28,5.442375659942627
Cc1c(OC2CC3CCC(C2)N3Cc2ccccc2)cccc1C(N)=O,5.96,5.562912464141846
Cc1cc(C(N)=O)ccc1OC1CC2CCC(C1)N2Cc1ccccc1,6.0,5.562912464141846
CNCc1cc(F)ccc1Oc1ccc(C)c(C)c1,4.7,5.483266353607178
CC(c1ccncc1)N1C2CCC1CC(Oc1cccc(C(N)=O)c1)C2,8.43,4.96206521987915
CNCc1ccc(Cl)cc1Oc1ccc(F)c(C)c1,5.52,5.483266353607178
O=C1N(CCN2CCC(C(F)(F)F)CC2)CCN1c1cccc(O)c1,4.8,6.232722282409668
CNCc1cc(F)ccc1Oc1ccc(Cl)cc1,5.13,5.483266353607178
NC(=O)c1cncc(OC2CC3CCC(C2)N3Cc2ccccc2)n1,4.82,5.931639671325684
NC(=O)c1cccc(CC2CC3CCC(C2)N3Cc2ccccc2)c1,6.21,5.931639671325684
NC(=O)c1cccc(OC2CC3CCC(C2)N3Cc2cccs2)c1,9.37,5.872552394866943
NC(=O)C1CCC(c2cccc(Oc3ccccc3)c2)N1,4.2,5.804986476898193
NC(=O)C1CCC(c2ccc(Oc3ccccc3)cc2)N1,4.9,5.804986476898193
Cc1ccc(CN2C3CCC2CC(Oc2cccc(C(N)=O)c2)C3)o1,8.55,5.203104019165039
N#Cc1ccccc1Oc1ccc(C2CCC(C(N)=O)N2)cc1,5.4,5.684449672698975
NC(=O)c1cccc(OC2CC3CCC(C2)N3CC2CC2)c1,8.14,5.571831226348877
NC(=O)c1ccccc1OC1CC2CCC(C1)N2Cc1ccccc1,6.47,5.931639671325684
NC(=O)c1cccc(OC2CC3CCC(C2)N3Cc2ccccc2)c1,6.21,5.931639671325684
NC(=O)c1ccc(OC2CC3CCC(C2)N3Cc2ccccc2)cc1,6.17,6.241732597351074
NC(=O)c1cccc(OC2CC3CCC(C2)N3Cc2ccccc2)n1,6.0,5.931639671325684
NC(=O)c1cncc(OC2CC3CCC(C2)N3Cc2ccccc2)c1,5.82,5.931639671325684
NC(=O)c1ccnc(OC2CC3CCC(C2)N3Cc2ccccc2)c1,6.0,5.405359745025635
NC(=O)c1cccc(OC2CC3CCC(C2)N3Cc2ccccn2)c1,8.72,5.158169746398926
NC(=O)c1cccc(OC2CC3CCC(C2)N3Cc2cccnc2)c1,8.46,5.811102867126465
NC(=O)c1ccc(OC2CC3CCC(C2)N3Cc2ccccc2)nc1,5.89,5.405359745025635
NC(=O)c1cc(OC2CC3CCC(C2)N3Cc2ccccc2)ccn1,5.8,5.405359745025635
NC(=O)c1cccc(OC2CC3CCC(C2)N3Cc2ccncc2)c1,8.82,5.811102867126465
CNCc1cc(F)ccc1Oc1ccc(F)c(Cl)c1,5.08,5.483266353607178
CNCc1cc(F)ccc1Oc1ccc(Cl)c(F)c1,5.33,5.483266353607178
CNCc1ccc(C#N)cc1Oc1ccc(Cl)c(Cl)c1,5.88,5.548772811889648
CNCc1cc(C#N)ccc1Oc1ccc(Cl)c(Cl)c1,5.34,5.548772811889648
NC(=O)C1CCC(c2ccc(Oc3ccc(F)cc3)cc2)N1,5.3,5.506324768066406
NC(=O)C1CCC(c2ccc(Oc3cccc(F)c3)cc2)N1,5.1,5.506324768066406
CN1C(C(N)=O)CCC1c1ccc(OCc2ccccc2F)cc1,4.3,5.040826320648193
COc1ccccc1CC(c1ccccc1F)N1CCNCC1,4.4,5.408072471618652
COc1ccccc1CC(c1ccc(F)cc1)N1CCNCC1,4.8,5.408072471618652
COc1cccc(F)c1CC(c1ccccc1)N1CCNCC1,5.07,5.528609275817871
COc1c(F)cccc1CC(c1ccccc1)N1CCNCC1,4.68,5.528609275817871
COc1ccccc1CC(c1ccccc1)N1CCNCC1,4.41,5.7067341804504395
NC(=O)c1cccc(OC2CC3CCC(C2)N3C2CCCCC2)c1,7.82,5.571831226348877
CC(C)CN(C(=O)c1cccc(Cl)c1Cl)C1CCNC1,4.7,5.065634250640869
Oc1cccc(OC2CC3CCC(C2)N3Cc2ccccc2)c1,5.8,6.2753729820251465
c1ccc(C(Cc2cccc3c2OCC3)N2CCNCC2)cc1,4.67,6.042505264282227
CNC(C)c1ccccc1Oc1ccc(Cl)c(Cl)c1,5.42,5.742039680480957
CNCCCN1c2ccccc2CCc2ccccc21,5.86,6.141454696655273
CNC(=O)c1ccc(-c2ccc3c(c2)CCN(CCN2CCCC2C)C3=O)cc1,4.77,5.777605056762695
N#Cc1cc(N2CCN(CCN3Cc4ccccc4C3)C2=O)ccc1F,5.0,6.452393054962158
Cc1ccc(NC(=O)N2CCN(CC3CCCN(C4CC4)C3)CC2)cc1Cl,5.15,5.821047782897949
CNC(C)c1ccc(Cl)cc1Oc1ccc(C)c(C)c1,5.61,5.742039680480957
O=C1N(CCN2CC3CCC2C3)CCN1c1cccc(Cl)c1,4.9,6.577652931213379
Cc1ccc(C(C)N2C3CCC2CC(Oc2cccc(C(N)=O)c2)C3)s1,8.675,5.979400634765625
COCC1CCCN1N1CCN(c2cccc(Cl)c2)C1=O,5.3,5.821047782897949
O=C(Nc1ccc(Cl)c(Cl)c1)N1CCN(CC2CCCNC2)CC1,5.8,6.335937976837158
Cc1ccc(N2CCN(CCN3Cc4ccccc4C3)C2=O)s1,4.5,5.821047782897949
Fc1ccccc1C(Cc1ccccc1OC(F)F)N1CCNCC1,5.19,6.197198390960693
Fc1cccc(OC(F)F)c1CC(c1ccccc1)N1CCNCC1,4.98,6.447638034820557
Fc1ccc(C(Cc2ccccc2OC(F)F)N2CCNCC2)cc1,5.04,6.197198390960693
Fc1cccc(C(Cc2ccccc2OC(F)F)N2CCNCC2)c1,5.08,6.197198390960693
NC(=O)c1cccc(OC2CC3CCC(C2)N3Cc2ccc3c(c2)OCO3)c1,9.21,6.67521858215332
Cc1ccccc1C(C)N1C2CCC1CC(Oc1cccc(C(N)=O)c1)C2,8.31,5.979400634765625
N#Cc1cccc(N2CCN(CCN3Cc4ccccc4C3)C2=O)c1,5.5,6.493667125701904
CNCc1cc(F)c(OC)cc1Oc1ccc(Cl)c(Cl)c1,5.67,5.700765609741211
CN1CCCC(CN2CCN(C(=O)Nc3ccc(Cl)c(Cl)c3)CC2)C1,5.8,5.821047782897949
NC(=O)c1cccc(OC2CC3CCC(C2)N3C2CCCc3ccccc32)c1,9.02,6.494290828704834
NC(=O)c1cccc(OC2CC3CCC(C2)N3CCc2ccccc2)c1,9.42,6.528026580810547
Cc1ccc(N2CCN(CCN3Cc4ccccc4C3)C2=O)cn1,4.5,5.414877891540527
CNCc1ccc(C(F)(F)F)cc1Oc1ccc(Cl)cc1,5.29,6.027593612670898
CC(C)(c1ccccc1)N1C2CCC1CC(Oc1cccc(C(N)=O)c1)C2,8.33,6.322242736816406
Cc1cc2c(s1)=Nc1ccccc1NC=2N1CCN(C)CC1,6.64,5.5759501457214355
CNC(C)c1ccc(Cl)cc1Oc1ccc(C)cc1,5.43,5.742039680480957
CNC(=O)c1ccc(-c2ccc3c(c2)CCN(CCN2CCCC2)C3=O)cc1,4.54,5.777605056762695
CC(C)(C)CCN1CCC(CNC(=O)c2cccc(Cl)c2)CC1,5.32,6.106601715087891
CCc1cc(Oc2ccc(F)cc2CNC)ccc1Cl,5.34,5.813492774963379
NC(=O)C1CSCC(c2ccc(OCc3cccc(F)c3)cc2)N1,4.6,6.319870948791504
CNCc1ccc(Cl)cc1Oc1ccc(Cl)c(C)c1,5.75,5.742039680480957
CNCc1ccc(Cl)cc1Oc1ccc(C)c(Cl)c1,5.97,5.742039680480957
O=C(Nc1cccc(Cl)c1)N1CCN(CC2CCCN(C3CC3)C2)CC1,4.55,6.335937976837158
O=C(Nc1ccc(Cl)cc1)N1CCN(CC2CCCN(C3CC3)C2)CC1,4.85,6.335937976837158
N#Cc1cc(C2CCC(C(N)=O)N2)ccc1OCc1ccccc1F,4.8,6.5764312744140625
FC(F)Oc1ccccc1CC(c1ccccc1)N1CCNCC1,4.9,6.488912105560303
CC(C)Oc1ccccc1CC(c1ccccc1)N1CCNCC1,5.2,5.77679967880249
Cc1ccc(C(C)N2C3CCC2CC(Oc2cccc(C(N)=O)c2)C3)cn1,8.52,5.685267448425293
NC(=O)c1cccc(OC2CC3CCC(C2)N3C2(c3ccccc3)CC2)c1,8.32,6.39558219909668
NC(=O)c1cccc(NC2CC3CCC(C2)N3Cc2ccccc2)c1,5.96,6.528026580810547
CNCc1ccc(OC)cc1Oc1ccc(Cl)c(Cl)c1,6.16,5.742039680480957
c1ccc(C(Cc2ccccc2OC2CC2)N2CCNCC2)cc1,5.19,6.3247551918029785
NC(=O)c1cccc(SC2CC3CCC(C2)N3Cc2ccccc2)c1,5.96,6.528026580810547
Brc1cncc(COCC2(c3ccccc3)CCNCC2)c1,4.82,6.215288162231445
CNCc1cc(C(N)=O)ccc1Oc1ccc(Cl)c(Cl)c1,5.26,5.898830413818359
NC(=O)C1CCC(c2ccc(OCc3ccccc3F)cc2F)N1,4.9,6.418702125549316
N#Cc1cccc(COc2ccc(C3CCC(C(N)=O)N3)cc2)c1,4.9,6.518874168395996
N#Cc1ccccc1COc1ccc(C2CCC(C(N)=O)N2)cc1,4.8,6.518874168395996
N#Cc1ccc(COc2ccc(C3CCC(C(N)=O)N3)cc2)cc1,5.1,6.884049892425537
NC(=O)C1CCC(c2ccc(OCc3ccccc3F)cn2)N1,4.8,6.180443286895752
CCOc1ccccc1CC(c1ccccc1)N1CCNCC1,5.16,5.77679967880249
CCC(CC)CN=c1c(C(N)=O)c[nH]c2ccc(C#N)cc12,5.64,6.003983974456787
CNC(C)c1cc(F)ccc1Oc1ccc(Cl)cc1,5.28,5.700765609741211
NC(=O)C1CCCC(c2ccc(OCc3cccc(F)c3)cc2)N1,5.0,6.418702125549316
NC(=O)c1cccc(OC2CC3CCC(C2)N3CC2CCCCC2)c1,7.199999999999999,6.494290828704834
CNC(=O)C1CCC(c2ccc(OCc3ccccc3F)cc2)N1,4.6,5.903811931610107
CNCc1ccc(Cl)cc1Oc1ccc(Cl)c(F)c1,5.91,5.700765609741211
CNCc1cc(F)ccc1Oc1ccc(Cl)c(Cl)c1,5.25,5.700765609741211
CNCc1ccc(Cl)cc1Oc1ccc(F)c(Cl)c1,5.68,5.700765609741211
CNCc1ccc(F)cc1Oc1ccc(Cl)c(Cl)c1,5.52,5.700765609741211
Cc1ccc(CN2C3CCC2CC(Oc2cccc(C(N)=O)c2)C3)s1,8.085,5.979400634765625
FC(F)(F)Oc1ccccc1CC(c1ccccc1)N1CCNCC1,4.96,6.430911540985107
CNCc1cc(Cl)ccc1Oc1ccc(C)c(C)c1,5.28,5.742039680480957
CNCc1ccc(Cl)cc1Oc1ccc(C)c(C)c1,5.76,5.742039680480957
CC(c1ccccc1)N1C2CCC1CC(Oc1cccc(C(N)=O)c1)C2,8.22,6.036688804626465
CNCc1ccc(Cl)cc1Oc1ccc(Cl)cc1,6.19,5.742039680480957
CNCc1cc(Cl)ccc1Oc1ccc(Cl)cc1,5.32,5.742039680480957
CNCc1ccc(Cl)cc1Oc1cccc(Cl)c1,5.68,5.742039680480957
CNCc1ccccc1Oc1ccc(Cl)c(Cl)c1,5.41,5.742039680480957
NC(=O)C1CCC(c2cccc(OCc3ccccc3)c2)N1,4.6,6.749740123748779
NC(=O)C1CCC(c2ccc(OCc3ccccc3)cc2)N1,5.1,6.644649982452393
NC(=O)C1CCC(c2ccc(OCc3cccc(F)c3)cc2)N1,5.5,6.418702125549316
NC(=O)C1CCC(c2ccc(OCc3ccccc3F)cc2)N1,5.1,6.418702125549316
NC(=O)C1CCC(c2ccc(OCc3ccc(F)cc3)cc2)N1,5.1,6.599629878997803
CC(Oc1ccc(C2CCC(C(N)=O)N2)cc1)c1ccccc1,5.4,6.129759788513184
CNCc1ccc(Cl)cc1Oc1ccc(C)cc1,5.79,5.742039680480957
NC(=O)c1ccc(OC2CC3CCC(C2)N3Cc2ccccc2)c(F)c1,5.85,6.743249416351318
NC(=O)c1cc(F)cc(OC2CC3CCC(C2)N3Cc2ccccc2)c1,6.17,6.585583686828613
CNCc1cc(C(F)(F)F)ccc1Oc1ccc(C)cc1,4.98,6.027593612670898
Cc1ccccc1CN1C2CCC1CC(Oc1cccc(C(N)=O)c1)C2,9.21,5.979400634765625
Cc1ccc(CN2C3CCC2CC(Oc2cccc(C(N)=O)c2)C3)cc1,9.85,6.160328388214111
Cc1cc(OC2CC3CCC(C2)N3Cc2ccccc2)cc(C(N)=O)c1,6.18,6.013136386871338
Cc1cccc(CN2C3CCC2CC(Oc2cccc(C(N)=O)c2)C3)c1,9.28,5.979400634765625
Cc1c(OC2CC3CCC(C2)N3Cc2ccccc2)cccc1C(N)=O,5.96,6.013136386871338
Cc1cc(C(N)=O)ccc1OC1CC2CCC(C1)N2Cc1ccccc1,6.0,6.065711975097656
CNCc1cc(F)ccc1Oc1ccc(C)c(C)c1,4.7,5.700765609741211
CC(c1ccncc1)N1C2CCC1CC(Oc1cccc(C(N)=O)c1)C2,8.43,5.833397388458252
CNCc1ccc(Cl)cc1Oc1ccc(F)c(C)c1,5.52,5.700765609741211
O=C1N(CCN2CCC(C(F)(F)F)CC2)CCN1c1cccc(O)c1,4.8,5.936470985412598
CNCc1cc(F)ccc1Oc1ccc(Cl)cc1,5.13,5.700765609741211
NC(=O)c1cncc(OC2CC3CCC(C2)N3Cc2ccccc2)n1,4.82,6.270638465881348
NC(=O)c1cccc(CC2CC3CCC(C2)N3Cc2ccccc2)c1,6.21,6.528026580810547
NC(=O)c1cccc(OC2CC3CCC(C2)N3Cc2cccs2)c1,9.37,6.696078777313232
NC(=O)C1CCC(c2cccc(Oc3ccccc3)c2)N1,4.2,6.749740123748779
NC(=O)C1CCC(c2ccc(Oc3ccccc3)cc2)N1,4.9,6.644649982452393
Cc1ccc(CN2C3CCC2CC(Oc2cccc(C(N)=O)c2)C3)o1,8.55,5.979400634765625
N#Cc1ccccc1Oc1ccc(C2CCC(C(N)=O)N2)cc1,5.4,6.518874168395996
NC(=O)c1cccc(OC2CC3CCC(C2)N3CC2CC2)c1,8.14,6.494290828704834
NC(=O)c1ccccc1OC1CC2CCC(C1)N2Cc1ccccc1,6.47,6.528026580810547
NC(=O)c1cccc(OC2CC3CCC(C2)N3Cc2ccccc2)c1,6.21,6.528026580810547
NC(=O)c1ccc(OC2CC3CCC(C2)N3Cc2ccccc2)cc1,6.17,6.62413215637207
NC(=O)c1cccc(OC2CC3CCC(C2)N3Cc2ccccc2)n1,6.0,6.341750621795654
NC(=O)c1cncc(OC2CC3CCC(C2)N3Cc2ccccc2)c1,5.82,6.310911178588867
NC(=O)c1ccnc(OC2CC3CCC(C2)N3Cc2ccccc2)c1,6.0,5.7901153564453125
NC(=O)c1cccc(OC2CC3CCC(C2)N3Cc2ccccn2)c1,8.72,5.7563796043396
NC(=O)c1cccc(OC2CC3CCC(C2)N3Cc2cccnc2)c1,8.46,5.956422805786133
NC(=O)c1ccc(OC2CC3CCC(C2)N3Cc2ccccc2)nc1,5.89,5.771578788757324
NC(=O)c1cc(OC2CC3CCC(C2)N3Cc2ccccc2)ccn1,5.8,5.7901153564453125
NC(=O)c1cccc(OC2CC3CCC(C2)N3Cc2ccncc2)c1,8.82,6.348287582397461
CNCc1cc(F)ccc1Oc1ccc(F)c(Cl)c1,5.08,5.700765609741211
CNCc1cc(F)ccc1Oc1ccc(Cl)c(F)c1,5.33,5.700765609741211
CNCc1ccc(C#N)cc1Oc1ccc(Cl)c(Cl)c1,5.88,5.899768829345703
CNCc1cc(C#N)ccc1Oc1ccc(Cl)c(Cl)c1,5.34,5.899768829345703
NC(=O)C1CCC(c2ccc(Oc3ccc(F)cc3)cc2)N1,5.3,6.418702125549316
NC(=O)C1CCC(c2ccc(Oc3cccc(F)c3)cc2)N1,5.1,6.418702125549316
CN1C(C(N)=O)CCC1c1ccc(OCc2ccccc2F)cc1,4.3,5.878604888916016
COc1ccccc1CC(c1ccccc1F)N1CCNCC1,4.4,5.682308197021484
COc1ccccc1CC(c1ccc(F)cc1)N1CCNCC1,4.8,5.682308197021484
COc1cccc(F)c1CC(c1ccccc1)N1CCNCC1,5.07,5.932747840881348
COc1c(F)cccc1CC(c1ccccc1)N1CCNCC1,4.68,5.932747840881348
COc1ccccc1CC(c1ccccc1)N1CCNCC1,4.41,5.77679967880249
NC(=O)c1cccc(OC2CC3CCC(C2)N3C2CCCCC2)c1,7.82,6.494290828704834
CC(C)CN(C(=O)c1cccc(Cl)c1Cl)C1CCNC1,4.7,5.846254825592041
Oc1cccc(OC2CC3CCC(C2)N3Cc2ccccc2)c1,5.8,6.024344444274902
c1ccc(C(Cc2cccc3c2OCC3)N2CCNCC2)cc1,4.67,6.291689872741699
CNC(C)c1ccccc1Oc1ccc(Cl)c(Cl)c1,5.42,6.656898498535156
CNCCCN1c2ccccc2CCc2ccccc21,5.86,6.453618049621582
CNC(=O)c1ccc(-c2ccc3c(c2)CCN(CCN2CCCC2C)C3=O)cc1,4.77,6.251097202301025
N#Cc1cc(N2CCN(CCN3Cc4ccccc4C3)C2=O)ccc1F,5.0,6.550731182098389
Cc1ccc(NC(=O)N2CCN(CC3CCCN(C4CC4)C3)CC2)cc1Cl,5.15,6.695830345153809
CNC(C)c1ccc(Cl)cc1Oc1ccc(C)c(C)c1,5.61,6.656898498535156
O=C1N(CCN2CC3CCC2C3)CCN1c1cccc(Cl)c1,4.9,6.695830345153809
Cc1ccc(C(C)N2C3CCC2CC(Oc2cccc(C(N)=O)c2)C3)s1,8.675,6.0932722091674805
COCC1CCCN1N1CCN(c2cccc(Cl)c2)C1=O,5.3,6.695830345153809
O=C(Nc1ccc(Cl)c(Cl)c1)N1CCN(CC2CCCNC2)CC1,5.8,6.695830345153809
Cc1ccc(N2CCN(CCN3Cc4ccccc4C3)C2=O)s1,4.5,6.469192028045654
Fc1ccccc1C(Cc1ccccc1OC(F)F)N1CCNCC1,5.19,6.394242286682129
Fc1cccc(OC(F)F)c1CC(c1ccccc1)N1CCNCC1,4.98,6.394242286682129
Fc1ccc(C(Cc2ccccc2OC(F)F)N2CCNCC2)cc1,5.04,6.394242286682129
Fc1cccc(C(Cc2ccccc2OC(F)F)N2CCNCC2)c1,5.08,6.394242286682129
NC(=O)c1cccc(OC2CC3CCC(C2)N3Cc2ccc3c(c2)OCO3)c1,9.21,6.222812652587891
Cc1ccccc1C(C)N1C2CCC1CC(Oc1cccc(C(N)=O)c1)C2,8.31,6.271751880645752
N#Cc1cccc(N2CCN(CCN3Cc4ccccc4C3)C2=O)c1,5.5,6.577090740203857
CNCc1cc(F)c(OC)cc1Oc1ccc(Cl)c(Cl)c1,5.67,6.867978096008301
CN1CCCC(CN2CCN(C(=O)Nc3ccc(Cl)c(Cl)c3)CC2)C1,5.8,6.695830345153809
NC(=O)c1cccc(OC2CC3CCC(C2)N3C2CCCc3ccccc32)c1,9.02,6.401292324066162
NC(=O)c1cccc(OC2CC3CCC(C2)N3CCc2ccccc2)c1,9.42,6.272879600524902
Cc1ccc(N2CCN(CCN3Cc4ccccc4C3)C2=O)cn1,4.5,5.446998596191406
CNCc1ccc(C(F)(F)F)cc1Oc1ccc(Cl)cc1,5.29,6.768587112426758
CC(C)(c1ccccc1)N1C2CCC1CC(Oc1cccc(C(N)=O)c1)C2,8.33,6.344813346862793
Cc1cc2c(s1)=Nc1ccccc1NC=2N1CCN(C)CC1,6.64,5.614966869354248
CNC(C)c1ccc(Cl)cc1Oc1ccc(C)cc1,5.43,6.656898498535156
CNC(=O)c1ccc(-c2ccc3c(c2)CCN(CCN2CCCC2)C3=O)cc1,4.54,6.251097202301025
CC(C)(C)CCN1CCC(CNC(=O)c2cccc(Cl)c2)CC1,5.32,6.596439361572266
CCc1cc(Oc2ccc(F)cc2CNC)ccc1Cl,5.34,6.867978096008301
NC(=O)C1CSCC(c2ccc(OCc3cccc(F)c3)cc2)N1,4.6,6.622322082519531
CNCc1ccc(Cl)cc1Oc1ccc(Cl)c(C)c1,5.75,6.786438941955566
CNCc1ccc(Cl)cc1Oc1ccc(C)c(Cl)c1,5.97,6.786438941955566
O=C(Nc1cccc(Cl)c1)N1CCN(CC2CCCN(C3CC3)C2)CC1,4.55,6.695830345153809
O=C(Nc1ccc(Cl)cc1)N1CCN(CC2CCCN(C3CC3)C2)CC1,4.85,6.695830345153809
N#Cc1cc(C2CCC(C(N)=O)N2)ccc1OCc1ccccc1F,4.8,6.812802314758301
FC(F)Oc1ccccc1CC(c1ccccc1)N1CCNCC1,4.9,6.394242286682129
CC(C)Oc1ccccc1CC(c1ccccc1)N1CCNCC1,5.2,6.355615139007568
Cc1ccc(C(C)N2C3CCC2CC(Oc2cccc(C(N)=O)c2)C3)cn1,8.52,5.3368659019470215
NC(=O)c1cccc(OC2CC3CCC(C2)N3C2(c3ccccc3)CC2)c1,8.32,6.31337833404541
NC(=O)c1cccc(NC2CC3CCC(C2)N3Cc2ccccc2)c1,5.96,6.444204330444336
CNCc1ccc(OC)cc1Oc1ccc(Cl)c(Cl)c1,6.16,6.786438941955566
c1ccc(C(Cc2ccccc2OC2CC2)N2CCNCC2)cc1,5.19,6.355615139007568
NC(=O)c1cccc(SC2CC3CCC(C2)N3Cc2ccccc2)c1,5.96,6.444204330444336
Brc1cncc(COCC2(c3ccccc3)CCNCC2)c1,4.82,5.67216157913208
CNCc1cc(C(N)=O)ccc1Oc1ccc(Cl)c(Cl)c1,5.26,6.665567398071289
NC(=O)C1CCC(c2ccc(OCc3ccccc3F)cc2F)N1,4.9,6.520468235015869
N#Cc1cccc(COc2ccc(C3CCC(C(N)=O)N3)cc2)c1,4.9,6.657039642333984
N#Cc1ccccc1COc1ccc(C2CCC(C(N)=O)N2)cc1,4.8,6.731263160705566
N#Cc1ccc(COc2ccc(C3CCC(C(N)=O)N3)cc2)cc1,5.1,6.657039642333984
NC(=O)C1CCC(c2ccc(OCc3ccccc3F)cn2)N1,4.8,5.374502658843994
CCOc1ccccc1CC(c1ccccc1)N1CCNCC1,5.16,6.382044315338135
CCC(CC)CN=c1c(C(N)=O)c[nH]c2ccc(C#N)cc12,5.64,5.882586479187012
CNC(C)c1cc(F)ccc1Oc1ccc(Cl)cc1,5.28,6.738437652587891
NC(=O)C1CCCC(c2ccc(OCc3cccc(F)c3)cc2)N1,5.0,6.738578796386719
NC(=O)c1cccc(OC2CC3CCC(C2)N3CC2CCCCC2)c1,7.199999999999999,6.222812652587891
CNC(=O)C1CCC(c2ccc(OCc3ccccc3F)cc2)N1,4.6,6.880702018737793
CNCc1ccc(Cl)cc1Oc1ccc(Cl)c(F)c1,5.91,6.867978096008301
CNCc1cc(F)ccc1Oc1ccc(Cl)c(Cl)c1,5.25,6.867978096008301
CNCc1ccc(Cl)cc1Oc1ccc(F)c(Cl)c1,5.68,6.867978096008301
CNCc1ccc(F)cc1Oc1ccc(Cl)c(Cl)c1,5.52,6.867978096008301
Cc1ccc(CN2C3CCC2CC(Oc2cccc(C(N)=O)c2)C3)s1,8.085,6.222812652587891
FC(F)(F)Oc1ccccc1CC(c1ccccc1)N1CCNCC1,4.96,6.294851303100586
CNCc1cc(Cl)ccc1Oc1ccc(C)c(C)c1,5.28,6.786438941955566
CNCc1ccc(Cl)cc1Oc1ccc(C)c(C)c1,5.76,6.786438941955566
CC(c1ccccc1)N1C2CCC1CC(Oc1cccc(C(N)=O)c1)C2,8.22,6.314663887023926
CNCc1ccc(Cl)cc1Oc1ccc(Cl)cc1,6.19,6.786438941955566
CNCc1cc(Cl)ccc1Oc1ccc(Cl)cc1,5.32,6.786438941955566
CNCc1ccc(Cl)cc1Oc1cccc(Cl)c1,5.68,6.786438941955566
CNCc1ccccc1Oc1ccc(Cl)c(Cl)c1,5.41,6.786438941955566
NC(=O)C1CCC(c2cccc(OCc3ccccc3)c2)N1,4.6,6.9632134437561035
NC(=O)C1CCC(c2ccc(OCc3ccccc3)cc2)N1,5.1,6.77417516708374
NC(=O)C1CCC(c2ccc(OCc3cccc(F)c3)cc2)N1,5.5,6.738578796386719
NC(=O)C1CCC(c2ccc(OCc3ccccc3F)cc2)N1,5.1,6.812802314758301
NC(=O)C1CCC(c2ccc(OCc3ccc(F)cc3)cc2)N1,5.1,6.738578796386719
CC(Oc1ccc(C2CCC(C(N)=O)N2)cc1)c1ccccc1,5.4,6.64463472366333
CNCc1ccc(Cl)cc1Oc1ccc(C)cc1,5.79,6.786438941955566
NC(=O)c1ccc(OC2CC3CCC(C2)N3Cc2ccccc2)c(F)c1,5.85,6.67186975479126
NC(=O)c1cc(F)cc(OC2CC3CCC(C2)N3Cc2ccccc2)c1,6.17,6.4828314781188965
CNCc1cc(C(F)(F)F)ccc1Oc1ccc(C)cc1,4.98,6.363469123840332
Cc1ccccc1CN1C2CCC1CC(Oc1cccc(C(N)=O)c1)C2,9.21,6.401292324066162
Cc1ccc(CN2C3CCC2CC(Oc2cccc(C(N)=O)c2)C3)cc1,9.85,6.222812652587891
Cc1cc(OC2CC3CCC(C2)N3Cc2ccccc2)cc(C(N)=O)c1,6.18,6.444204330444336
Cc1cccc(CN2C3CCC2CC(Oc2cccc(C(N)=O)c2)C3)c1,9.28,6.222812652587891
Cc1c(OC2CC3CCC(C2)N3Cc2ccccc2)cccc1C(N)=O,5.96,6.444204330444336
Cc1cc(C(N)=O)ccc1OC1CC2CCC(C1)N2Cc1ccccc1,6.0,6.444204330444336
CNCc1cc(F)ccc1Oc1ccc(C)c(C)c1,4.7,6.462860107421875
CC(c1ccncc1)N1C2CCC1CC(Oc1cccc(C(N)=O)c1)C2,8.43,5.307663917541504
CNCc1ccc(Cl)cc1Oc1ccc(F)c(C)c1,5.52,6.867978096008301
O=C1N(CCN2CCC(C(F)(F)F)CC2)CCN1c1cccc(O)c1,4.8,6.208771228790283
CNCc1cc(F)ccc1Oc1ccc(Cl)cc1,5.13,6.867978096008301
NC(=O)c1cncc(OC2CC3CCC(C2)N3Cc2ccccc2)n1,4.82,5.451862335205078
NC(=O)c1cccc(CC2CC3CCC(C2)N3Cc2ccccc2)c1,6.21,6.444204330444336
NC(=O)c1cccc(OC2CC3CCC(C2)N3Cc2cccs2)c1,9.37,6.462597370147705
NC(=O)C1CCC(c2cccc(Oc3ccccc3)c2)N1,4.2,6.9632134437561035
NC(=O)C1CCC(c2ccc(Oc3ccccc3)cc2)N1,4.9,6.77417516708374
Cc1ccc(CN2C3CCC2CC(Oc2cccc(C(N)=O)c2)C3)o1,8.55,6.222812652587891
N#Cc1ccccc1Oc1ccc(C2CCC(C(N)=O)N2)cc1,5.4,6.731263160705566
NC(=O)c1cccc(OC2CC3CCC(C2)N3CC2CC2)c1,8.14,6.222812652587891
NC(=O)c1ccccc1OC1CC2CCC(C1)N2Cc1ccccc1,6.47,6.444204330444336
NC(=O)c1cccc(OC2CC3CCC(C2)N3Cc2ccccc2)c1,6.21,6.444204330444336
NC(=O)c1ccc(OC2CC3CCC(C2)N3Cc2ccccc2)cc1,6.17,6.444204330444336
NC(=O)c1cccc(OC2CC3CCC(C2)N3Cc2ccccc2)n1,6.0,5.451862335205078
NC(=O)c1cncc(OC2CC3CCC(C2)N3Cc2ccccc2)c1,5.82,5.451862335205078
NC(=O)c1ccnc(OC2CC3CCC(C2)N3Cc2ccccc2)c1,6.0,5.322207927703857
NC(=O)c1cccc(OC2CC3CCC(C2)N3Cc2ccccn2)c1,8.72,5.322207927703857
NC(=O)c1cccc(OC2CC3CCC(C2)N3Cc2cccnc2)c1,8.46,5.299964427947998
NC(=O)c1ccc(OC2CC3CCC(C2)N3Cc2ccccc2)nc1,5.89,5.3368659019470215
NC(=O)c1cc(OC2CC3CCC(C2)N3Cc2ccccc2)ccn1,5.8,5.322207927703857
NC(=O)c1cccc(OC2CC3CCC(C2)N3Cc2ccncc2)c1,8.82,5.437204360961914
CNCc1cc(F)ccc1Oc1ccc(F)c(Cl)c1,5.08,6.867978096008301
CNCc1cc(F)ccc1Oc1ccc(Cl)c(F)c1,5.33,6.867978096008301
CNCc1ccc(C#N)cc1Oc1ccc(Cl)c(Cl)c1,5.88,6.786438941955566
CNCc1cc(C#N)ccc1Oc1ccc(Cl)c(Cl)c1,5.34,6.786438941955566
NC(=O)C1CCC(c2ccc(Oc3ccc(F)cc3)cc2)N1,5.3,6.738578796386719
NC(=O)C1CCC(c2ccc(Oc3cccc(F)c3)cc2)N1,5.1,6.738578796386719
CN1C(C(N)=O)CCC1c1ccc(OCc2ccccc2F)cc1,4.3,6.775165557861328
COc1ccccc1CC(c1ccccc1F)N1CCNCC1,4.4,6.394242286682129
COc1ccccc1CC(c1ccc(F)cc1)N1CCNCC1,4.8,6.394242286682129
COc1cccc(F)c1CC(c1ccccc1)N1CCNCC1,5.07,6.394242286682129
COc1c(F)cccc1CC(c1ccccc1)N1CCNCC1,4.68,6.394242286682129
COc1ccccc1CC(c1ccccc1)N1CCNCC1,4.41,6.355615139007568
NC(=O)c1cccc(OC2CC3CCC(C2)N3C2CCCCC2)c1,7.82,6.222812652587891
CC(C)CN(C(=O)c1cccc(Cl)c1Cl)C1CCNC1,4.7,6.603926658630371
Oc1cccc(OC2CC3CCC(C2)N3Cc2ccccc2)c1,5.8,6.3216753005981445
c1ccc(C(Cc2cccc3c2OCC3)N2CCNCC2)cc1,4.67,6.355615139007568
CNC(C)c1ccccc1Oc1ccc(Cl)c(Cl)c1,5.42,6.030394554138184
CNCCCN1c2ccccc2CCc2ccccc21,5.86,6.892032146453857
CNC(=O)c1ccc(-c2ccc3c(c2)CCN(CCN2CCCC2C)C3=O)cc1,4.77,5.53633975982666
N#Cc1cc(N2CCN(CCN3Cc4ccccc4C3)C2=O)ccc1F,5.0,5.892034530639648
Cc1ccc(NC(=O)N2CCN(CC3CCCN(C4CC4)C3)CC2)cc1Cl,5.15,5.52000093460083
CNC(C)c1ccc(Cl)cc1Oc1ccc(C)c(C)c1,5.61,6.012016773223877
O=C1N(CCN2CC3CCC2C3)CCN1c1cccc(Cl)c1,4.9,5.898878574371338
Cc1ccc(C(C)N2C3CCC2CC(Oc2cccc(C(N)=O)c2)C3)s1,8.675,5.663640022277832
COCC1CCCN1N1CCN(c2cccc(Cl)c2)C1=O,5.3,5.898878574371338
O=C(Nc1ccc(Cl)c(Cl)c1)N1CCN(CC2CCCNC2)CC1,5.8,5.52000093460083
Cc1ccc(N2CCN(CCN3Cc4ccccc4C3)C2=O)s1,4.5,5.892034530639648
Fc1ccccc1C(Cc1ccccc1OC(F)F)N1CCNCC1,5.19,6.030394554138184
Fc1cccc(OC(F)F)c1CC(c1ccccc1)N1CCNCC1,4.98,6.1913251876831055
Fc1ccc(C(Cc2ccccc2OC(F)F)N2CCNCC2)cc1,5.04,6.030394554138184
Fc1cccc(C(Cc2ccccc2OC(F)F)N2CCNCC2)c1,5.08,6.030394554138184
NC(=O)c1cccc(OC2CC3CCC(C2)N3Cc2ccc3c(c2)OCO3)c1,9.21,5.343317031860352
Cc1ccccc1C(C)N1C2CCC1CC(Oc1cccc(C(N)=O)c1)C2,8.31,5.682017803192139
N#Cc1cccc(N2CCN(CCN3Cc4ccccc4C3)C2=O)c1,5.5,5.892034530639648
CNCc1cc(F)c(OC)cc1Oc1ccc(Cl)c(Cl)c1,5.67,5.898878574371338
CN1CCCC(CN2CCN(C(=O)Nc3ccc(Cl)c(Cl)c3)CC2)C1,5.8,5.386186122894287
NC(=O)c1cccc(OC2CC3CCC(C2)N3C2CCCc3ccccc32)c1,9.02,5.501122951507568
NC(=O)c1cccc(OC2CC3CCC(C2)N3CCc2ccccc2)c1,9.42,6.6440019607543945
Cc1ccc(N2CCN(CCN3Cc4ccccc4C3)C2=O)cn1,4.5,5.2909064292907715
CNCc1ccc(C(F)(F)F)cc1Oc1ccc(Cl)cc1,5.29,5.898878574371338
CC(C)(c1ccccc1)N1C2CCC1CC(Oc1cccc(C(N)=O)c1)C2,8.33,5.479999542236328
Cc1cc2c(s1)=Nc1ccccc1NC=2N1CCN(C)CC1,6.64,5.356691360473633
CNC(C)c1ccc(Cl)cc1Oc1ccc(C)cc1,5.43,6.012016773223877
CNC(=O)c1ccc(-c2ccc3c(c2)CCN(CCN2CCCC2)C3=O)cc1,4.54,5.53633975982666
CC(C)(C)CCN1CCC(CNC(=O)c2cccc(Cl)c2)CC1,5.32,5.631329536437988
CCc1cc(Oc2ccc(F)cc2CNC)ccc1Cl,5.34,5.898878574371338
NC(=O)C1CSCC(c2ccc(OCc3cccc(F)c3)cc2)N1,4.6,6.069644927978516
CNCc1ccc(Cl)cc1Oc1ccc(Cl)c(C)c1,5.75,5.898878574371338
CNCc1ccc(Cl)cc1Oc1ccc(C)c(Cl)c1,5.97,5.898878574371338
O=C(Nc1cccc(Cl)c1)N1CCN(CC2CCCN(C3CC3)C2)CC1,4.55,5.52000093460083
O=C(Nc1ccc(Cl)cc1)N1CCN(CC2CCCN(C3CC3)C2)CC1,4.85,5.52000093460083
N#Cc1cc(C2CCC(C(N)=O)N2)ccc1OCc1ccccc1F,4.8,5.966557502746582
FC(F)Oc1ccccc1CC(c1ccccc1)N1CCNCC1,4.9,6.1913251876831055
CC(C)Oc1ccccc1CC(c1ccccc1)N1CCNCC1,5.2,6.1913251876831055
Cc1ccc(C(C)N2C3CCC2CC(Oc2cccc(C(N)=O)c2)C3)cn1,8.52,5.107179641723633
NC(=O)c1cccc(OC2CC3CCC(C2)N3C2(c3ccccc3)CC2)c1,8.32,5.47258186340332
NC(=O)c1cccc(NC2CC3CCC(C2)N3Cc2ccccc2)c1,5.96,5.628298759460449
CNCc1ccc(OC)cc1Oc1ccc(Cl)c(Cl)c1,6.16,5.818077564239502
c1ccc(C(Cc2ccccc2OC2CC2)N2CCNCC2)cc1,5.19,6.1913251876831055
NC(=O)c1cccc(SC2CC3CCC(C2)N3Cc2ccccc2)c1,5.96,5.628298759460449
Brc1cncc(COCC2(c3ccccc3)CCNCC2)c1,4.82,5.361062526702881
CNCc1cc(C(N)=O)ccc1Oc1ccc(Cl)c(Cl)c1,5.26,5.455512046813965
NC(=O)C1CCC(c2ccc(OCc3ccccc3F)cc2F)N1,4.9,5.966557502746582
N#Cc1cccc(COc2ccc(C3CCC(C(N)=O)N3)cc2)c1,4.9,6.069644927978516
N#Cc1ccccc1COc1ccc(C2CCC(C(N)=O)N2)cc1,4.8,5.966557502746582
N#Cc1ccc(COc2ccc(C3CCC(C(N)=O)N3)cc2)cc1,5.1,6.069644927978516
NC(=O)C1CCC(c2ccc(OCc3ccccc3F)cn2)N1,4.8,5.064525604248047
CCOc1ccccc1CC(c1ccccc1)N1CCNCC1,5.16,6.1913251876831055
CCC(CC)CN=c1c(C(N)=O)c[nH]c2ccc(C#N)cc12,5.64,5.379330635070801
CNC(C)c1cc(F)ccc1Oc1ccc(Cl)cc1,5.28,6.012016773223877
NC(=O)C1CCCC(c2ccc(OCc3cccc(F)c3)cc2)N1,5.0,6.069644927978516
NC(=O)c1cccc(OC2CC3CCC(C2)N3CC2CCCCC2)c1,7.199999999999999,5.770879745483398
CNC(=O)C1CCC(c2ccc(OCc3ccccc3F)cc2)N1,4.6,5.730249881744385
CNCc1ccc(Cl)cc1Oc1ccc(Cl)c(F)c1,5.91,5.898878574371338
CNCc1cc(F)ccc1Oc1ccc(Cl)c(Cl)c1,5.25,5.898878574371338
CNCc1ccc(Cl)cc1Oc1ccc(F)c(Cl)c1,5.68,5.898878574371338
CNCc1ccc(F)cc1Oc1ccc(Cl)c(Cl)c1,5.52,5.898878574371338
Cc1ccc(CN2C3CCC2CC(Oc2cccc(C(N)=O)c2)C3)s1,8.085,5.402202606201172
FC(F)(F)Oc1ccccc1CC(c1ccccc1)N1CCNCC1,4.96,6.1913251876831055
CNCc1cc(Cl)ccc1Oc1ccc(C)c(C)c1,5.28,5.898878574371338
CNCc1ccc(Cl)cc1Oc1ccc(C)c(C)c1,5.76,5.898878574371338
CC(c1ccccc1)N1C2CCC1CC(Oc1cccc(C(N)=O)c1)C2,8.22,5.660894393920898
CNCc1ccc(Cl)cc1Oc1ccc(Cl)cc1,6.19,5.898878574371338
CNCc1cc(Cl)ccc1Oc1ccc(Cl)cc1,5.32,5.898878574371338
CNCc1ccc(Cl)cc1Oc1cccc(Cl)c1,5.68,5.898878574371338
CNCc1ccccc1Oc1ccc(Cl)c(Cl)c1,5.41,5.997798919677734
NC(=O)C1CCC(c2cccc(OCc3ccccc3)c2)N1,4.6,6.604891777038574
NC(=O)C1CCC(c2ccc(OCc3ccccc3)cc2)N1,5.1,6.127488136291504
NC(=O)C1CCC(c2ccc(OCc3cccc(F)c3)cc2)N1,5.5,6.069644927978516
NC(=O)C1CCC(c2ccc(OCc3ccccc3F)cc2)N1,5.1,5.966557502746582
NC(=O)C1CCC(c2ccc(OCc3ccc(F)cc3)cc2)N1,5.1,6.069644927978516
CC(Oc1ccc(C2CCC(C(N)=O)N2)cc1)c1ccccc1,5.4,6.160083770751953
CNCc1ccc(Cl)cc1Oc1ccc(C)cc1,5.79,5.898878574371338
NC(=O)c1ccc(OC2CC3CCC(C2)N3Cc2ccccc2)c(F)c1,5.85,5.80298376083374
NC(=O)c1cc(F)cc(OC2CC3CCC(C2)N3Cc2ccccc2)c1,6.17,5.479999542236328
CNCc1cc(C(F)(F)F)ccc1Oc1ccc(C)cc1,4.98,5.898878574371338
Cc1ccccc1CN1C2CCC1CC(Oc1cccc(C(N)=O)c1)C2,9.21,5.501122951507568
Cc1ccc(CN2C3CCC2CC(Oc2cccc(C(N)=O)c2)C3)cc1,9.85,5.402202606201172
Cc1cc(OC2CC3CCC(C2)N3Cc2ccccc2)cc(C(N)=O)c1,6.18,5.479999542236328
Cc1cccc(CN2C3CCC2CC(Oc2cccc(C(N)=O)c2)C3)c1,9.28,5.402202606201172
Cc1c(OC2CC3CCC(C2)N3Cc2ccccc2)cccc1C(N)=O,5.96,5.479999542236328
Cc1cc(C(N)=O)ccc1OC1CC2CCC(C1)N2Cc1ccccc1,6.0,5.385009765625
CNCc1cc(F)ccc1Oc1ccc(C)c(C)c1,4.7,5.898878574371338
CC(c1ccncc1)N1C2CCC1CC(Oc1cccc(C(N)=O)c1)C2,8.43,5.091736316680908
CNCc1ccc(Cl)cc1Oc1ccc(F)c(C)c1,5.52,5.898878574371338
O=C1N(CCN2CCC(C(F)(F)F)CC2)CCN1c1cccc(O)c1,4.8,5.24833345413208
CNCc1cc(F)ccc1Oc1ccc(Cl)cc1,5.13,5.898878574371338
NC(=O)c1cncc(OC2CC3CCC(C2)N3Cc2ccccc2)n1,4.82,4.908193588256836
NC(=O)c1cccc(CC2CC3CCC(C2)N3Cc2ccccc2)c1,6.21,5.628298759460449
NC(=O)c1cccc(OC2CC3CCC(C2)N3Cc2cccs2)c1,9.37,5.636229991912842
NC(=O)C1CCC(c2cccc(Oc3ccccc3)c2)N1,4.2,6.604891777038574
NC(=O)C1CCC(c2ccc(Oc3ccccc3)cc2)N1,4.9,6.127488136291504
Cc1ccc(CN2C3CCC2CC(Oc2cccc(C(N)=O)c2)C3)o1,8.55,5.343317031860352
N#Cc1ccccc1Oc1ccc(C2CCC(C(N)=O)N2)cc1,5.4,5.966557502746582
NC(=O)c1cccc(OC2CC3CCC(C2)N3CC2CC2)c1,8.14,5.471907615661621
NC(=O)c1ccccc1OC1CC2CCC(C1)N2Cc1ccccc1,6.47,5.479999542236328
NC(=O)c1cccc(OC2CC3CCC(C2)N3Cc2ccccc2)c1,6.21,5.479999542236328
NC(=O)c1ccc(OC2CC3CCC(C2)N3Cc2ccccc2)cc1,6.17,5.9245285987854
NC(=O)c1cccc(OC2CC3CCC(C2)N3Cc2ccccc2)n1,6.0,4.9997429847717285
NC(=O)c1cncc(OC2CC3CCC(C2)N3Cc2ccccc2)c1,5.82,4.908193588256836
NC(=O)c1ccnc(OC2CC3CCC(C2)N3Cc2ccccc2)c1,6.0,5.035731315612793
NC(=O)c1cccc(OC2CC3CCC(C2)N3Cc2ccccn2)c1,8.72,5.056854724884033
NC(=O)c1cccc(OC2CC3CCC(C2)N3Cc2cccnc2)c1,8.46,4.910841464996338
NC(=O)c1ccc(OC2CC3CCC(C2)N3Cc2ccccc2)nc1,5.89,4.984882354736328
NC(=O)c1cc(OC2CC3CCC(C2)N3Cc2ccccc2)ccn1,5.8,5.035731315612793
NC(=O)c1cccc(OC2CC3CCC(C2)N3Cc2ccncc2)c1,8.82,4.910841464996338
CNCc1cc(F)ccc1Oc1ccc(F)c(Cl)c1,5.08,5.898878574371338
CNCc1cc(F)ccc1Oc1ccc(Cl)c(F)c1,5.33,5.898878574371338
CNCc1ccc(C#N)cc1Oc1ccc(Cl)c(Cl)c1,5.88,5.898878574371338
CNCc1cc(C#N)ccc1Oc1ccc(Cl)c(Cl)c1,5.34,5.898878574371338
NC(=O)C1CCC(c2ccc(Oc3ccc(F)cc3)cc2)N1,5.3,6.069644927978516
NC(=O)C1CCC(c2ccc(Oc3cccc(F)c3)cc2)N1,5.1,6.069644927978516
CN1C(C(N)=O)CCC1c1ccc(OCc2ccccc2F)cc1,4.3,5.6494221687316895
COc1ccccc1CC(c1ccccc1F)N1CCNCC1,4.4,6.030394554138184
COc1ccccc1CC(c1ccc(F)cc1)N1CCNCC1,4.8,6.030394554138184
COc1cccc(F)c1CC(c1ccccc1)N1CCNCC1,5.07,6.1913251876831055
COc1c(F)cccc1CC(c1ccccc1)N1CCNCC1,4.68,6.1913251876831055
COc1ccccc1CC(c1ccccc1)N1CCNCC1,4.41,6.1913251876831055
NC(=O)c1cccc(OC2CC3CCC(C2)N3C2CCCCC2)c1,7.82,5.770879745483398
CC(C)CN(C(=O)c1cccc(Cl)c1Cl)C1CCNC1,4.7,5.744467735290527
Oc1cccc(OC2CC3CCC(C2)N3Cc2ccccc2)c1,5.8,5.488629341125488
c1ccc(C(Cc2cccc3c2OCC3)N2CCNCC2)cc1,4.67,6.132439613342285
CNC(C)c1ccccc1Oc1ccc(Cl)c(Cl)c1,5.42,5.660490989685059
CNCCCN1c2ccccc2CCc2ccccc21,5.86,5.891003608703613
CNC(=O)c1ccc(-c2ccc3c(c2)CCN(CCN2CCCC2C)C3=O)cc1,4.77,5.508525848388672
N#Cc1cc(N2CCN(CCN3Cc4ccccc4C3)C2=O)ccc1F,5.0,5.5905351638793945
Cc1ccc(NC(=O)N2CCN(CC3CCCN(C4CC4)C3)CC2)cc1Cl,5.15,5.250467777252197
CNC(C)c1ccc(Cl)cc1Oc1ccc(C)c(C)c1,5.61,5.660490989685059
O=C1N(CCN2CC3CCC2C3)CCN1c1cccc(Cl)c1,4.9,5.70105504989624
Cc1ccc(C(C)N2C3CCC2CC(Oc2cccc(C(N)=O)c2)C3)s1,8.675,5.245616912841797
COCC1CCCN1N1CCN(c2cccc(Cl)c2)C1=O,5.3,5.453447341918945
O=C(Nc1ccc(Cl)c(Cl)c1)N1CCN(CC2CCCNC2)CC1,5.8,5.223423957824707
Cc1ccc(N2CCN(CCN3Cc4ccccc4C3)C2=O)s1,4.5,5.616549968719482
Fc1ccccc1C(Cc1ccccc1OC(F)F)N1CCNCC1,5.19,5.3429274559021
Fc1cccc(OC(F)F)c1CC(c1ccccc1)N1CCNCC1,4.98,5.738908290863037
Fc1ccc(C(Cc2ccccc2OC(F)F)N2CCNCC2)cc1,5.04,5.514188766479492
Fc1cccc(C(Cc2ccccc2OC(F)F)N2CCNCC2)c1,5.08,5.514188766479492
NC(=O)c1cccc(OC2CC3CCC(C2)N3Cc2ccc3c(c2)OCO3)c1,9.21,5.0569353103637695
Cc1ccccc1C(C)N1C2CCC1CC(Oc1cccc(C(N)=O)c1)C2,8.31,5.245616912841797
N#Cc1cccc(N2CCN(CCN3Cc4ccccc4C3)C2=O)c1,5.5,5.616549968719482
CNCc1cc(F)c(OC)cc1Oc1ccc(Cl)c(Cl)c1,5.67,5.445794582366943
CN1CCCC(CN2CCN(C(=O)Nc3ccc(Cl)c(Cl)c3)CC2)C1,5.8,5.250467777252197
NC(=O)c1cccc(OC2CC3CCC(C2)N3C2CCCc3ccccc32)c1,9.02,5.198490142822266
NC(=O)c1cccc(OC2CC3CCC(C2)N3CCc2ccccc2)c1,9.42,5.379729747772217
Cc1ccc(N2CCN(CCN3Cc4ccccc4C3)C2=O)cn1,4.5,5.588926315307617
CNCc1ccc(C(F)(F)F)cc1Oc1ccc(Cl)cc1,5.29,5.655991554260254
CC(C)(c1ccccc1)N1C2CCC1CC(Oc1cccc(C(N)=O)c1)C2,8.33,5.370576858520508
Cc1cc2c(s1)=Nc1ccccc1NC=2N1CCN(C)CC1,6.64,5.6344075202941895
CNC(C)c1ccc(Cl)cc1Oc1ccc(C)cc1,5.43,5.660490989685059
CNC(=O)c1ccc(-c2ccc3c(c2)CCN(CCN2CCCC2)C3=O)cc1,4.54,5.293788433074951
CC(C)(C)CCN1CCC(CNC(=O)c2cccc(Cl)c2)CC1,5.32,5.282219886779785
CCc1cc(Oc2ccc(F)cc2CNC)ccc1Cl,5.34,5.321410179138184
NC(=O)C1CSCC(c2ccc(OCc3cccc(F)c3)cc2)N1,4.6,5.284882545471191
CNCc1ccc(Cl)cc1Oc1ccc(Cl)c(C)c1,5.75,5.471809387207031
CNCc1ccc(Cl)cc1Oc1ccc(C)c(Cl)c1,5.97,5.471809387207031
O=C(Nc1cccc(Cl)c1)N1CCN(CC2CCCN(C3CC3)C2)CC1,4.55,5.250467777252197
O=C(Nc1ccc(Cl)cc1)N1CCN(CC2CCCN(C3CC3)C2)CC1,4.85,5.250467777252197
N#Cc1cc(C2CCC(C(N)=O)N2)ccc1OCc1ccccc1F,4.8,5.37477445602417
FC(F)Oc1ccccc1CC(c1ccccc1)N1CCNCC1,4.9,5.764923095703125
CC(C)Oc1ccccc1CC(c1ccccc1)N1CCNCC1,5.2,5.764923095703125
Cc1ccc(C(C)N2C3CCC2CC(Oc2cccc(C(N)=O)c2)C3)cn1,8.52,5.381700038909912
NC(=O)c1cccc(OC2CC3CCC(C2)N3C2(c3ccccc3)CC2)c1,8.32,5.2127203941345215
NC(=O)c1cccc(NC2CC3CCC(C2)N3Cc2ccccc2)c1,5.96,5.50693941116333
CNCc1ccc(OC)cc1Oc1ccc(Cl)c(Cl)c1,6.16,5.471809387207031
c1ccc(C(Cc2ccccc2OC2CC2)N2CCNCC2)cc1,5.19,5.624143600463867
NC(=O)c1cccc(SC2CC3CCC(C2)N3Cc2ccccc2)c1,5.96,5.50693941116333
Brc1cncc(COCC2(c3ccccc3)CCNCC2)c1,4.82,5.274204730987549
CNCc1cc(C(N)=O)ccc1Oc1ccc(Cl)c(Cl)c1,5.26,5.300581932067871
NC(=O)C1CCC(c2ccc(OCc3ccccc3F)cc2F)N1,4.9,5.37477445602417
N#Cc1cccc(COc2ccc(C3CCC(C(N)=O)N3)cc2)c1,4.9,5.435281753540039
N#Cc1ccccc1COc1ccc(C2CCC(C(N)=O)N2)cc1,4.8,5.435281753540039
N#Cc1ccc(COc2ccc(C3CCC(C(N)=O)N3)cc2)cc1,5.1,5.435281753540039
NC(=O)C1CCC(c2ccc(OCc3ccccc3F)cn2)N1,4.8,5.240386009216309
CCOc1ccccc1CC(c1ccccc1)N1CCNCC1,5.16,5.764923095703125
CCC(CC)CN=c1c(C(N)=O)c[nH]c2ccc(C#N)cc12,5.64,5.526916980743408
CNC(C)c1cc(F)ccc1Oc1ccc(Cl)cc1,5.28,5.510091781616211
NC(=O)C1CCCC(c2ccc(OCc3cccc(F)c3)cc2)N1,5.0,5.284882545471191
NC(=O)c1cccc(OC2CC3CCC(C2)N3CC2CCCCC2)c1,7.199999999999999,5.2014617919921875
CNC(=O)C1CCC(c2ccc(OCc3ccccc3F)cc2)N1,4.6,5.257877826690674
CNCc1ccc(Cl)cc1Oc1ccc(Cl)c(F)c1,5.91,5.445794582366943
CNCc1cc(F)ccc1Oc1ccc(Cl)c(Cl)c1,5.25,5.321410179138184
CNCc1ccc(Cl)cc1Oc1ccc(F)c(Cl)c1,5.68,5.445794582366943
CNCc1ccc(F)cc1Oc1ccc(Cl)c(Cl)c1,5.52,5.321410179138184
Cc1ccc(CN2C3CCC2CC(Oc2cccc(C(N)=O)c2)C3)s1,8.085,5.0569353103637695
FC(F)(F)Oc1ccccc1CC(c1ccccc1)N1CCNCC1,4.96,5.764923095703125
CNCc1cc(Cl)ccc1Oc1ccc(C)c(C)c1,5.28,5.471809387207031
CNCc1ccc(Cl)cc1Oc1ccc(C)c(C)c1,5.76,5.471809387207031
CC(c1ccccc1)N1C2CCC1CC(Oc1cccc(C(N)=O)c1)C2,8.22,5.5418381690979
CNCc1ccc(Cl)cc1Oc1ccc(Cl)cc1,6.19,5.471809387207031
CNCc1cc(Cl)ccc1Oc1ccc(Cl)cc1,5.32,5.471809387207031
CNCc1ccc(Cl)cc1Oc1cccc(Cl)c1,5.68,5.471809387207031
CNCc1ccccc1Oc1ccc(Cl)c(Cl)c1,5.41,5.471809387207031
NC(=O)C1CCC(c2cccc(OCc3ccccc3)c2)N1,4.6,5.660001277923584
NC(=O)C1CCC(c2ccc(OCc3ccccc3)cc2)N1,5.1,5.660001277923584
NC(=O)C1CCC(c2ccc(OCc3cccc(F)c3)cc2)N1,5.5,5.284882545471191
NC(=O)C1CCC(c2ccc(OCc3ccccc3F)cc2)N1,5.1,5.37477445602417
NC(=O)C1CCC(c2ccc(OCc3ccc(F)cc3)cc2)N1,5.1,5.284882545471191
CC(Oc1ccc(C2CCC(C(N)=O)N2)cc1)c1ccccc1,5.4,5.815625190734863
CNCc1ccc(Cl)cc1Oc1ccc(C)cc1,5.79,5.471809387207031
NC(=O)c1ccc(OC2CC3CCC(C2)N3Cc2ccccc2)c(F)c1,5.85,5.255640029907227
NC(=O)c1cc(F)cc(OC2CC3CCC(C2)N3Cc2ccccc2)c1,6.17,5.255640029907227
CNCc1cc(C(F)(F)F)ccc1Oc1ccc(C)cc1,4.98,5.655991554260254
Cc1ccccc1CN1C2CCC1CC(Oc1cccc(C(N)=O)c1)C2,9.21,5.0569353103637695
Cc1ccc(CN2C3CCC2CC(Oc2cccc(C(N)=O)c2)C3)cc1,9.85,5.0569353103637695
Cc1cc(OC2CC3CCC(C2)N3Cc2ccccc2)cc(C(N)=O)c1,6.18,5.2816548347473145
Cc1cccc(CN2C3CCC2CC(Oc2cccc(C(N)=O)c2)C3)c1,9.28,5.0569353103637695
Cc1c(OC2CC3CCC(C2)N3Cc2ccccc2)cccc1C(N)=O,5.96,5.2816548347473145
Cc1cc(C(N)=O)ccc1OC1CC2CCC(C1)N2Cc1ccccc1,6.0,5.2816548347473145
CNCc1cc(F)ccc1Oc1ccc(C)c(C)c1,4.7,5.321410179138184
CC(c1ccncc1)N1C2CCC1CC(Oc1cccc(C(N)=O)c1)C2,8.43,5.222035884857178
CNCc1ccc(Cl)cc1Oc1ccc(F)c(C)c1,5.52,5.445794582366943
O=C1N(CCN2CCC(C(F)(F)F)CC2)CCN1c1cccc(O)c1,4.8,5.334787845611572
CNCc1cc(F)ccc1Oc1ccc(Cl)cc1,5.13,5.321410179138184
NC(=O)c1cncc(OC2CC3CCC(C2)N3Cc2ccccc2)n1,4.82,5.322997093200684
NC(=O)c1cccc(CC2CC3CCC(C2)N3Cc2ccccc2)c1,6.21,5.50693941116333
NC(=O)c1cccc(OC2CC3CCC(C2)N3Cc2cccs2)c1,9.37,5.1960248947143555
NC(=O)C1CCC(c2cccc(Oc3ccccc3)c2)N1,4.2,5.815625190734863
NC(=O)C1CCC(c2ccc(Oc3ccccc3)cc2)N1,4.9,5.815625190734863
Cc1ccc(CN2C3CCC2CC(Oc2cccc(C(N)=O)c2)C3)o1,8.55,5.034600734710693
N#Cc1ccccc1Oc1ccc(C2CCC(C(N)=O)N2)cc1,5.4,5.825856685638428
NC(=O)c1cccc(OC2CC3CCC(C2)N3CC2CC2)c1,8.14,5.0569353103637695
NC(=O)c1ccccc1OC1CC2CCC(C1)N2Cc1ccccc1,6.47,5.2816548347473145
NC(=O)c1cccc(OC2CC3CCC(C2)N3Cc2ccccc2)c1,6.21,5.2816548347473145
NC(=O)c1ccc(OC2CC3CCC(C2)N3Cc2ccccc2)cc1,6.17,5.567722320556641
NC(=O)c1cccc(OC2CC3CCC(C2)N3Cc2ccccc2)n1,6.0,5.394810676574707
NC(=O)c1cncc(OC2CC3CCC(C2)N3Cc2ccccc2)c1,5.82,5.322997093200684
NC(=O)c1ccnc(OC2CC3CCC(C2)N3Cc2ccccc2)c1,6.0,5.267179489135742
NC(=O)c1cccc(OC2CC3CCC(C2)N3Cc2ccccn2)c1,8.72,5.042459964752197
NC(=O)c1cccc(OC2CC3CCC(C2)N3Cc2cccnc2)c1,8.46,4.915931224822998
NC(=O)c1ccc(OC2CC3CCC(C2)N3Cc2ccccc2)nc1,5.89,5.394810676574707
NC(=O)c1cc(OC2CC3CCC(C2)N3Cc2ccccc2)ccn1,5.8,5.267179489135742
NC(=O)c1cccc(OC2CC3CCC(C2)N3Cc2ccncc2)c1,8.82,4.862092971801758
CNCc1cc(F)ccc1Oc1ccc(F)c(Cl)c1,5.08,5.321410179138184
CNCc1cc(F)ccc1Oc1ccc(Cl)c(F)c1,5.33,5.321410179138184
CNCc1ccc(C#N)cc1Oc1ccc(Cl)c(Cl)c1,5.88,5.471809387207031
CNCc1cc(C#N)ccc1Oc1ccc(Cl)c(Cl)c1,5.34,5.471809387207031
NC(=O)C1CCC(c2ccc(Oc3ccc(F)cc3)cc2)N1,5.3,5.540266036987305
NC(=O)C1CCC(c2ccc(Oc3cccc(F)c3)cc2)N1,5.1,5.540266036987305
CN1C(C(N)=O)CCC1c1ccc(OCc2ccccc2F)cc1,4.3,5.620983600616455
COc1ccccc1CC(c1ccccc1F)N1CCNCC1,4.4,5.3429274559021
COc1ccccc1CC(c1ccc(F)cc1)N1CCNCC1,4.8,5.514188766479492
COc1cccc(F)c1CC(c1ccccc1)N1CCNCC1,5.07,5.738908290863037
COc1c(F)cccc1CC(c1ccccc1)N1CCNCC1,4.68,5.738908290863037
COc1ccccc1CC(c1ccccc1)N1CCNCC1,4.41,5.764923095703125
NC(=O)c1cccc(OC2CC3CCC(C2)N3C2CCCCC2)c1,7.82,5.390143394470215
CC(C)CN(C(=O)c1cccc(Cl)c1Cl)C1CCNC1,4.7,5.385087013244629
Oc1cccc(OC2CC3CCC(C2)N3Cc2ccccc2)c1,5.8,5.456624984741211
c1ccc(C(Cc2cccc3c2OCC3)N2CCNCC2)cc1,4.67,5.822203636169434
CNC(C)c1ccccc1Oc1ccc(Cl)c(Cl)c1,5.42,5.501072406768799
CNCCCN1c2ccccc2CCc2ccccc21,5.86,6.101945877075195
CNC(=O)c1ccc(-c2ccc3c(c2)CCN(CCN2CCCC2C)C3=O)cc1,4.77,6.189818382263184
N#Cc1cc(N2CCN(CCN3Cc4ccccc4C3)C2=O)ccc1F,5.0,6.327038764953613
Cc1ccc(NC(=O)N2CCN(CC3CCCN(C4CC4)C3)CC2)cc1Cl,5.15,5.363492012023926
CNC(C)c1ccc(Cl)cc1Oc1ccc(C)c(C)c1,5.61,5.619463920593262
O=C1N(CCN2CC3CCC2C3)CCN1c1cccc(Cl)c1,4.9,6.915943145751953
Cc1ccc(C(C)N2C3CCC2CC(Oc2cccc(C(N)=O)c2)C3)s1,8.675,5.3830952644348145
COCC1CCCN1N1CCN(c2cccc(Cl)c2)C1=O,5.3,5.679111957550049
O=C(Nc1ccc(Cl)c(Cl)c1)N1CCN(CC2CCCNC2)CC1,5.8,5.408592224121094
Cc1ccc(N2CCN(CCN3Cc4ccccc4C3)C2=O)s1,4.5,6.2572479248046875
Fc1ccccc1C(Cc1ccccc1OC(F)F)N1CCNCC1,5.19,5.660452365875244
Fc1cccc(OC(F)F)c1CC(c1ccccc1)N1CCNCC1,4.98,5.762745380401611
Fc1ccc(C(Cc2ccccc2OC(F)F)N2CCNCC2)cc1,5.04,5.660452365875244
Fc1cccc(C(Cc2ccccc2OC(F)F)N2CCNCC2)c1,5.08,5.660452365875244
NC(=O)c1cccc(OC2CC3CCC(C2)N3Cc2ccc3c(c2)OCO3)c1,9.21,5.694546222686768
Cc1ccccc1C(C)N1C2CCC1CC(Oc1cccc(C(N)=O)c1)C2,8.31,5.3830952644348145
N#Cc1cccc(N2CCN(CCN3Cc4ccccc4C3)C2=O)c1,5.5,6.327038764953613
CNCc1cc(F)c(OC)cc1Oc1ccc(Cl)c(Cl)c1,5.67,5.418989181518555
CN1CCCC(CN2CCN(C(=O)Nc3ccc(Cl)c(Cl)c3)CC2)C1,5.8,5.363492012023926
NC(=O)c1cccc(OC2CC3CCC(C2)N3C2CCCc3ccccc32)c1,9.02,5.45288610458374
NC(=O)c1cccc(OC2CC3CCC(C2)N3CCc2ccccc2)c1,9.42,6.807631015777588
Cc1ccc(N2CCN(CCN3Cc4ccccc4C3)C2=O)cn1,4.5,5.6799187660217285
CNCc1ccc(C(F)(F)F)cc1Oc1ccc(Cl)cc1,5.29,5.4357757568359375
CC(C)(c1ccccc1)N1C2CCC1CC(Oc1cccc(C(N)=O)c1)C2,8.33,5.545198440551758
Cc1cc2c(s1)=Nc1ccccc1NC=2N1CCN(C)CC1,6.64,5.42877721786499
CNC(C)c1ccc(Cl)cc1Oc1ccc(C)cc1,5.43,5.619463920593262
CNC(=O)c1ccc(-c2ccc3c(c2)CCN(CCN2CCCC2)C3=O)cc1,4.54,5.995904922485352
CC(C)(C)CCN1CCC(CNC(=O)c2cccc(Cl)c2)CC1,5.32,6.478419303894043
CCc1cc(Oc2ccc(F)cc2CNC)ccc1Cl,5.34,5.418989181518555
NC(=O)C1CSCC(c2ccc(OCc3cccc(F)c3)cc2)N1,4.6,5.367460250854492
CNCc1ccc(Cl)cc1Oc1ccc(Cl)c(C)c1,5.75,5.536372661590576
CNCc1ccc(Cl)cc1Oc1ccc(C)c(Cl)c1,5.97,5.536372661590576
O=C(Nc1cccc(Cl)c1)N1CCN(CC2CCCN(C3CC3)C2)CC1,4.55,5.480875492095947
O=C(Nc1ccc(Cl)cc1)N1CCN(CC2CCCN(C3CC3)C2)CC1,4.85,5.380278587341309
N#Cc1cc(C2CCC(C(N)=O)N2)ccc1OCc1ccccc1F,4.8,5.367460250854492
FC(F)Oc1ccccc1CC(c1ccccc1)N1CCNCC1,4.9,5.762745380401611
CC(C)Oc1ccccc1CC(c1ccccc1)N1CCNCC1,5.2,5.6929545402526855
Cc1ccc(C(C)N2C3CCC2CC(Oc2cccc(C(N)=O)c2)C3)cn1,8.52,5.340506553649902
NC(=O)c1cccc(OC2CC3CCC(C2)N3C2(c3ccccc3)CC2)c1,8.32,5.597957611083984
NC(=O)c1cccc(NC2CC3CCC(C2)N3Cc2ccccc2)c1,5.96,5.729064464569092
CNCc1ccc(OC)cc1Oc1ccc(Cl)c(Cl)c1,6.16,5.418989181518555
c1ccc(C(Cc2ccccc2OC2CC2)N2CCNCC2)cc1,5.19,5.67706823348999
NC(=O)c1cccc(SC2CC3CCC(C2)N3Cc2ccccc2)c1,5.96,5.729064464569092
Brc1cncc(COCC2(c3ccccc3)CCNCC2)c1,4.82,5.465155601501465
CNCc1cc(C(N)=O)ccc1Oc1ccc(Cl)c(Cl)c1,5.26,5.215586185455322
NC(=O)C1CCC(c2ccc(OCc3ccccc3F)cc2F)N1,4.9,5.367460250854492
N#Cc1cccc(COc2ccc(C3CCC(C(N)=O)N3)cc2)c1,4.9,5.367460250854492
N#Cc1ccccc1COc1ccc(C2CCC(C(N)=O)N2)cc1,4.8,5.367460250854492
N#Cc1ccc(COc2ccc(C3CCC(C(N)=O)N3)cc2)cc1,5.1,5.340458393096924
NC(=O)C1CCC(c2ccc(OCc3ccccc3F)cn2)N1,4.8,5.447429180145264
CCOc1ccccc1CC(c1ccccc1)N1CCNCC1,5.16,5.6929545402526855
CCC(CC)CN=c1c(C(N)=O)c[nH]c2ccc(C#N)cc12,5.64,5.135802745819092
CNC(C)c1cc(F)ccc1Oc1ccc(Cl)cc1,5.28,5.518867015838623
NC(=O)C1CCCC(c2ccc(OCc3cccc(F)c3)cc2)N1,5.0,5.367460250854492
NC(=O)c1cccc(OC2CC3CCC(C2)N3CC2CCCCC2)c1,7.199999999999999,5.767772674560547
CNC(=O)C1CCC(c2ccc(OCc3ccccc3F)cc2)N1,4.6,5.297669410705566
CNCc1ccc(Cl)cc1Oc1ccc(Cl)c(F)c1,5.91,5.536372661590576
CNCc1cc(F)ccc1Oc1ccc(Cl)c(Cl)c1,5.25,5.418989181518555
CNCc1ccc(Cl)cc1Oc1ccc(F)c(Cl)c1,5.68,5.536372661590576
CNCc1ccc(F)cc1Oc1ccc(Cl)c(Cl)c1,5.52,5.418989181518555
Cc1ccc(CN2C3CCC2CC(Oc2cccc(C(N)=O)c2)C3)s1,8.085,5.3830952644348145
FC(F)(F)Oc1ccccc1CC(c1ccccc1)N1CCNCC1,4.96,5.6452860832214355
CNCc1cc(Cl)ccc1Oc1ccc(C)c(C)c1,5.28,5.536372661590576
CNCc1ccc(Cl)cc1Oc1ccc(C)c(C)c1,5.76,5.536372661590576
CC(c1ccccc1)N1C2CCC1CC(Oc1cccc(C(N)=O)c1)C2,8.22,5.545198440551758
CNCc1ccc(Cl)cc1Oc1ccc(Cl)cc1,6.19,5.536372661590576
CNCc1cc(Cl)ccc1Oc1ccc(Cl)cc1,5.32,5.536372661590576
CNCc1ccc(Cl)cc1Oc1cccc(Cl)c1,5.68,5.61845588684082
CNCc1ccccc1Oc1ccc(Cl)c(Cl)c1,5.41,5.501072406768799
NC(=O)C1CCC(c2cccc(OCc3ccccc3)c2)N1,4.6,5.6825151443481445
NC(=O)C1CCC(c2ccc(OCc3ccccc3)cc2)N1,5.1,5.5295634269714355
NC(=O)C1CCC(c2ccc(OCc3cccc(F)c3)cc2)N1,5.5,5.367460250854492
NC(=O)C1CCC(c2ccc(OCc3ccccc3F)cc2)N1,5.1,5.367460250854492
NC(=O)C1CCC(c2ccc(OCc3ccc(F)cc3)cc2)N1,5.1,5.285377025604248
CC(Oc1ccc(C2CCC(C(N)=O)N2)cc1)c1ccccc1,5.4,5.45977258682251
CNCc1ccc(Cl)cc1Oc1ccc(C)cc1,5.79,5.536372661590576
NC(=O)c1ccc(OC2CC3CCC(C2)N3Cc2ccccc2)c(F)c1,5.85,5.672662258148193
NC(=O)c1cc(F)cc(OC2CC3CCC(C2)N3Cc2ccccc2)c1,6.17,5.614989280700684
CNCc1cc(C(F)(F)F)ccc1Oc1ccc(C)cc1,4.98,5.418989181518555
Cc1ccccc1CN1C2CCC1CC(Oc1cccc(C(N)=O)c1)C2,9.21,5.3830952644348145
Cc1ccc(CN2C3CCC2CC(Oc2cccc(C(N)=O)c2)C3)cc1,9.85,5.3830952644348145
Cc1cc(OC2CC3CCC(C2)N3Cc2ccccc2)cc(C(N)=O)c1,6.18,5.545198440551758
Cc1cccc(CN2C3CCC2CC(Oc2cccc(C(N)=O)c2)C3)c1,9.28,5.3830952644348145
Cc1c(OC2CC3CCC(C2)N3Cc2ccccc2)cccc1C(N)=O,5.96,5.545198440551758
Cc1cc(C(N)=O)ccc1OC1CC2CCC(C1)N2Cc1ccccc1,6.0,5.545198440551758
CNCc1cc(F)ccc1Oc1ccc(C)c(C)c1,4.7,5.418989181518555
CC(c1ccncc1)N1C2CCC1CC(Oc1cccc(C(N)=O)c1)C2,8.43,5.088500022888184
CNCc1ccc(Cl)cc1Oc1ccc(F)c(C)c1,5.52,5.536372661590576
O=C1N(CCN2CCC(C(F)(F)F)CC2)CCN1c1cccc(O)c1,4.8,6.1280198097229
CNCc1cc(F)ccc1Oc1ccc(Cl)cc1,5.13,5.4357757568359375
NC(=O)c1cncc(OC2CC3CCC(C2)N3Cc2ccccc2)n1,4.82,5.430017948150635
NC(=O)c1cccc(CC2CC3CCC(C2)N3Cc2ccccc2)c1,6.21,5.729064464569092
NC(=O)c1cccc(OC2CC3CCC(C2)N3Cc2cccs2)c1,9.37,5.596792697906494
NC(=O)C1CCC(c2cccc(Oc3ccccc3)c2)N1,4.2,5.6825151443481445
NC(=O)C1CCC(c2ccc(Oc3ccccc3)cc2)N1,4.9,5.5295634269714355
Cc1ccc(CN2C3CCC2CC(Oc2cccc(C(N)=O)c2)C3)o1,8.55,5.3830952644348145
N#Cc1ccccc1Oc1ccc(C2CCC(C(N)=O)N2)cc1,5.4,5.367460250854492
NC(=O)c1cccc(OC2CC3CCC(C2)N3CC2CC2)c1,8.14,5.45288610458374
NC(=O)c1ccccc1OC1CC2CCC(C1)N2Cc1ccccc1,6.47,5.614989280700684
NC(=O)c1cccc(OC2CC3CCC(C2)N3Cc2ccccc2)c1,6.21,5.614989280700684
NC(=O)c1ccc(OC2CC3CCC(C2)N3Cc2ccccc2)cc1,6.17,5.614989280700684
NC(=O)c1cccc(OC2CC3CCC(C2)N3Cc2ccccc2)n1,6.0,5.512590408325195
NC(=O)c1cncc(OC2CC3CCC(C2)N3Cc2ccccc2)c1,5.82,5.430017948150635
NC(=O)c1ccnc(OC2CC3CCC(C2)N3Cc2ccccc2)c1,6.0,5.47696590423584
NC(=O)c1cccc(OC2CC3CCC(C2)N3Cc2ccccn2)c1,8.72,5.374672889709473
NC(=O)c1cccc(OC2CC3CCC(C2)N3Cc2cccnc2)c1,8.46,5.088500022888184
NC(=O)c1ccc(OC2CC3CCC(C2)N3Cc2ccccc2)nc1,5.89,5.512590408325195
NC(=O)c1cc(OC2CC3CCC(C2)N3Cc2ccccc2)ccn1,5.8,5.47696590423584
NC(=O)c1cccc(OC2CC3CCC(C2)N3Cc2ccncc2)c1,8.82,5.088500022888184
CNCc1cc(F)ccc1Oc1ccc(F)c(Cl)c1,5.08,5.418989181518555
CNCc1cc(F)ccc1Oc1ccc(Cl)c(F)c1,5.33,5.418989181518555
CNCc1ccc(C#N)cc1Oc1ccc(Cl)c(Cl)c1,5.88,5.418989181518555
CNCc1cc(C#N)ccc1Oc1ccc(Cl)c(Cl)c1,5.34,5.418989181518555
NC(=O)C1CCC(c2ccc(Oc3ccc(F)cc3)cc2)N1,5.3,5.285377025604248
NC(=O)C1CCC(c2ccc(Oc3cccc(F)c3)cc2)N1,5.1,5.367460250854492
CN1C(C(N)=O)CCC1c1ccc(OCc2ccccc2F)cc1,4.3,5.277084827423096
COc1ccccc1CC(c1ccccc1F)N1CCNCC1,4.4,5.590661525726318
COc1ccccc1CC(c1ccc(F)cc1)N1CCNCC1,4.8,5.590661525726318
COc1cccc(F)c1CC(c1ccccc1)N1CCNCC1,5.07,5.6929545402526855
COc1c(F)cccc1CC(c1ccccc1)N1CCNCC1,4.68,5.6929545402526855
COc1ccccc1CC(c1ccccc1)N1CCNCC1,4.41,5.6929545402526855
NC(=O)c1cccc(OC2CC3CCC(C2)N3C2CCCCC2)c1,7.82,5.767772674560547
CC(C)CN(C(=O)c1cccc(Cl)c1Cl)C1CCNC1,4.7,5.3260674476623535
Oc1cccc(OC2CC3CCC(C2)N3Cc2ccccc2)c1,5.8,5.502110481262207
c1ccc(C(Cc2cccc3c2OCC3)N2CCNCC2)cc1,4.67,5.791143417358398
CNC(C)c1ccccc1Oc1ccc(Cl)c(Cl)c1,5.42,5.906351566314697
CNCCCN1c2ccccc2CCc2ccccc21,5.86,5.877612113952637
CNC(=O)c1ccc(-c2ccc3c(c2)CCN(CCN2CCCC2C)C3=O)cc1,4.77,5.250906467437744
N#Cc1cc(N2CCN(CCN3Cc4ccccc4C3)C2=O)ccc1F,5.0,5.536789894104004
Cc1ccc(NC(=O)N2CCN(CC3CCCN(C4CC4)C3)CC2)cc1Cl,5.15,5.75801944732666
CNC(C)c1ccc(Cl)cc1Oc1ccc(C)c(C)c1,5.61,5.968803405761719
O=C1N(CCN2CC3CCC2C3)CCN1c1cccc(Cl)c1,4.9,6.790915489196777
Cc1ccc(C(C)N2C3CCC2CC(Oc2cccc(C(N)=O)c2)C3)s1,8.675,6.349546909332275
COCC1CCCN1N1CCN(c2cccc(Cl)c2)C1=O,5.3,5.792218208312988
O=C(Nc1ccc(Cl)c(Cl)c1)N1CCN(CC2CCCNC2)CC1,5.8,5.691835403442383
Cc1ccc(N2CCN(CCN3Cc4ccccc4C3)C2=O)s1,4.5,5.5698628425598145
Fc1ccccc1C(Cc1ccccc1OC(F)F)N1CCNCC1,5.19,5.616768836975098
Fc1cccc(OC(F)F)c1CC(c1ccccc1)N1CCNCC1,4.98,5.779538631439209
Fc1ccc(C(Cc2ccccc2OC(F)F)N2CCNCC2)cc1,5.04,5.733897686004639
Fc1cccc(C(Cc2ccccc2OC(F)F)N2CCNCC2)c1,5.08,5.616768836975098
NC(=O)c1cccc(OC2CC3CCC(C2)N3Cc2ccc3c(c2)OCO3)c1,9.21,7.346560001373291
Cc1ccccc1C(C)N1C2CCC1CC(Oc1cccc(C(N)=O)c1)C2,8.31,6.349546909332275
N#Cc1cccc(N2CCN(CCN3Cc4ccccc4C3)C2=O)c1,5.5,5.670636177062988
CNCc1cc(F)c(OC)cc1Oc1ccc(Cl)c(Cl)c1,5.67,5.906351566314697
CN1CCCC(CN2CCN(C(=O)Nc3ccc(Cl)c(Cl)c3)CC2)C1,5.8,5.6236090660095215
NC(=O)c1cccc(OC2CC3CCC(C2)N3C2CCCc3ccccc32)c1,9.02,6.417773246765137
NC(=O)c1cccc(OC2CC3CCC(C2)N3CCc2ccccc2)c1,9.42,8.172722816467285
Cc1ccc(N2CCN(CCN3Cc4ccccc4C3)C2=O)cn1,4.5,5.574726581573486
CNCc1ccc(C(F)(F)F)cc1Oc1ccc(Cl)cc1,5.29,5.906351566314697
CC(C)(c1ccccc1)N1C2CCC1CC(Oc1cccc(C(N)=O)c1)C2,8.33,6.512316703796387
Cc1cc2c(s1)=Nc1ccccc1NC=2N1CCN(C)CC1,6.64,5.3884172439575195
CNC(C)c1ccc(Cl)cc1Oc1ccc(C)cc1,5.43,5.968803405761719
CNC(=O)c1ccc(-c2ccc3c(c2)CCN(CCN2CCCC2)C3=O)cc1,4.54,5.250906467437744
CC(C)(C)CCN1CCC(CNC(=O)c2cccc(Cl)c2)CC1,5.32,6.574202537536621
CCc1cc(Oc2ccc(F)cc2CNC)ccc1Cl,5.34,5.906351566314697
NC(=O)C1CSCC(c2ccc(OCc3cccc(F)c3)cc2)N1,4.6,5.6044511795043945
CNCc1ccc(Cl)cc1Oc1ccc(Cl)c(C)c1,5.75,5.968803405761719
CNCc1ccc(Cl)cc1Oc1ccc(C)c(Cl)c1,5.97,5.968803405761719
O=C(Nc1cccc(Cl)c1)N1CCN(CC2CCCN(C3CC3)C2)CC1,4.55,5.661262512207031
O=C(Nc1ccc(Cl)cc1)N1CCN(CC2CCCN(C3CC3)C2)CC1,4.85,5.4917097091674805
N#Cc1cc(C2CCC(C(N)=O)N2)ccc1OCc1ccccc1F,4.8,5.734635829925537
FC(F)Oc1ccccc1CC(c1ccccc1)N1CCNCC1,4.9,5.674330234527588
CC(C)Oc1ccccc1CC(c1ccccc1)N1CCNCC1,5.2,5.6205830574035645
Cc1ccc(C(C)N2C3CCC2CC(Oc2cccc(C(N)=O)c2)C3)cn1,8.52,6.266822814941406
NC(=O)c1cccc(OC2CC3CCC(C2)N3C2(c3ccccc3)CC2)c1,8.32,6.378988265991211
NC(=O)c1cccc(NC2CC3CCC(C2)N3Cc2ccccc2)c1,5.96,7.350240707397461
CNCc1ccc(OC)cc1Oc1ccc(Cl)c(Cl)c1,6.16,5.906351566314697
c1ccc(C(Cc2ccccc2OC2CC2)N2CCNCC2)cc1,5.19,5.674330234527588
NC(=O)c1cccc(SC2CC3CCC(C2)N3Cc2ccccc2)c1,5.96,7.315452575683594
Brc1cncc(COCC2(c3ccccc3)CCNCC2)c1,4.82,5.162637233734131
CNCc1cc(C(N)=O)ccc1Oc1ccc(Cl)c(Cl)c1,5.26,6.432333469390869
NC(=O)C1CCC(c2ccc(OCc3ccccc3F)cc2F)N1,4.9,5.642036437988281
N#Cc1cccc(COc2ccc(C3CCC(C(N)=O)N3)cc2)c1,4.9,5.689062595367432
N#Cc1ccccc1COc1ccc(C2CCC(C(N)=O)N2)cc1,4.8,5.840703964233398
N#Cc1ccc(COc2ccc(C3CCC(C(N)=O)N3)cc2)cc1,5.1,5.689062595367432
NC(=O)C1CCC(c2ccc(OCc3ccccc3F)cn2)N1,4.8,5.384653091430664
CCOc1ccccc1CC(c1ccccc1)N1CCNCC1,5.16,5.6205830574035645
CCC(CC)CN=c1c(C(N)=O)c[nH]c2ccc(C#N)cc12,5.64,5.927455425262451
CNC(C)c1cc(F)ccc1Oc1ccc(Cl)cc1,5.28,5.906351566314697
NC(=O)C1CCCC(c2ccc(OCc3cccc(F)c3)cc2)N1,5.0,5.750136852264404
NC(=O)c1cccc(OC2CC3CCC(C2)N3CC2CCCCC2)c1,7.199999999999999,6.882088661193848
CNC(=O)C1CCC(c2ccc(OCc3ccccc3F)cc2)N1,4.6,5.57381010055542
CNCc1ccc(Cl)cc1Oc1ccc(Cl)c(F)c1,5.91,5.968803405761719
CNCc1cc(F)ccc1Oc1ccc(Cl)c(Cl)c1,5.25,5.906351566314697
CNCc1ccc(Cl)cc1Oc1ccc(F)c(Cl)c1,5.68,5.968803405761719
CNCc1ccc(F)cc1Oc1ccc(Cl)c(Cl)c1,5.52,5.906351566314697
Cc1ccc(CN2C3CCC2CC(Oc2cccc(C(N)=O)c2)C3)s1,8.085,6.813862323760986
FC(F)(F)Oc1ccccc1CC(c1ccccc1)N1CCNCC1,4.96,5.674330234527588
CNCc1cc(Cl)ccc1Oc1ccc(C)c(C)c1,5.28,5.968803405761719
CNCc1ccc(Cl)cc1Oc1ccc(C)c(C)c1,5.76,5.968803405761719
CC(c1ccccc1)N1C2CCC1CC(Oc1cccc(C(N)=O)c1)C2,8.22,6.512316703796387
CNCc1ccc(Cl)cc1Oc1ccc(Cl)cc1,6.19,5.968803405761719
CNCc1cc(Cl)ccc1Oc1ccc(Cl)cc1,5.32,5.968803405761719
CNCc1ccc(Cl)cc1Oc1cccc(Cl)c1,5.68,5.968803405761719
CNCc1ccccc1Oc1ccc(Cl)c(Cl)c1,5.41,5.906351566314697
NC(=O)C1CCC(c2cccc(OCc3ccccc3)c2)N1,4.6,5.897647380828857
NC(=O)C1CCC(c2ccc(OCc3ccccc3)cc2)N1,5.1,5.6995978355407715
NC(=O)C1CCC(c2ccc(OCc3cccc(F)c3)cc2)N1,5.5,5.642036437988281
NC(=O)C1CCC(c2ccc(OCc3ccccc3F)cc2)N1,5.1,5.642036437988281
NC(=O)C1CCC(c2ccc(OCc3ccc(F)cc3)cc2)N1,5.1,5.642036437988281
CC(Oc1ccc(C2CCC(C(N)=O)N2)cc1)c1ccccc1,5.4,5.836831569671631
CNCc1ccc(Cl)cc1Oc1ccc(C)cc1,5.79,5.968803405761719
NC(=O)c1ccc(OC2CC3CCC(C2)N3Cc2ccccc2)c(F)c1,5.85,7.3030853271484375
NC(=O)c1cc(F)cc(OC2CC3CCC(C2)N3Cc2ccccc2)c1,6.17,7.389715671539307
CNCc1cc(C(F)(F)F)ccc1Oc1ccc(C)cc1,4.98,5.906351566314697
Cc1ccccc1CN1C2CCC1CC(Oc1cccc(C(N)=O)c1)C2,9.21,6.813862323760986
Cc1ccc(CN2C3CCC2CC(Oc2cccc(C(N)=O)c2)C3)cc1,9.85,7.326172828674316
Cc1cc(OC2CC3CCC(C2)N3Cc2ccccc2)cc(C(N)=O)c1,6.18,7.321489334106445
Cc1cccc(CN2C3CCC2CC(Oc2cccc(C(N)=O)c2)C3)c1,9.28,7.263927936553955
Cc1c(OC2CC3CCC(C2)N3Cc2ccccc2)cccc1C(N)=O,5.96,6.1883697509765625
Cc1cc(C(N)=O)ccc1OC1CC2CCC(C1)N2Cc1ccccc1,6.0,7.142017841339111
CNCc1cc(F)ccc1Oc1ccc(C)c(C)c1,4.7,5.906351566314697
CC(c1ccncc1)N1C2CCC1CC(Oc1cccc(C(N)=O)c1)C2,8.43,6.174942493438721
CNCc1ccc(Cl)cc1Oc1ccc(F)c(C)c1,5.52,5.968803405761719
O=C1N(CCN2CCC(C(F)(F)F)CC2)CCN1c1cccc(O)c1,4.8,5.647721290588379
CNCc1cc(F)ccc1Oc1ccc(Cl)cc1,5.13,5.906351566314697
NC(=O)c1cncc(OC2CC3CCC(C2)N3Cc2ccccc2)n1,4.82,5.807766914367676
NC(=O)c1cccc(CC2CC3CCC(C2)N3Cc2ccccc2)c1,6.21,7.315452575683594
NC(=O)c1cccc(OC2CC3CCC(C2)N3Cc2cccs2)c1,9.37,6.994269847869873
NC(=O)C1CCC(c2cccc(Oc3ccccc3)c2)N1,4.2,6.103107452392578
NC(=O)C1CCC(c2ccc(Oc3ccccc3)cc2)N1,4.9,5.905057907104492
Cc1ccc(CN2C3CCC2CC(Oc2cccc(C(N)=O)c2)C3)o1,8.55,6.813862323760986
N#Cc1ccccc1Oc1ccc(C2CCC(C(N)=O)N2)cc1,5.4,6.046164035797119
NC(=O)c1cccc(OC2CC3CCC(C2)N3CC2CC2)c1,8.14,6.882088661193848
NC(=O)c1ccccc1OC1CC2CCC(C1)N2Cc1ccccc1,6.47,6.151387691497803
NC(=O)c1cccc(OC2CC3CCC(C2)N3Cc2ccccc2)c1,6.21,7.494924068450928
NC(=O)c1ccc(OC2CC3CCC(C2)N3Cc2ccccc2)cc1,6.17,7.210244178771973
NC(=O)c1cccc(OC2CC3CCC(C2)N3Cc2ccccc2)n1,6.0,5.938223838806152
NC(=O)c1cncc(OC2CC3CCC(C2)N3Cc2ccccc2)c1,5.82,7.107083797454834
NC(=O)c1ccnc(OC2CC3CCC(C2)N3Cc2ccccc2)c1,6.0,6.9528608322143555
NC(=O)c1cccc(OC2CC3CCC(C2)N3Cc2ccccn2)c1,8.72,6.6247053146362305
NC(=O)c1cccc(OC2CC3CCC(C2)N3Cc2cccnc2)c1,8.46,7.049522399902344
NC(=O)c1ccc(OC2CC3CCC(C2)N3Cc2ccccc2)nc1,5.89,6.9276123046875
NC(=O)c1cc(OC2CC3CCC(C2)N3Cc2ccccc2)ccn1,5.8,5.807480335235596
NC(=O)c1cccc(OC2CC3CCC(C2)N3Cc2ccncc2)c1,8.82,7.1370158195495605
CNCc1cc(F)ccc1Oc1ccc(F)c(Cl)c1,5.08,5.906351566314697
CNCc1cc(F)ccc1Oc1ccc(Cl)c(F)c1,5.33,5.906351566314697
CNCc1ccc(C#N)cc1Oc1ccc(Cl)c(Cl)c1,5.88,5.860133647918701
CNCc1cc(C#N)ccc1Oc1ccc(Cl)c(Cl)c1,5.34,5.860133647918701
NC(=O)C1CCC(c2ccc(Oc3ccc(F)cc3)cc2)N1,5.3,5.847496509552002
NC(=O)C1CCC(c2ccc(Oc3cccc(F)c3)cc2)N1,5.1,5.847496509552002
CN1C(C(N)=O)CCC1c1ccc(OCc2ccccc2F)cc1,4.3,5.405838489532471
COc1ccccc1CC(c1ccccc1F)N1CCNCC1,4.4,5.563021659851074
COc1ccccc1CC(c1ccc(F)cc1)N1CCNCC1,4.8,5.680150508880615
COc1cccc(F)c1CC(c1ccccc1)N1CCNCC1,5.07,5.7257914543151855
COc1c(F)cccc1CC(c1ccccc1)N1CCNCC1,4.68,5.7257914543151855
COc1ccccc1CC(c1ccccc1)N1CCNCC1,4.41,5.6205830574035645
NC(=O)c1cccc(OC2CC3CCC(C2)N3C2CCCCC2)c1,7.82,6.417773246765137
CC(C)CN(C(=O)c1cccc(Cl)c1Cl)C1CCNC1,4.7,5.852099895477295
Oc1cccc(OC2CC3CCC(C2)N3Cc2ccccc2)c1,5.8,6.068119525909424
c1ccc(C(Cc2cccc3c2OCC3)N2CCNCC2)cc1,4.67,5.779538631439209
CNC(C)c1ccccc1Oc1ccc(Cl)c(Cl)c1,5.42,5.613043785095215
CNCCCN1c2ccccc2CCc2ccccc21,5.86,6.473196029663086
CNC(=O)c1ccc(-c2ccc3c(c2)CCN(CCN2CCCC2C)C3=O)cc1,4.77,5.5204291343688965
N#Cc1cc(N2CCN(CCN3Cc4ccccc4C3)C2=O)ccc1F,5.0,5.430134296417236
Cc1ccc(NC(=O)N2CCN(CC3CCCN(C4CC4)C3)CC2)cc1Cl,5.15,5.316004276275635
CNC(C)c1ccc(Cl)cc1Oc1ccc(C)c(C)c1,5.61,5.796088695526123
O=C1N(CCN2CC3CCC2C3)CCN1c1cccc(Cl)c1,4.9,6.49812126159668
Cc1ccc(C(C)N2C3CCC2CC(Oc2cccc(C(N)=O)c2)C3)s1,8.675,8.041032791137695
COCC1CCCN1N1CCN(c2cccc(Cl)c2)C1=O,5.3,5.667269706726074
O=C(Nc1ccc(Cl)c(Cl)c1)N1CCN(CC2CCCNC2)CC1,5.8,5.521930694580078
Cc1ccc(N2CCN(CCN3Cc4ccccc4C3)C2=O)s1,4.5,5.531042098999023
Fc1ccccc1C(Cc1ccccc1OC(F)F)N1CCNCC1,5.19,5.4176154136657715
Fc1cccc(OC(F)F)c1CC(c1ccccc1)N1CCNCC1,4.98,5.4751458168029785
Fc1ccc(C(Cc2ccccc2OC(F)F)N2CCNCC2)cc1,5.04,5.4176154136657715
Fc1cccc(C(Cc2ccccc2OC(F)F)N2CCNCC2)c1,5.08,5.4176154136657715
NC(=O)c1cccc(OC2CC3CCC(C2)N3Cc2ccc3c(c2)OCO3)c1,9.21,7.679717063903809
Cc1ccccc1C(C)N1C2CCC1CC(Oc1cccc(C(N)=O)c1)C2,8.31,8.041032791137695
N#Cc1cccc(N2CCN(CCN3Cc4ccccc4C3)C2=O)c1,5.5,5.577809810638428
CNCc1cc(F)c(OC)cc1Oc1ccc(Cl)c(Cl)c1,5.67,5.613043785095215
CN1CCCC(CN2CCN(C(=O)Nc3ccc(Cl)c(Cl)c3)CC2)C1,5.8,5.474666118621826
NC(=O)c1cccc(OC2CC3CCC(C2)N3C2CCCc3ccccc32)c1,9.02,8.087800025939941
NC(=O)c1cccc(OC2CC3CCC(C2)N3CCc2ccccc2)c1,9.42,9.121636390686035
Cc1ccc(N2CCN(CCN3Cc4ccccc4C3)C2=O)cn1,4.5,5.531042098999023
CNCc1ccc(C(F)(F)F)cc1Oc1ccc(Cl)cc1,5.29,5.768494129180908
CC(C)(c1ccccc1)N1C2CCC1CC(Oc1cccc(C(N)=O)c1)C2,8.33,8.340298652648926
Cc1cc2c(s1)=Nc1ccccc1NC=2N1CCN(C)CC1,6.64,5.370847702026367
CNC(C)c1ccc(Cl)cc1Oc1ccc(C)cc1,5.43,5.796088695526123
CNC(=O)c1ccc(-c2ccc3c(c2)CCN(CCN2CCCC2)C3=O)cc1,4.54,5.243694305419922
CC(C)(C)CCN1CCC(CNC(=O)c2cccc(Cl)c2)CC1,5.32,6.008963108062744
CCc1cc(Oc2ccc(F)cc2CNC)ccc1Cl,5.34,5.613043785095215
NC(=O)C1CSCC(c2ccc(OCc3cccc(F)c3)cc2)N1,4.6,5.341360569000244
CNCc1ccc(Cl)cc1Oc1ccc(Cl)c(C)c1,5.75,5.904567718505859
CNCc1ccc(Cl)cc1Oc1ccc(C)c(Cl)c1,5.97,5.904567718505859
O=C(Nc1cccc(Cl)c1)N1CCN(CC2CCCN(C3CC3)C2)CC1,4.55,5.368893623352051
O=C(Nc1ccc(Cl)cc1)N1CCN(CC2CCCN(C3CC3)C2)CC1,4.85,5.254007816314697
N#Cc1cc(C2CCC(C(N)=O)N2)ccc1OCc1ccccc1F,4.8,5.368178367614746
FC(F)Oc1ccccc1CC(c1ccccc1)N1CCNCC1,4.9,5.4751458168029785
CC(C)Oc1ccccc1CC(c1ccccc1)N1CCNCC1,5.2,5.428378105163574
Cc1ccc(C(C)N2C3CCC2CC(Oc2cccc(C(N)=O)c2)C3)cn1,8.52,8.041032791137695
NC(=O)c1cccc(OC2CC3CCC(C2)N3C2(c3ccccc3)CC2)c1,8.32,7.842777252197266
NC(=O)c1cccc(NC2CC3CCC(C2)N3Cc2ccccc2)c1,5.96,5.788030624389648
CNCc1ccc(OC)cc1Oc1ccc(Cl)c(Cl)c1,6.16,5.721522808074951
c1ccc(C(Cc2ccccc2OC2CC2)N2CCNCC2)cc1,5.19,5.4751458168029785
NC(=O)c1cccc(SC2CC3CCC(C2)N3Cc2ccccc2)c1,5.96,5.663422107696533
Brc1cncc(COCC2(c3ccccc3)CCNCC2)c1,4.82,4.977126598358154
CNCc1cc(C(N)=O)ccc1Oc1ccc(Cl)c(Cl)c1,5.26,5.581747055053711
NC(=O)C1CCC(c2ccc(OCc3ccccc3F)cc2F)N1,4.9,5.341360569000244
N#Cc1cccc(COc2ccc(C3CCC(C(N)=O)N3)cc2)c1,4.9,5.341360569000244
N#Cc1ccccc1COc1ccc(C2CCC(C(N)=O)N2)cc1,4.8,5.368178367614746
N#Cc1ccc(COc2ccc(C3CCC(C(N)=O)N3)cc2)cc1,5.1,5.412021160125732
NC(=O)C1CCC(c2ccc(OCc3ccccc3F)cn2)N1,4.8,5.341360569000244
CCOc1ccccc1CC(c1ccccc1)N1CCNCC1,5.16,5.428378105163574
CCC(CC)CN=c1c(C(N)=O)c[nH]c2ccc(C#N)cc12,5.64,5.9872660636901855
CNC(C)c1cc(F)ccc1Oc1ccc(Cl)cc1,5.28,5.660015106201172
NC(=O)C1CCCC(c2ccc(OCc3cccc(F)c3)cc2)N1,5.0,5.341360569000244
NC(=O)c1cccc(OC2CC3CCC(C2)N3CC2CCCCC2)c1,7.199999999999999,8.087800025939941
CNC(=O)C1CCC(c2ccc(OCc3ccccc3F)cc2)N1,4.6,5.394052028656006
CNCc1ccc(Cl)cc1Oc1ccc(Cl)c(F)c1,5.91,5.904567718505859
CNCc1cc(F)ccc1Oc1ccc(Cl)c(Cl)c1,5.25,5.613043785095215
CNCc1ccc(Cl)cc1Oc1ccc(F)c(Cl)c1,5.68,5.904567718505859
CNCc1ccc(F)cc1Oc1ccc(Cl)c(Cl)c1,5.52,5.721522808074951
Cc1ccc(CN2C3CCC2CC(Oc2cccc(C(N)=O)c2)C3)s1,8.085,8.041032791137695
FC(F)(F)Oc1ccccc1CC(c1ccccc1)N1CCNCC1,4.96,5.4751458168029785
CNCc1cc(Cl)ccc1Oc1ccc(C)c(C)c1,5.28,5.796088695526123
CNCc1ccc(Cl)cc1Oc1ccc(C)c(C)c1,5.76,5.904567718505859
CC(c1ccccc1)N1C2CCC1CC(Oc1cccc(C(N)=O)c1)C2,8.22,8.340298652648926
CNCc1ccc(Cl)cc1Oc1ccc(Cl)cc1,6.19,5.904567718505859
CNCc1cc(Cl)ccc1Oc1ccc(Cl)cc1,5.32,5.796088695526123
CNCc1ccc(Cl)cc1Oc1cccc(Cl)c1,5.68,6.028812408447266
CNCc1ccccc1Oc1ccc(Cl)c(Cl)c1,5.41,5.613043785095215
NC(=O)C1CCC(c2cccc(OCc3ccccc3)c2)N1,4.6,5.515785217285156
NC(=O)C1CCC(c2ccc(OCc3ccccc3)cc2)N1,5.1,5.398890972137451
NC(=O)C1CCC(c2ccc(OCc3cccc(F)c3)cc2)N1,5.5,5.341360569000244
NC(=O)C1CCC(c2ccc(OCc3ccccc3F)cc2)N1,5.1,5.341360569000244
NC(=O)C1CCC(c2ccc(OCc3ccc(F)cc3)cc2)N1,5.1,5.341360569000244
CC(Oc1ccc(C2CCC(C(N)=O)N2)cc1)c1ccccc1,5.4,5.467319011688232
CNCc1ccc(Cl)cc1Oc1ccc(C)cc1,5.79,5.904567718505859
NC(=O)c1ccc(OC2CC3CCC(C2)N3Cc2ccccc2)c(F)c1,5.85,7.7563934326171875
NC(=O)c1cc(F)cc(OC2CC3CCC(C2)N3Cc2ccccc2)c1,6.17,8.47249698638916
CNCc1cc(C(F)(F)F)ccc1Oc1ccc(C)cc1,4.98,5.599423885345459
Cc1ccccc1CN1C2CCC1CC(Oc1cccc(C(N)=O)c1)C2,9.21,8.041032791137695
Cc1ccc(CN2C3CCC2CC(Oc2cccc(C(N)=O)c2)C3)cc1,9.85,8.12646484375
Cc1cc(OC2CC3CCC(C2)N3Cc2ccccc2)cc(C(N)=O)c1,6.18,8.425729751586914
Cc1cccc(CN2C3CCC2CC(Oc2cccc(C(N)=O)c2)C3)c1,9.28,8.12646484375
Cc1c(OC2CC3CCC(C2)N3Cc2ccccc2)cccc1C(N)=O,5.96,7.19988489151001
Cc1cc(C(N)=O)ccc1OC1CC2CCC(C1)N2Cc1ccccc1,6.0,7.592731475830078
CNCc1cc(F)ccc1Oc1ccc(C)c(C)c1,4.7,5.599423885345459
CC(c1ccncc1)N1C2CCC1CC(Oc1cccc(C(N)=O)c1)C2,8.43,7.664949417114258
CNCc1ccc(Cl)cc1Oc1ccc(F)c(C)c1,5.52,5.904567718505859
O=C1N(CCN2CCC(C(F)(F)F)CC2)CCN1c1cccc(O)c1,4.8,5.536843299865723
CNCc1cc(F)ccc1Oc1ccc(Cl)cc1,5.13,5.660015106201172
NC(=O)c1cncc(OC2CC3CCC(C2)N3Cc2ccccc2)n1,4.82,7.246652603149414
NC(=O)c1cccc(CC2CC3CCC(C2)N3Cc2ccccc2)c1,6.21,5.663422107696533
NC(=O)c1cccc(OC2CC3CCC(C2)N3Cc2cccs2)c1,9.37,8.112025260925293
NC(=O)C1CCC(c2cccc(Oc3ccccc3)c2)N1,4.2,5.630980968475342
NC(=O)C1CCC(c2ccc(Oc3ccccc3)cc2)N1,4.9,5.514086723327637
Cc1ccc(CN2C3CCC2CC(Oc2cccc(C(N)=O)c2)C3)o1,8.55,7.811335563659668
N#Cc1ccccc1Oc1ccc(C2CCC(C(N)=O)N2)cc1,5.4,5.483374118804932
NC(=O)c1cccc(OC2CC3CCC(C2)N3CC2CC2)c1,8.14,8.087800025939941
NC(=O)c1ccccc1OC1CC2CCC(C1)N2Cc1ccccc1,6.47,7.246652603149414
NC(=O)c1cccc(OC2CC3CCC(C2)N3Cc2ccccc2)c1,6.21,8.47249698638916
NC(=O)c1ccc(OC2CC3CCC(C2)N3Cc2ccccc2)cc1,6.17,7.639499187469482
NC(=O)c1cccc(OC2CC3CCC(C2)N3Cc2ccccc2)n1,6.0,7.246652603149414
NC(=O)c1cncc(OC2CC3CCC(C2)N3Cc2ccccc2)c1,5.82,8.47249698638916
NC(=O)c1ccnc(OC2CC3CCC(C2)N3Cc2ccccc2)c1,6.0,7.459835529327393
NC(=O)c1cccc(OC2CC3CCC(C2)N3Cc2ccccn2)c1,8.72,7.813732624053955
NC(=O)c1cccc(OC2CC3CCC(C2)N3Cc2cccnc2)c1,8.46,7.813732624053955
NC(=O)c1ccc(OC2CC3CCC(C2)N3Cc2ccccc2)nc1,5.89,7.639499187469482
NC(=O)c1cc(OC2CC3CCC(C2)N3Cc2ccccc2)ccn1,5.8,7.066988945007324
NC(=O)c1cccc(OC2CC3CCC(C2)N3Cc2ccncc2)c1,8.82,7.813732624053955
CNCc1cc(F)ccc1Oc1ccc(F)c(Cl)c1,5.08,5.613043785095215
CNCc1cc(F)ccc1Oc1ccc(Cl)c(F)c1,5.33,5.613043785095215
CNCc1ccc(C#N)cc1Oc1ccc(Cl)c(Cl)c1,5.88,5.780462265014648
CNCc1cc(C#N)ccc1Oc1ccc(Cl)c(Cl)c1,5.34,5.671983242034912
NC(=O)C1CCC(c2ccc(Oc3ccc(F)cc3)cc2)N1,5.3,5.45655632019043
NC(=O)C1CCC(c2ccc(Oc3cccc(F)c3)cc2)N1,5.1,5.45655632019043
CN1C(C(N)=O)CCC1c1ccc(OCc2ccccc2F)cc1,4.3,5.319258213043213
COc1ccccc1CC(c1ccccc1F)N1CCNCC1,4.4,5.370847702026367
COc1ccccc1CC(c1ccc(F)cc1)N1CCNCC1,4.8,5.370847702026367
COc1cccc(F)c1CC(c1ccccc1)N1CCNCC1,5.07,5.428378105163574
COc1c(F)cccc1CC(c1ccccc1)N1CCNCC1,4.68,5.428378105163574
COc1ccccc1CC(c1ccccc1)N1CCNCC1,4.41,5.428378105163574
NC(=O)c1cccc(OC2CC3CCC(C2)N3C2CCCCC2)c1,7.82,8.087800025939941
CC(C)CN(C(=O)c1cccc(Cl)c1Cl)C1CCNC1,4.7,5.8748555183410645
Oc1cccc(OC2CC3CCC(C2)N3Cc2ccccc2)c1,5.8,7.205686092376709
c1ccc(C(Cc2cccc3c2OCC3)N2CCNCC2)cc1,4.67,5.4751458168029785
