Standardized_SMILES,True Values,Predictions
Brc1cncc(COCC2(c3ccccc3)CCNCC2)c1,4.82,5.01235
C1=NC(c2c[nH]c(-c3cc4c([nH]c5ccccc54)c(C4CCCCC4)n3)n2)CCC1,6.7,6.490500000000003
C1=NC(c2c[nH]c(-c3cc4c([nH]c5ccccc54)c(C4CCCCC4)n3)n2)CNC1,6.47,6.609199999999999
C1=NC(c2c[nH]c(-c3cc4c([nH]c5ccccc54)c(C4CCOCC4)n3)n2)CCC1,5.39,6.109350000000001
C1=NCCC(c2c[nH]c(-c3cc4c([nH]c5ccccc54)c(C4CCCCC4)n3)n2)C1,7.05,6.122800000000001
C1=NCCC(c2c[nH]c(-c3cc4c([nH]c5ccccc54)c(C4CCOCC4)n3)n2)C1,5.12,6.127199999999999
CC#CCn1c(N2CCCC(N)C2)c(C#N)c2c1c(=O)n(CC(=O)c1cccc(OC)c1)c(=O)n2C,5.89,6.3657499999999985
CC#CCn1c(N2CCCC(N)C2)c(C#N)c2c1c(=O)n(Cc1nc(C)c3ccccc3n1)c(=O)n2C,4.66,4.917550000000006
CC#CCn1c(N2CCCC(N)C2)c(C#N)c2c1c(=O)n(Cc1nccc3ccccc13)c(=O)n2C,4.55,5.210950000000006
CC#CCn1c(N2CCCNCC2)c(C#N)c2c1c(=O)n(Cc1c(C#N)cnc3ccccc13)c(=O)n2C,5.36,5.8563
CC#CCn1c(N2CCCNCC2)c(C#N)c2c1c(=O)n(Cc1nc(C)c3ccccc3n1)c(=O)n2C,4.92,5.276050000000007
CC#CCn1c(N2CCCNCC2)c(C#N)c2c1c(=O)n(Cc1ncc3ccccc3c1C#N)c(=O)n2C,4.92,5.341100000000009
CC#CCn1c(N2CCCNCC2)c(C#N)c2c1c(=O)n(Cc1nccc3ccccc13)c(=O)n2C,5.47,5.017350000000007
CC(=O)N1CCN(c2ccc(OCC3COC(Cn4ccnc4)(c4ccc(Cl)cc4Cl)O3)cc2)CC1,5.72,5.179900000000001
CC(=O)N1CCOc2cc3c(cc21)CCN(CCCSc1nnc(-c2cccc4nc(C)ccc24)n1C)CC3,5.0,5.838699999999999
CC(=O)NCCN(CCc1ccc(Cl)cc1)C1CCN(c2nc(=N)[nH][nH]2)CC1,5.48,5.449300000000001
CC(=O)Nc1ccc(CC(=O)N(C)C2CCN(Cc3ccc(C(F)(F)F)cc3)CC2)cc1,5.35,5.650699999999998
CC(=O)Nc1ccc(CN2CCC(NC(=O)c3cc(=O)c4ccc(F)cc4o3)CC2)cc1,7.32,7.955200000000002
CC(=O)Nc1cccc(N2CCN(CCCCNS(=O)(=O)CC3CCCCC3)CC2)c1,5.42,6.2373999999999965
CC(=O)Nc1cccc(N2CCN(CCCCNS(=O)(=O)c3ccc(C)cc3)CC2)c1,6.52,5.451150000000001
CC(=O)c1c(-c2cc(C)c(O)cn2)oc2ccc(O)c(CN3CCC3)c12,4.91,4.9611
CC(=O)c1c(-c2ccc(O)cc2)oc2ccc(O)c(CN3CCC4(COC4)C3)c12,5.58,4.947000000000005
CC(=O)c1c(-c2ccc(O)cn2)oc2ccc(O)c(CN3CCCC3)c12,4.69,5.068000000000001
CC(=O)c1ccc(CN2CCC(NC(=O)c3cc(=O)c4ccc(F)cc4o3)CC2)cc1,7.69,7.956100000000003
CC(=O)n1ccc2cc(N3CCN(CCN4Cc5ccccc5C4)C3=O)ccc21,5.0,5.198149999999999
CC(C(=O)N1CCC(Oc2ccc(-c3cn(C)cn3)cc2C(N)=O)CC1)c1ccc(OC(F)(F)F)cc1,5.285,5.277700000000003
CC(C)(C)C(=O)CN1CCC(CNC(=O)c2cc(Cl)cc(Cl)c2)CC1,5.69,5.664099999999998
CC(C)(C)C(F)CN1CCC(CNC(=O)c2cc(Cl)cc(Cl)c2)CC1,5.33,5.663150000000002
CC(C)(C)C(O)CN1CCC(CNC(=O)c2cc(Cl)cc(Cl)c2)CC1,5.32,5.40415
CC(C)(C)CCN1CCC(CNC(=O)C2(c3ccc(F)cc3)CCCCC2)CC1,5.43,5.604500000000001
CC(C)(C)CCN1CCC(CNC(=O)Cc2ccc(C(C)(C)C)cc2)CC1,5.99,5.591300000000001
CC(C)(C)CCN1CCC(CNC(=O)Nc2cccc(Cl)c2)(c2ccccc2)CC1,7.06,5.287150000000001
CC(C)(C)CCN1CCC(CNC(=O)c2cc(C(F)(F)F)cc(C(F)(F)F)c2)CC1,5.75,5.61665
CC(C)(C)CCN1CCC(CNC(=O)c2cc(Cl)cc(Cl)c2)C(F)C1,5.455,5.535499999999998
CC(C)(C)CCN1CCC(CNC(=O)c2cc(Cl)cc(Cl)c2)CC1,5.71,5.680099999999998
CC(C)(C)CCN1CCC(CNC(=O)c2ccc(Cl)c(Cl)c2)CC1,5.98,5.775399999999998
CC(C)(C)CCN1CCC(CNC(=O)c2cccc(Cl)c2)CC1,5.32,5.682649999999999
CC(C)(C)OC(=O)NCCCN(Cc1cncn1Cc1ccc(C#N)cc1)C1CCN(Cc2ccccc2)C1=O,6.96,5.76815
CC(C)(C)OCCN1CCC(CNC(=O)c2cc(Cl)cc(Cl)c2)CC1,5.9,5.651599999999999
CC(C)(C)c1c[nH]c(C2Cc3c([nH]c4ccccc34)C(C3CCOCC3)N2)n1,5.53,6.4760499999999945
CC(C)(C)c1ccc(C(O)CCCN2CCC(C(O)(c3ccccc3)c3ccccc3)CC2)cc1,6.67,5.985100000000001
CC(C)(C)c1ccc(N2CCN(CCN3Cc4ccccc4C3)C2=O)cc1,6.0,5.382300000000002
CC(C)(CO)Oc1ccc(C(N)=O)c(OC2CCN(C(=O)Cc3ccc(OC(F)(F)F)cc3)CC2F)c1,4.46,4.793300000000003
CC(C)(NC(=O)c1ccc(Cl)cc1)C1C2CC(n3cnc4cc(F)c(F)cc43)CC21,5.8,5.763599999999994
CC(C)(O)CCOc1ccc2ncc(F)c(CCC34CCC(NCc5ccc6c(n5)NC(=O)CO6)(CC3)CO4)c2n1,5.16,5.506499999999999
CC(C)(O)CN(CCc1ccc(Cl)cc1)C1CCN(c2nc(=N)[nH][nH]2)CC1,4.72,5.293199999999997
CC(C)(O)COc1ccc(C(N)=O)c(OC2CCN(C(=O)Cc3ccc(OC(F)(F)F)cc3)CC2F)c1,4.42,4.774849999999997
CC(C)(c1ccccc1)N1C2CCC1CC(Oc1cccc(C(N)=O)c1)C2,8.33,8.321300000000011
CC(C)=CCn1c(N2CCCC(N)C2)c(C#N)c2c1c(=O)n(Cc1cnc3ccccc3n1)c(=O)n2C,5.3,5.132999999999999
CC(C)=CCn1c(N2CCCC(N)C2)c(C#N)c2c1c(=O)n(Cc1nc(C)c3ccccc3n1)c(=O)n2C,5.17,5.158000000000005
CC(C)=CCn1c(N2CCCC(N)C2)c(C#N)c2c1c(=O)n(Cc1nccc3ccccc13)c(=O)n2C,5.05,5.090400000000002
CC(C)=CCn1c(N2CCCC(N)C2)c(C#N)c2c1c(=O)n(Cc1ncccc1C#N)c(=O)n2C,4.77,5.2201500000000065
CC(C)=CCn1c(N2CCCC(N)C2)c(C#N)c2ncn(Cc3ccnc4ccccc34)c(=O)c21,5.38,5.328800000000001
CC(C)=CCn1c(N2CCCNCC2)c(C#N)c2c1c(=O)n(Cc1c(C#N)cnc3ccccc13)c(=O)n2C,6.05,5.641600000000002
CC(C)=CCn1c(N2CCCNCC2)c(C#N)c2c1c(=O)n(Cc1cn3ccccc3n1)c(=O)n2C,5.75,5.456400000000002
CC(C)=CCn1c(N2CCCNCC2)c(C#N)c2c1c(=O)n(Cc1nc(C)c3ccccc3n1)c(=O)n2C,5.7,5.666600000000003
CC(C)=CCn1c(N2CCCNCC2)c(C#N)c2c1c(=O)n(Cc1ncc3ccccc3c1C#N)c(=O)n2C,5.75,5.459700000000003
CC(C)=CCn1c(N2CCCNCC2)c(C#N)c2c1c(=O)n(Cc1nccc3ccccc13)c(=O)n2C,5.72,5.656500000000001
CC(C)=Cc1cc(C(F)(F)F)cc(COCC2(c3ccc(F)cc3)CCN(C)CC2)n1,4.75,5.061800000000002
CC(C)CCOc1ccc2ncc(F)c(CCC34CCC(NCc5ccc6c(n5)NC(=O)CO6)(CC3)CO4)c2n1,5.46,5.149000000000002
CC(C)CN(C(=O)c1cccc(Cl)c1Cl)C1CCNC1,4.7,5.329399999999998
CC(C)CN(CC(C)C)c1cc(C(F)(F)F)cc(COCC2(c3ccc(F)cc3)CCN(C)CC2)n1,5.02,4.9208000000000025
CC(C)CN(CCc1ccc(Cl)cc1)C1CCN(c2nc(=N)[nH][nH]2)CC1,5.1,5.132099999999998
CC(C)Cc1cc(C(F)(F)F)cc(COCC2(c3ccc(F)cc3)CCN(C)CC2)n1,4.92,5.009799999999999
CC(C)N1CCCC(CN2CCN(C(=O)Nc3ccc(Cl)c(Cl)c3)CC2)C1,5.89,5.55685
CC(C)N1CCN(CCN2CCN(c3ccc(F)c(C#N)c3)C2=O)CC1,4.8,5.062199999999997
CC(C)N1CCN(CCN2CCN(c3cccc(C#N)c3)C2=O)CC1,4.9,5.1430500000000015
CC(C)N1CCN(CCN2CCN(c3cccc(Cl)c3)C2=O)CC1,5.2,5.516399999999997
CC(C)N1CCN(CCN2CCN(c3cccc(Cl)c3F)C2=O)CC1,4.7,5.0190999999999955
CC(C)N1CCN(CCN2CCN(c3cccc(OC(F)(F)F)c3)C2=O)CC1,5.8,5.106499999999995
CC(C)N1CCNC(C(=O)N2CCN(C(=O)Nc3ccc(Cl)c(Cl)c3)CC2)C1,4.77,5.024349999999998
CC(C)N1CCNC(CN2CCN(C(=O)Nc3ccc(Cl)c(Cl)c3)CC2)C1,5.25,5.042549999999999
CC(C)N1CCOC(CN2CCN(C(=O)Nc3ccc(Cl)c(Cl)c3)CC2)C1,5.2,5.116700000000003
CC(C)NC(=O)c1ccc(-c2ccc3c(c2)CCN(CCN2CCCC2)C3=O)cc1,5.21,4.9231
CC(C)OCC(Oc1ncnc2c1cnn2-c1ccccc1Cl)C(=O)N=c1ccc(Cl)c[nH]1,4.8,4.735950000000002
CC(C)OCC(Oc1ncnc2c1cnn2-c1ncccc1Cl)C(=O)N=c1ccc(C#N)c[nH]1,4.3,4.345049999999996
CC(C)OCC(Oc1ncnc2c1cnn2-c1ncccc1Cl)C(=O)N=c1ccc(Cl)c[nH]1,4.2,4.475200000000006
CC(C)OCC(Oc1ncnc2c1cnn2-c1ncccc1Cl)C(=O)N=c1ccc(F)c[nH]1,4.1,4.420199999999999
CC(C)Oc1ccc(-c2cc3c(=NC4CCC(C)(N)C4(C)C)c(C(N)=O)c[nH]n3c2)cn1,5.28,5.028749999999997
CC(C)Oc1cccc(N2CCN(CCN3Cc4ccccc4C3)C2=O)c1,5.4,5.406099999999999
CC(C)Oc1ccccc1CC(c1ccccc1)N1CCNCC1,5.2,5.088500000000002
CC(C)c1cc(C(F)(F)F)cc(COCC2(c3ccc(F)cc3)CCN(C)CC2)n1,4.58,5.006599999999999
CC(C)c1cccc(N2CCN(CCN3Cc4ccccc4C3)C2=O)c1,5.3,5.321999999999998
CC(C)c1ncc(C2(O)CCC(N3CC(NC(=O)CN=c4[nH]cnc5ccc(C(F)(F)F)cc45)C3)CC2)s1,4.43,4.632500000000002
CC(C)n1nc(C2(c3cnn(C)c3)NC(c3nc(-c4ccc(F)cn4)c[nH]3)Cc3c2[nH]c2ccccc32)oc1=O,4.55,5.285749999999999
CC(CC(C)(C)C)N1CCC(CNC(=O)c2cc(Cl)cc(Cl)c2)CC1,5.66,5.667549999999997
CC(CN1CCN(CCc2ccc([N+](=O)[O-])cc2)CC1)c1ccc([N+](=O)[O-])cc1,8.51,8.071899999999992
CC(CO)OCC(Oc1ncnc2c1cnn2-c1ncccc1Cl)C(=O)N=c1ccc(C#N)c[nH]1,4.2,4.424050000000006
CC(Cc1ccc([N+](=O)[O-])cc1)N1CCN(CCc2ccc([N+](=O)[O-])cc2)CC1,8.41,8.141699999999995
CC(N=c1c(C(N)=O)c[nH]c2ccc(-c3cccnc3)cc12)C1CCOCC1,5.405,5.649449999999999
CC(N=c1c(C(N)=O)c[nH]c2ccc(-c3cccnc3)cc12)c1ccn(C)n1,5.255,5.221700000000002
CC(NC(=O)c1ccc(C#N)cc1)C1C2CC(n3cnc4cc(F)c(F)cc43)CC21,5.89,5.904949999999993
CC(NC(=O)c1ccc(Cl)cc1)C1C2CC(n3cnc4cc(F)c(F)cc43)CC21,6.28,5.602699999999999
CC(O)CN(CCc1ccc(Cl)cc1)C1CCN(c2nc(=N)[nH][nH]2)CC1,5.029999999999999,5.024050000000006
CC(Oc1ccc(C2CCC(C(N)=O)N2)cc1)c1ccccc1,5.4,5.067149999999997
CC(c1ccc(Cl)nc1)N1C2CCC1CC(Oc1cccc(C(N)=O)c1)C2,8.48,8.266349999999996
CC(c1cccc(C(F)(F)F)c1)N1CCN(CCN2Cc3ccccc3C2)C1=O,5.9,5.4319000000000015
CC(c1ccccc1)N1C2CCC1CC(Oc1cccc(C(N)=O)c1)C2,8.22,8.2712
CC(c1ccccc1Oc1ccc(Cl)c(Cl)c1)N(C)C,6.05,5.513700000000003
CC(c1ccnc(Cl)c1)N1C2CCC1CC(Oc1cccc(C(N)=O)c1)C2,7.89,8.451100000000002
CC(c1ccncc1)N1C2CCC1CC(Oc1cccc(C(N)=O)c1)C2,8.43,8.275650000000006
CC1(C)C2CCC13CCN(CCN1CCN(c4cccc(Cl)c4)C1=O)C3C2,6.1,5.6857
CC1(C)CC(CN2CCC(F)(CNC(=O)c3cc(Cl)cc(Cl)c3)CC2)CCO1,5.42,5.586350000000002
CC1(C)CC2CC(C)(CN2CCN2CCN(c3cccc(Cl)c3)C2=O)C1,5.9,5.765599999999999
CC1(N)CCC(N=c2c(C(N)=O)c[nH]n3cc(-c4ccc(C#N)cc4)cc23)C1(C)C,4.92,5.165700000000003
CC1(N)CCC(N=c2c(C(N)=O)c[nH]n3cc(-c4ccc(C#N)nc4)cc23)C1(C)C,5.39,5.488199999999999
CC1(N)CCC(N=c2c(C(N)=O)c[nH]n3cc(-c4ccc(F)cc4)cc23)C1(C)C,4.99,5.044900000000002
CC1(N)CCC(N=c2c(C(N)=O)c[nH]n3cc(-c4ccc(F)nc4)cc23)C1(C)C,4.46,5.0452499999999985
CC1(N)CCC(N=c2c(C(N)=O)c[nH]n3cc(-c4cccc(Cl)c4)cc23)C1(C)C,5.22,5.332400000000002
CC1(N)CCC(N=c2c(C(N)=O)c[nH]n3cc(-c4cccc(F)c4)cc23)C1(C)C,5.12,5.124400000000005
CC1(N)CCC(N=c2c(C(N)=O)c[nH]n3cc(-c4ccccc4)cc23)C1(C)C,5.42,5.120300000000002
CC1(N)CCC(N=c2c(C(N)=O)c[nH]n3cc(-c4ccccc4F)cc23)C1(C)C,5.02,5.030400000000002
CC1(N)CCC(N=c2c(C(N)=O)c[nH]n3cc(-c4ccnc(F)c4)cc23)C1(C)C,4.39,5.0164500000000025
CC1(N)CCC(N=c2c(C(N)=O)c[nH]n3cc(-c4cncc(F)c4)cc23)C1(C)C,5.3,5.0712
CC1(N)CCC(N=c2c(C(N)=O)c[nH]n3cc(-c4cncnc4)cc23)C1(C)C,5.07,5.065800000000002
CC1(c2nc(-c3ccccc3)c[nH]2)Cc2c([nH]c3ccccc23)C(C2CCOCC2)N1,5.725,6.4544
CC12CC(c3ccccc3)CC(C1)N(CCN1CCN(c3cccc(Cl)c3)C1=O)C2,7.2,6.354400000000001
CC12CCC(CN(CCN3CCN(c4cccc(Cl)c4)C3=O)C1)C2(C)C,5.9,5.8271999999999995
CC1CC1c1cc(C(F)(F)F)cc(COCC2(c3ccc(F)cc3)CCN(C)CC2)n1,4.47,5.027500000000001
CC1CCCCN1CCN1CCN(c2cccc(Cl)c2)C1=O,5.7,5.874900000000001
CC1CCCN(CCN2CCN(c3cccc(Cl)c3)C2=O)C1,5.5,5.872499999999998
CC1CCCN1C(=O)c1ccc(-c2ccc3c(c2)CCN(CCN2CCCC2)C3=O)cc1,4.95,5.097499999999994
CC1CCCN1CCN1CCc2cc(-c3ccc(C#N)cc3)ccc2C1=O,6.85,5.785449999999994
CC1CCCN1CCN1CCc2cc(-c3ccc(C(=O)N4CCCC4)cc3)ccc2C1=O,5.02,5.147899999999996
CC1CCCN1CCN1CCc2cc(-c3ccc(F)cc3)ccc2C1=O,6.52,5.7623000000000015
CC1CCN(CCN2CCN(c3cccc(Cl)c3)C2=O)CC1,5.8,5.684499999999996
CC1CN(CCc2ccc([N+](=O)[O-])cc2)CCN1CCc1ccc([N+](=O)[O-])cc1,9.12,8.10979999999999
CC1c2ccc(C#N)c(c2)Oc2cccc(c2)CN2CCC(NCc3cncn31)C2=O,4.890000000000001,5.513199999999994
CC=Cc1cc(C(F)(F)F)cc(COCC2(c3ccc(F)cc3)CCN(C)CC2)n1,4.89,5.0039
CCC(C)C(C)CN1CCC(CNC(=O)c2cc(Cl)cc(Cl)c2)CC1,6.05,5.5325
CCC(CC)CN=c1c(C(N)=O)c(C)[nH]c2ccc(-c3cccnc3)cc12,6.17,5.93675
CCC(CC)CN=c1c(C(N)=O)c[nH]c2c(C)cc(-c3cccnc3)cc12,6.44,5.811700000000001
CCC(CC)CN=c1c(C(N)=O)c[nH]c2ccc(-c3ccc(C)nc3)cc12,5.48,5.7173000000000025
CCC(CC)CN=c1c(C(N)=O)c[nH]c2ccc(-c3ccc(CO)nc3)cc12,5.51,5.463100000000004
CCC(CC)CN=c1c(C(N)=O)c[nH]c2ccc(-c3ccc(COC)cc3)cc12,4.75,5.666900000000004
CCC(CC)CN=c1c(C(N)=O)c[nH]c2ccc(-c3ccc(COC)nc3)cc12,5.6,5.179500000000002
CCC(CC)CN=c1c(C(N)=O)c[nH]c2ccc(-c3ccc(CS(C)(=O)=O)cc3)cc12,5.68,5.590199999999999
CCC(CC)CN=c1c(C(N)=O)c[nH]c2ccc(-c3ccc(CS(C)(=O)=O)nc3)cc12,5.72,5.597000000000001
CCC(CC)CN=c1c(C(N)=O)c[nH]c2ccc(-c3cccnc3)cc12,6.17,5.993099999999999
CCC(CC)CN=c1c(C(N)=O)c[nH]c2ccc(-c3cccnn3)cc12,5.64,5.7973
CCC(CC)CN=c1c(C(N)=O)c[nH]c2ccc(-c3ccncc3)cc12,6.21,5.767599999999999
CCC(CC)CN=c1c(C(N)=O)c[nH]c2ccc(-c3ccnnc3)cc12,5.8,5.7788
CCC(CC)CN=c1c(C(N)=O)c[nH]c2ccc(-c3cncnc3)cc12,6.12,5.882799999999998
CCC(CC)CN=c1c(C(N)=O)c[nH]c2ccc(-c3cnn(C)c3)cc12,5.92,5.539200000000001
CCC(CC)CN=c1c(C(N)=O)c[nH]c2ccc(C#N)cc12,5.64,5.634599999999999
CCC(CC)COc1c(C(N)=O)cnc2ccc(-c3cccnc3)cc12,5.68,5.813700000000001
CCC(CC)N=c1cc(C(F)(F)F)cc(COCC2(c3ccc(F)cc3)CCN(C)CC2)[nH]1,5.15,4.600300000000004
CCC(NC(=O)C12CC(F)(C1)C2)C1C2CC(n3cnc4cc(F)c(F)cc43)CC21,4.32,5.648500000000001
CCC(NC(=O)c1ccc(C#N)cc1)C1C2CC(n3cnc4cc(F)c(F)cc43)CC21,5.96,5.712000000000001
CCC(NC(=O)c1ccc(C#N)cc1)C1C2CC(n3cnc4ccc(C#N)cc43)CC21,5.92,5.680699999999996
CCC(NC(=O)c1ccc(C#N)cc1)C1C2CC(n3cnc4ccc(Cl)cc43)CC21,6.3,5.668499999999994
CCC(NC(=O)c1ccc(Cl)c(F)c1)C1C2CC(n3cnc4cc(F)c(F)cc43)CC21,5.6,5.597399999999997
CCC(NC(=O)c1ccc(Cl)cc1)C1C2CC(n3c(C)nc4ccc(F)cc43)CC21,5.69,5.439699999999998
CCC(NC(=O)c1ccc(Cl)cc1)C1C2CC(n3cnc4c(F)cc(F)cc43)CC21,5.72,5.573199999999995
CCC(NC(=O)c1ccc(Cl)cc1)C1C2CC(n3cnc4c(F)cccc43)CC21,6.0,5.7176000000000045
CCC(NC(=O)c1ccc(Cl)cc1)C1C2CC(n3cnc4cc(C#N)ccc43)CC21,6.82,6.302700000000001
CCC(NC(=O)c1ccc(Cl)cc1)C1C2CC(n3cnc4cc(C#N)cnc43)CC21,6.16,5.608599999999995
CCC(NC(=O)c1ccc(Cl)cc1)C1C2CC(n3cnc4cc(Cl)c(Cl)cc43)CC21,5.02,5.741899999999998
CCC(NC(=O)c1ccc(Cl)cc1)C1C2CC(n3cnc4cc(F)c(F)cc43)CC21,5.46,5.840699999999999
CCC(NC(=O)c1ccc(Cl)cc1)C1C2CC(n3cnc4cc(F)cc(F)c43)CC21,6.24,5.559099999999997
CCC(NC(=O)c1ccc(Cl)cc1)C1C2CC(n3cnc4cc(F)ccc43)CC21,6.75,6.362300000000002
CCC(NC(=O)c1ccc(Cl)cc1)C1C2CC(n3cnc4cc(F)cnc43)CC21,5.68,5.906500000000001
CCC(NC(=O)c1ccc(Cl)cc1)C1C2CC(n3cnc4ccc(C#N)cc43)CC21,5.28,5.8438
CCC(NC(=O)c1ccc(Cl)cc1)C1C2CC(n3cnc4ccc(Cl)cc43)CC21,5.64,5.8340999999999985
CCC(NC(=O)c1ccc(Cl)cc1)C1C2CC(n3cnc4ccc(F)c(F)c43)CC21,5.27,5.785999999999999
CCC(NC(=O)c1ccc(Cl)cc1)C1C2CC(n3cnc4ccc(F)cc43)CC21,5.27,5.642499999999996
CCC(NC(=O)c1ccc(Cl)cc1)C1C2CC(n3cnc4cccc(F)c43)CC21,5.68,5.685499999999998
CCC(NC(=O)c1ccc(Cl)cc1)C1C2CC(n3cnc4ccccc43)CC21,6.11,6.468699999999999
CCC(NC(=O)c1ccc(Cl)cc1)C1C2CC(n3cnc4cccnc43)CC21,4.96,5.8585
CCC(NC(=O)c1ccc(Cl)cc1)C1C2CC(n3cnc4ccncc43)CC21,5.92,5.639199999999999
CCC(NC(=O)c1ccc(Cl)cc1)C1C2CC(n3cnc4cnccc43)CC21,7.23,6.001599999999999
CCC(NC(=O)c1ccc(Cl)cc1)C1C2CC(n3cnc4ncc(C#N)cc43)CC21,5.28,5.919900000000005
CCCCN(Cc1cncn1Cc1ccc(C#N)cc1)C1CCN(Cc2ccccc2)C1=O,6.72,6.456100000000005
CCCOc1cccc(-n2cc3nc(-c4cccnc4C)n(CC4CCCN(CC5CCCO5)C4)c(=O)c3n2)c1,5.14,4.932700000000006
CCCOc1ccccc1CC(c1ccccc1)N1CCNCC1,5.23,5.1320000000000014
CCCc1nc2cc3c(cc2o1)CCN(CCCSc1nnc(-c2cccc4nc(C)ccc24)n1C)CC3,6.2,5.7077
CCCc1nn(C)c2c(=O)[nH]c(-c3cc(S(=O)(=O)N4CCN(C)CC4)ccc3OCC)nc12,5.48,5.540200000000001
CCN(C(=O)Cc1ccc(S(C)(=O)=O)cc1)C1CCN(Cc2ccc(C(F)(F)F)cc2)CC1,5.6,5.513999999999998
CCN(C)c1cc(C(F)(F)F)cc(COCC2(c3ccc(F)cc3)CCN(C)CC2)n1,5.21,4.939600000000002
CCN(CC)CCN1CCN(c2cccc(Cl)c2)C1=O,5.5,5.6607
CCN(CC)c1cc(C(F)(F)F)cc(COCC2(c3ccc(F)cc3)CCN(C)CC2)n1,4.85,5.051199999999995
CCN1CCCC(C(=O)N2CCN(C(=O)Nc3ccc(Cl)c(Cl)c3)CC2)C1,5.3,5.184500000000001
CCN1CCCC(CN2CCN(C(=O)Nc3ccc(Cl)c(Cl)c3)CC2)C1,5.525,5.784899999999996
CCN1CCNC(C(=O)N2CCN(C(=O)Nc3ccc(Cl)c(Cl)c3)CC2)C1,5.0,4.962900000000002
CCN1CCNC(CN2CCN(C(=O)Nc3ccc(Cl)c(Cl)c3)CC2)C1,5.05,5.147800000000002
CCN1CCOC(C(=O)N2CCN(C(=O)Nc3ccc(Cl)c(Cl)c3)CC2)C1,5.3,5.030950000000002
CCN1CCOC(CN2CCN(C(=O)Nc3ccc(Cl)c(Cl)c3)CC2)C1,5.1,5.214500000000003
CCN=c1cc(C(F)(F)F)cc(COCC2(c3ccc(F)cc3)CCN(C)CC2)[nH]1,4.1,5.050399999999997
CCNC(=O)c1c[nH]c(=N)c(OC2CN(C(=O)Cc3ccc(OC(F)(F)F)cc3)CC2(F)F)c1,4.37,4.670500000000001
CCNC(=O)c1ccc(-c2ccc3c(c2)CCN(CCN2CCCC2)C3=O)cc1,4.8,5.1123999999999965
CCNC(=O)c1ccc(-c2ccc3c(c2)CCN(CCN2CCCC2C)C3=O)cc1,5.13,5.076499999999999
CCOC(=O)C(CC12CCC(NCc3ccc4c(n3)NC(=O)CO4)(CC1)CO2)c1c(F)cnc2ccc(OC)nc12,5.08,5.6128
CCOC(=O)C(F)(F)CCOc1ccc2ncc(F)c(CCC34CCC(NCc5ccc6c(n5)NC(=O)CO6)(CC3)CO4)c2n1,4.59,5.529399999999999
CCOC(=O)CCCOc1ccc2ncc(F)c(CCC34CCC(NCc5ccc6c(n5)NC(=O)CO6)(CC3)CO4)c2n1,6.0,5.5204999999999975
CCOC(=O)COc1ccc2ncc(F)c(CCC34CCC(NCc5ccc6c(n5)NC(=O)CO6)(CC3)CO4)c2n1,5.07,5.418599999999997
CCOC(=O)c1c(OC)cnc2c(CCC34CCC(NCc5ccc6c(n5)NC(=O)CO6)(CC3)CO4)ccnc12,8.1,7.667999999999996
CCOC(=O)c1ccc(CCN2CCN(CCc3ccc([N+](=O)[O-])cc3)CC2)cc1,7.72,7.8728999999999925
CCOc1cc(C(O)(CCN(C)C)C(c2cc3cc(Br)ccc3nc2OC)c2cccc(OC)c2F)cc(OCC)n1,5.0,5.059799999999995
CCOc1cc(C(O)(CCN(C)C)C(c2cc3cc(Br)ccc3nc2OC)c2cccc(OC)c2OC)cc(OCC)n1,5.26,5.322500000000003
CCOc1cc(C(O)(CCN(C)C)C(c2cc3cc(Br)ccc3nc2OC)c2cccc3c2OCCO3)cc(OCC)n1,4.88,5.362200000000007
CCOc1cc(C(O)(CCN(C)C)C(c2cc3cc(C#N)ccc3nc2OC)c2cccc3c2OCCO3)cc(OCC)n1,5.35,5.1668
CCOc1cc(C(O)(CCN(C)C)C(c2ccc(N(CC)CC)nc2)c2cc3cc(Br)ccc3nc2OC)cc(OCC)n1,5.0,5.446499999999999
CCOc1cc(C)c2ncc(F)c(CCC34CCC(NCc5ccc6c(n5)NC(=O)CO6)(CC3)CO4)c2n1,8.92,7.378499999999994
CCOc1cc(CCN2CCN(CCc3ccc4c(c3)COC4=O)CC2)ccc1C#N,6.17,6.170300000000001
CCOc1ccc(-c2cc3c(=NC4CCC(C)(N)C4(C)C)c(C(N)=O)c[nH]n3c2)cn1,4.77,5.137649999999995
CCOc1ccc2ncc(F)c(CCC34CCC(NCc5ccc6c(n5)NC(=O)CO6)(CC3)CO4)c2n1,6.4,5.27735
CCOc1cccc(-n2cc3nc(-c4cccnc4C)n(CC4CCCN(CC5CCCO5)C4)c(=O)c3n2)c1,4.85,4.919699999999997
CCOc1ccccc1CC(c1ccccc1)N1CCNCC1,5.16,5.1591999999999985
CCSc1ncccc1C(=O)N1CCC(NCc2cncn2Cc2ccc(C#N)cc2)C1=O,4.85,5.034500000000007
CCc1c(CCN2CCN(C(=O)Cc3ccc(-n4cnnn4)cc3)CC2)ccc2c1COC2=O,4.57,4.9187
CCc1cc(Oc2cc(Cl)ccc2CNC)ccc1Cl,5.94,5.8164000000000025
CCc1cc(Oc2ccc(F)cc2CNC)ccc1Cl,5.34,5.2357999999999985
CCc1ccc2c(=O)cc(C(=O)NC3CCN(Cc4ccc5c(c4)OCO5)CC3)oc2c1,8.13,8.185800000000013
CCc1nc(C2(c3cnn(C)c3)NC(c3nc(-c4ccc(F)cn4)c[nH]3)Cc3c2[nH]c2ccccc32)no1,5.02,5.353650000000001
CCc1nc2c3c(ccc2o1)CCN(CCCSc1nnc(-c2cccc4nc(C)ccc24)n1C)CC3,5.2,5.616000000000003
CCc1nc2c3c(ccc2o1)CCN(CCCSc1nnc(-c2ocnc2C)n1C)CC3,5.3,5.459699999999998
CCc1nc2cc3c(c(Br)c2o1)CCN(C(C)CCSc1nnc(-c2cccc4nc(C)ccc24)n1C)CC3,5.5,5.365399999999995
CCc1nc2cc3c(c(Br)c2o1)CCN(CCCCSc1nnc(-c2cccc4nc(C)ccc24)n1C)CC3,5.8,5.845999999999998
CCc1nc2cc3c(c(Br)c2o1)CCN(CCCSc1nnc(-c2cccc4nc(C)ccc24)n1C)CC3,5.9,5.928000000000003
CCc1nc2cc3c(c(Br)c2o1)CCN(CCSc1nnc(-c2cccc4nc(C)ccc24)n1C)CC3,5.6,5.573000000000005
CCc1nc2cc3c(c(C)c2o1)CCN(C(C)CCSc1nnc(-c2cccc4nc(C)ccc24)n1C)CC3,5.4,5.424999999999999
CCc1nc2cc3c(c(C)c2o1)CCN(CCCCSc1nnc(-c2cccc4nc(C)ccc24)n1C)CC3,5.8,5.941
CCc1nc2cc3c(c(C)c2o1)CCN(CCCSc1nnc(-c2cccc4nc(C)ccc24)n1C)CC3,6.3,5.670999999999999
CCc1nc2cc3c(c(C)c2o1)CCN(CCSc1nnc(-c2cccc4nc(C)ccc24)n1C)CC3,5.6,5.5484
CCc1nc2cc3c(cc2o1)CCN(CCCSc1nnc(-c2ccc(C(F)(F)F)cc2)n1C)CC3,6.6,6.204399999999995
CCc1nc2cc3c(cc2o1)CCN(CCCSc1nnc(-c2ccc(F)c(F)c2)n1C)CC3,5.9,5.27095
CCc1nc2cc3c(cc2o1)CCN(CCCSc1nnc(-c2cccc4nc(C)ccc24)n1C)CC3,5.3,5.9309999999999965
CCc1nc2cc3c(cc2o1)CCN(CCCSc1nnc(-c2cccnc2)n1C)CC3,4.8,5.472099999999997
CCc1nc2cc3c(cc2o1)CCN(CCCSc1nnc(-c2ocnc2C)n1C)CC3,5.2,5.732999999999996
CCc1nc2cc3c(cc2s1)CCN(CCCSc1nnc(-c2cccc4nc(C)ccc24)n1C)CC3,6.6,6.063999999999998
CCc1nc2cc3c(cc2s1)CCN(CCCSc1nnc(-c2ocnc2C)n1C)CC3,5.9,5.724550000000002
CCc1nc2ccc3c(c2s1)CCN(CCCSc1nnc(-c2cccc4nc(C)ccc24)n1C)CC3,6.8,5.716000000000005
CCc1nc2ccc3c(c2s1)CCN(CCCSc1nnc(-c2ocnc2C)n1C)CC3,5.5,5.822999999999994
CCc1nn(C)c2cc3c(cc12)CCN(CCCSc1nnc(-c2cccc4nc(C)ccc24)n1C)CC3,6.0,5.919700000000002
CCc1nnc(C2(c3cnn(C)c3)NC(c3nc(-c4ccc(F)cn4)c[nH]3)Cc3c2[nH]c2ccccc32)o1,5.37,5.18415
CCc1noc2cc3c(cc12)CCN(CCCSc1nnc(-c2cccc4nc(C)ccc24)n1C)CC3,6.0,5.895800000000005
CCn1cc(C2(c3n[nH]c(=NC)o3)NC(c3nc(-c4ccc(F)cn4)c[nH]3)Cc3c2[nH]c2ccccc32)cn1,5.96,5.036000000000002
CCn1cc(C2(c3n[nH]c(=O)o3)NC(c3nc(-c4ccc(F)cn4)c[nH]3)Cc3c2[nH]c2ccccc32)cn1,4.65,5.131500000000001
CCn1cc(C2(c3n[nH]c(=S)o3)NC(c3nc(-c4ccc(F)cn4)c[nH]3)Cc3c2[nH]c2ccccc32)cn1,4.98,5.076999999999995
CCn1cc(C2(c3nn(C(C)C)c(=O)o3)NC(c3nc(-c4ccc(F)cn4)c[nH]3)Cc3c2[nH]c2ccccc32)cn1,5.11,5.243600000000002
CCn1cc(C2(c3nn(C)c(=O)o3)NC(c3nc(-c4ccc(F)cn4)c[nH]3)Cc3c2[nH]c2ccccc32)cn1,4.49,4.881299999999999
CCn1cc(C2(c3nn(CC(=O)O)c(=O)o3)NC(c3nc(-c4ccc(F)cn4)c[nH]3)Cc3c2[nH]c2ccccc32)cn1,4.52,4.672099999999999
CCn1cc(C2(c3nn(CC(N)=O)c(=O)o3)NC(c3nc(-c4ccc(F)cn4)c[nH]3)Cc3c2[nH]c2ccccc32)cn1,4.46,4.882899999999999
CCn1cc(C2(c3nn(CC)c(=O)o3)NC(c3nc(-c4ccc(F)cn4)c[nH]3)Cc3c2[nH]c2ccccc32)cn1,5.11,4.570600000000003
CCn1cc(C2(c3nn(CC4CC4)c(=O)o3)NC(c3nc(-c4ccc(F)cn4)c[nH]3)Cc3c2[nH]c2ccccc32)cn1,5.26,4.705400000000003
CCn1cc(C2(c3nn(CCN(C)C)c(=O)o3)NC(c3nc(-c4ccc(F)cn4)c[nH]3)Cc3c2[nH]c2ccccc32)cn1,5.47,5.3024000000000004
CCn1cc(C2(c3nnc(C)o3)NC(c3nc(-c4ccc(F)cn4)c[nH]3)Cc3c2[nH]c2ccccc32)cn1,5.07,5.359449999999997
CCn1cc(C2(c3nnc(N(C)C)o3)NC(c3nc(-c4ccc(F)cn4)c[nH]3)Cc3c2[nH]c2ccccc32)cn1,5.26,5.268300000000002
CCn1cc(C2(c3nnc(SC)o3)NC(c3nc(-c4ccc(F)cn4)c[nH]3)Cc3c2[nH]c2ccccc32)cn1,5.8,5.205399999999998
CCn1cc(C2(c3noc(C)n3)NC(c3nc(-c4ccc(F)cn4)c[nH]3)Cc3c2[nH]c2ccccc32)cn1,5.14,5.186549999999998
CCn1nc(C2(c3cnn(C)c3)NC(c3nc(-c4ccc(F)cn4)c[nH]3)Cc3c2[nH]c2ccccc32)oc1=O,4.29,5.044550000000004
CN(C(=O)Cc1ccc(-n2cnnn2)cc1)C1CCN(Cc2ccc(C(F)(F)F)c(F)c2)CC1,5.55,5.418349999999999
CN(C(=O)Cc1ccc(-n2cnnn2)cc1)C1CCN(Cc2ccc(C(F)(F)F)cc2)CC1,5.92,5.4909
CN(C(=O)Cc1ccc(-n2cnnn2)cc1)C1CCN(Cc2ccc(C(F)(F)F)cc2)CC1F,5.57,5.490899999999998
CN(C(=O)Cc1ccc(-n2cnnn2)cc1)C1CCN(Cc2ccc(C(F)(F)F)cn2)CC1,5.38,5.3403
CN(C(=O)Cc1ccc(-n2cnnn2)cc1)C1CCN(Cc2ccc(C(F)(F)F)cn2)CC1F,5.0,5.179299999999999
CN(C(=O)Cc1ccc(-n2cnnn2)cc1)C1CCN(Cc2ccc(C(F)(F)F)nc2)CC1,4.89,5.4494
CN(C(=O)Cc1ccc(-n2cnnn2)cc1)C1CCN(Cc2ccc(C(F)(F)F)nc2)CC1F,4.82,5.068399999999995
CN(C(=O)Cc1ccc(-n2cnnn2)cc1)C1CCN(Cc2nc3c(s2)CCCC3)CC1,5.12,5.4918
CN(C(=O)Cc1ccc(-n2cnnn2)cc1)C1CCN(Cc2nc3cc(F)ccc3s2)CC1,5.89,5.3092500000000005
CN(C(=O)Cc1ccc(-n2cnnn2)cc1)C1CCN(Cc2nc3cc(F)ccc3s2)CC1F,5.33,5.312500000000001
CN(C(=O)Cc1ccc(S(C)(=O)=O)c(F)c1)C1CCN(Cc2ccc(C(F)(F)F)cc2)CC1,5.54,5.5726999999999975
CN(C(=O)Cc1ccc(S(C)(=O)=O)cc1)C1CCN(Cc2ccc(C(F)(F)F)cc2)CC1,5.52,5.617200000000006
CN(C(=O)Cc1ccc(S(C)(=O)=O)cc1)C1CCN(Cc2ccc(C(F)(F)F)cc2)CC1F,5.38,5.389499999999998
CN(C(=O)Cc1ccc(S(C)(=O)=O)cc1)C1CCN(Cc2nc3cc(F)ccc3s2)CC1F,5.16,5.21455
CN(C(=O)Cc1ccc(S(C)(=O)=O)cc1)C1CCN(Cc2nc3ccccc3s2)CC1F,4.8,5.183450000000005
CN(C(=O)Cc1ccc(S(C)(=O)=O)cc1F)C1CCN(Cc2ccc(C(F)(F)F)cc2)CC1,5.58,5.565199999999997
CN(C(=O)Cc1ccccc1)C1CCN(Cc2ccc(C(F)(F)F)cc2)CC1,5.8,5.608200000000002
CN(C)C(=O)c1c(-c2ccc(O)cc2)oc2ccc(O)c(CN3CCC4(COC4)C3)c12,4.97,5.230100000000002
CN(C)C(=O)c1ccc(-c2ccc3c(c2)CCN(CCN2CCCC2)C3=O)c(F)c1,4.49,5.131699999999998
CN(C)C(=O)c1ccc(-c2ccc3c(c2)CCN(CCN2CCCC2)C3=O)cc1,4.96,4.762400000000002
CN(C)Cc1ccc(C(F)(F)F)cc1Oc1ccc(Cl)c(Cl)c1,5.95,5.998199999999998
CN(C)Cc1ccccc1Oc1ccc(Cl)c(Cl)c1,5.67,5.657100000000002
CN(C)c1cc(C(F)(F)F)cc(COCC2(c3ccc(F)cc3)CCNCC2)n1,5.08,5.129300000000001
CN(C)c1ccc2ncc(F)c(CCC34CCC(NCc5ccc6c(n5)NC(=O)CO6)(CC3)CO4)c2n1,8.08,6.316100000000002
CN(C)c1cnc2c(CCC34CCC(NCc5ccc6c(n5)NC(=O)CO6)(CC3)CO4)c(F)cnc2c1,7.74,8.383899999999997
CN(C)c1nc2c(CCC34CCC(NCc5ccc6c(n5)NC(=O)CO6)(CC3)CO4)ccnc2cc1C(F)(F)F,8.64,8.845399999999994
CN(C)c1nc2c(CCC34CCC(NCc5ccc6c(n5)NC(=O)CO6)(CC3)CO4)ccnc2cc1F,8.92,8.558099999999994
CN(CCN1CCN(C2COOC2)C1=O)CC12CCC(CC1)C2(C)C,5.2,5.490999999999999
CN(CCN1CCN(c2ccc(F)cc2)C1=O)CC12CCC(CC1)C2(C)C,5.5,5.413499999999996
CN(CCN1CCN(c2ccc3c(c2)OCO3)C1=O)CC12CCC(CC1)C2(C)C,5.2,5.9376
CN(CCN1CCN(c2cccc(C(F)(F)F)c2)C1=O)CC12CCC(CC1)C2(C)C,5.2,5.688199999999999
CN(CCN1CCN(c2cccc(Cl)c2)C1=O)CC12CCC(CC1)C2(C)C,5.5,5.6343
CN(CCN1CCN(c2cccc(Cl)c2)C1=O)Cc1cc2ccccc2s1,5.8,5.564700000000003
CN(CCN1CCN(c2ccccc2)C1=O)CC12CCC(CC1)C2(C)C,5.4,5.560400000000003
CN(Cc1ccc(OC2CN(C(=O)c3nnc(-c4ccccc4)o3)C2)cc1)CC1(C)COC1,4.85,4.867350000000003
CN1C(C(N)=O)CCC1c1ccc(OCc2ccccc2F)cc1,4.3,5.0049000000000055
CN1CC(Cc2ccc(Cl)cc2)N(C2CCN(c3nc(=N)[nH][nH]3)CC2)Cc2cc(Cl)ccc21,6.1,5.3942000000000005
CN1CC(Cc2ccc(Cl)cc2)N(C2CCN(c3nc(=N)[nH][nH]3)CC2)Cc2ccccc21,5.5,5.354700000000003
CN1CCC(COCc2cc(C#N)cc(C3CC3)n2)(c2ccc(F)cc2)CC1,4.77,4.923799999999995
CN1CCC(COCc2cc(C(F)(F)F)cc(C#N)n2)(c2ccccc2)CC1,4.48,5.119400000000003
CN1CCC(COCc2cc(C(F)(F)F)cc(C3(F)CC3)n2)(c2ccc(F)cc2)CC1,5.37,4.904500000000002
CN1CCC(COCc2cc(C(F)(F)F)cc(C3(F)CC3)n2)(c2ccccc2)CC1,4.92,5.048600000000003
CN1CCC(COCc2cc(C(F)(F)F)cc(C3CC3(C)C)n2)(c2ccc(F)cc2)CC1,5.05,4.8629000000000016
CN1CCC(COCc2cc(C(F)(F)F)cc(C3CC3)n2)(c2ccc(Cl)cc2)CC1,5.51,4.981099999999999
CN1CCC(COCc2cc(C(F)(F)F)cc(C3CC3)n2)(c2ccc(F)cc2)CC1,4.89,5.035600000000005
CN1CCC(COCc2cc(C(F)(F)F)cc(C3CC3)n2)(c2cccc(Cl)c2)CC1,5.04,5.0443500000000006
CN1CCC(COCc2cc(C(F)(F)F)cc(C3CC3)n2)(c2cccc(F)c2)CC1,5.05,4.914900000000003
CN1CCC(COCc2cc(C(F)(F)F)cc(C3CC3)n2)(c2ccccc2)CC1,5.05,4.9910999999999985
CN1CCC(COCc2cc(C(F)(F)F)cc(C3CCCC3)n2)(c2ccc(F)cc2)CC1,4.92,5.155999999999998
CN1CCC(COCc2cc(C(F)(F)F)cc(Cl)n2)(c2ccc(Cl)cc2)CC1,4.64,5.087600000000004
CN1CCC(COCc2cc(C(F)(F)F)cc(Cl)n2)(c2ccc(F)cc2)CC1,5.22,4.6499
CN1CCC(COCc2cc(C(F)(F)F)cc(Cl)n2)(c2ccccc2)CC1,4.6,4.812200000000004
CN1CCC(COCc2cc(C(F)(F)F)cc(Cl)n2)(c2ccccc2F)CC1,4.37,5.152900000000008
CN1CCC(COCc2cc(C(F)(F)F)cc(N3CC=CC3)n2)(c2ccc(F)cc2)CC1,5.06,4.9913000000000025
CN1CCC(COCc2cc(C(F)(F)F)cc(N3CCC(C#N)C3)n2)(c2ccc(F)cc2)CC1,5.08,5.025100000000004
CN1CCC(COCc2cc(C(F)(F)F)cc(N3CCC(C#N)CC3)n2)(c2ccc(F)cc2)CC1,5.11,4.994199999999999
CN1CCC(COCc2cc(C(F)(F)F)cc(N3CCC4CC43)n2)(c2ccc(F)cc2)CC1,4.92,5.1284
CN1CCC(COCc2cc(C(F)(F)F)cc(N3CCCC3)n2)(c2ccccc2)CC1,5.13,5.265599999999997
CN1CCC(COCc2cc(C(F)(F)F)ccn2)(c2ccc(F)cc2)CC1,4.54,4.9187
CN1CCC(COCc2cc(C3CC3)cc(C3CC3)n2)(c2ccc(F)cc2)CC1,4.77,4.957099999999996
CN1CCC(COCc2cc(Cl)cc(C(F)(F)F)n2)(c2ccccc2)CC1,4.92,4.871300000000004
CN1CCC(COCc2cncc(Br)c2)(c2ccccc2)CC1,4.89,4.897600000000001
CN1CCCC(CN2CCN(C(=O)Nc3ccc(Cl)c(Cl)c3)CC2)C1,5.8,5.618699999999994
CN1CCCCC1CCN1c2ccccc2Sc2ccc([S+](C)[O-])cc21,6.5,6.478000000000003
CN1CCN(C)C(C(=O)N2CCN(C(=O)Nc3ccc(Cl)c(Cl)c3)CC2)C1,4.89,5.225299999999999
CN1CCN(C2=Nc3cc(Cl)ccc3Nc3ccccc32)CC1,6.5,5.6871
CN1CCN(CCN2CCN(c3cccc(Cl)c3)C2=O)CC1,5.4,5.6709000000000005
CN1CCN(c2cc(C(F)(F)F)cc(COCC3(c4ccccc4)CCNCC3)n2)CC1,4.8,5.301099999999998
CN1CCNC(C(=O)N2CCN(C(=O)Nc3ccc(Cl)c(Cl)c3)CC2)C1,4.7,4.921000000000003
CN1CCc2cncn2Cc2ccc(C#N)c(c2)Oc2ccc3cccc(c3c2)N2CCC1C2=O,6.029999999999999,5.545249999999997
CN1Cc2cncn2Cc2ccc(C#N)c(c2)Oc2ccc3c(c2)C(CC3)N2CCC1C2=O,5.58,5.572050000000001
CN1Cc2cncn2Cc2ccc(C#N)c(c2)Oc2ccc3cccc(c3c2)N2CCC1C2=O,5.36,5.437599999999996
CNC(=O)C1CCC(c2ccc(OCc3ccccc3F)cc2)N1,4.6,5.076700000000004
CNC(=O)CN(CCc1ccc(Cl)cc1)C1CCN(c2nc(=N)[nH][nH]2)CC1,5.58,5.262250000000002
CNC(=O)NCCN(CCc1ccc(Cl)cc1)C1CCN(c2nc(=N)[nH][nH]2)CC1,5.75,5.383200000000001
CNC(=O)c1c(-c2ccc(O)c(C)c2)oc2ccc(O)c(CN3CCC4(COC4)C3)c12,4.78,5.164500000000001
CNC(=O)c1c(-c2ccc(O)c(F)c2)oc2ccc(O)c(CN3CCC4(COC4)C3)c12,5.57,4.9893
CNC(=O)c1c(-c2ccc(O)cc2)oc2ccc(O)c(CN3CC4(CCO4)C3)c12,4.67,4.858999999999997
CNC(=O)c1c(-c2ccc(O)cc2)oc2ccc(O)c(CN3CC4(CCOC4)C3)c12,4.63,5.008900000000004
CNC(=O)c1c(-c2ccc(O)cc2)oc2ccc(O)c(CN3CCC(F)CC3)c12,5.16,4.899049999999999
CNC(=O)c1c(-c2ccc(O)cc2)oc2ccc(O)c(CN3CCC4(CCO4)C3)c12,4.71,5.042500000000005
CNC(=O)c1c(-c2ccc(O)cc2)oc2ccc(O)c(CN3CCCC3)c12,4.82,4.994100000000003
CNC(=O)c1c(-c2ccc(O)cc2)oc2ccc(O)c(CN3CCCCC3)c12,5.16,5.0443000000000024
CNC(=O)c1c(-c2ccc(O)cc2C)oc2ccc(O)c(CN3CCC4(COC4)C3)c12,4.52,5.064799999999999
CNC(=O)c1c(-c2ccc(OC)cc2)oc2ccc(O)c(CN3CCC4(COC4)C3)c12,5.75,4.9852000000000025
CNC(=O)c1c(-c2ccc3[nH]ccc3c2)oc2ccc(O)c(CN3CCC4(COC4)C3)c12,5.04,5.202299999999997
CNC(=O)c1c(-c2ccccc2)oc2ccc(O)c(CN3CCC4(COC4)C3)c12,5.41,5.1397
CNC(=O)c1c[nH]c(=N)c(OC2CN(C(=O)Cc3ccc(OC(F)(F)F)cc3)CC2(F)F)c1,4.1,4.702800000000001
CNC(=O)c1ccc(-c2ccc(N3C(=O)N(c4cc(OC)ncn4)C4(CCN(Cc5ncccc5C)CC4)C3=O)cc2)cc1,5.07,5.1496
CNC(=O)c1ccc(-c2ccc3c(c2)CCN(CCN2CCCC2)C3=O)c(F)c1,5.43,4.651900000000005
CNC(=O)c1ccc(-c2ccc3c(c2)CCN(CCN2CCCC2)C3=O)cc1,4.54,5.019299999999997
CNC(=O)c1ccc(-c2ccc3c(c2)CCN(CCN2CCCC2C)C3=O)cc1,4.77,5.1404000000000005
CNC(=O)c1ccc(CC(=O)N(C)C2CCN(Cc3ccc(C(F)(F)F)cc3)CC2)cc1,5.68,5.540050000000003
CNC(C)c1cc(C(F)(F)F)ccc1Oc1ccc(Cl)c(Cl)c1,5.52,5.680300000000001
CNC(C)c1cc(C)ccc1Oc1ccc(Cl)c(Cl)c1,5.57,5.427000000000001
CNC(C)c1cc(F)ccc1Oc1ccc(Cl)c(Cl)c1,5.17,5.462099999999997
CNC(C)c1cc(F)ccc1Oc1ccc(Cl)cc1,5.28,5.250100000000001
CNC(C)c1ccc(Cl)cc1Oc1ccc(C)c(C)c1,5.61,5.614349999999996
CNC(C)c1ccc(Cl)cc1Oc1ccc(C)cc1,5.43,5.66375
CNC(C)c1ccc(OC)cc1Oc1ccc(Cl)c(Cl)c1,6.11,5.507900000000004
CNC(C)c1ccccc1Oc1ccc(Cl)c(Cl)c1,5.42,5.771200000000001
CNCC(=O)N1CCN(c2ccc(N=c3nc(-c4cnc5ccccn45)c(Cl)c[nH]3)c(OC)c2)CC1,5.02,4.897650000000002
CNCCCN1c2ccccc2CCc2ccccc21,5.86,5.770400000000003
CNCc1cc(Br)ccc1Oc1ccc(Cl)c(Cl)c1,5.79,5.392599999999996
CNCc1cc(C#N)ccc1Oc1ccc(Cl)c(Cl)c1,5.34,5.5261000000000005
CNCc1cc(C(F)(F)F)ccc1Oc1ccc(C)cc1,4.98,5.588899999999998
CNCc1cc(C(F)(F)F)ccc1Oc1ccc(Cl)c(Cl)c1,5.88,5.471499999999997
CNCc1cc(C(N)=O)ccc1Oc1ccc(Cl)c(Cl)c1,5.26,5.506800000000001
CNCc1cc(C)c(C)cc1Oc1ccc(Cl)c(Cl)c1,5.83,5.652700000000002
CNCc1cc(Cl)ccc1Oc1ccc(C)c(C)c1,5.28,5.441199999999996
CNCc1cc(Cl)ccc1Oc1ccc(Cl)c(Cl)c1,5.51,5.396499999999994
CNCc1cc(Cl)ccc1Oc1ccc(Cl)cc1,5.32,5.406699999999994
CNCc1cc(F)c(Cl)cc1Oc1ccc(Cl)c(Cl)c1,5.49,5.664100000000002
CNCc1cc(F)c(OC)cc1Oc1ccc(Cl)c(Cl)c1,5.67,5.4113
CNCc1cc(F)ccc1Oc1ccc(C)c(C)c1,4.7,5.231399999999996
CNCc1cc(F)ccc1Oc1ccc(Cl)c(Cl)c1,5.25,5.322999999999997
CNCc1cc(F)ccc1Oc1ccc(Cl)c(F)c1,5.33,5.223299999999998
CNCc1cc(F)ccc1Oc1ccc(Cl)cc1,5.13,5.221799999999995
CNCc1cc(F)ccc1Oc1ccc(F)c(Cl)c1,5.08,5.255399999999998
CNCc1cc(OC)c(OC)cc1Oc1ccc(Cl)c(Cl)c1,5.0,5.781300000000003
CNCc1cc(S(=O)(=O)NC)ccc1Oc1ccc(Cl)c(Cl)c1,5.32,5.5031
CNCc1ccc(Br)cc1Oc1ccc(Cl)c(Cl)c1,6.01,5.841700000000003
CNCc1ccc(C#N)cc1Oc1ccc(Cl)c(Cl)c1,5.88,5.777249999999999
CNCc1ccc(C(F)(F)F)cc1Oc1ccc(Cl)c(Cl)c1,5.92,5.706599999999998
CNCc1ccc(C(F)(F)F)cc1Oc1ccc(Cl)cc1,5.29,5.9962
CNCc1ccc(Cl)cc1Oc1ccc(C)c(C)c1,5.76,5.698500000000001
CNCc1ccc(Cl)cc1Oc1ccc(C)c(Cl)c1,5.97,5.7353000000000005
CNCc1ccc(Cl)cc1Oc1ccc(C)cc1,5.79,5.894600000000005
CNCc1ccc(Cl)cc1Oc1ccc(Cl)c(C)c1,5.75,5.862400000000005
CNCc1ccc(Cl)cc1Oc1ccc(Cl)c(Cl)c1,5.91,5.8263000000000025
CNCc1ccc(Cl)cc1Oc1ccc(Cl)c(F)c1,5.91,5.652799999999997
CNCc1ccc(Cl)cc1Oc1ccc(Cl)cc1,6.19,5.6457000000000015
CNCc1ccc(Cl)cc1Oc1ccc(F)c(C(F)(F)F)c1,6.06,5.6742
CNCc1ccc(Cl)cc1Oc1ccc(F)c(C)c1,5.52,5.744799999999999
CNCc1ccc(Cl)cc1Oc1ccc(F)c(Cl)c1,5.68,5.836200000000006
CNCc1ccc(Cl)cc1Oc1cccc(Cl)c1,5.68,5.905500000000005
CNCc1ccc(F)cc1Oc1ccc(Cl)c(Cl)c1,5.52,5.834400000000001
CNCc1ccc(OC)cc1Oc1ccc(Cl)c(Cl)c1,6.16,6.061
CNCc1ccccc1Oc1ccc(Cl)c(Cl)c1,5.41,5.653049999999997
CNS(=O)(=O)CCN(CCc1ccc(Cl)cc1)C1CCN(c2nc(=N)[nH][nH]2)CC1,4.8,5.332299999999999
CNc1cc(CCN2CCN(CCc3ccc4c(c3)COC4=O)CC2)ccc1C#N,6.17,6.198199999999997
COC(=O)C1(COc2ccc3ncc(F)c(CCC45CCC(NCc6ccc7c(n6)NC(=O)CO7)(CC4)CO5)c3n2)CC1,5.8,5.499249999999997
COC(=O)C1CC1COc1ccc2ncc(F)c(CCC34CCC(NCc5ccc6c(n5)NC(=O)CO6)(CC3)CO4)c2n1,6.26,5.240300000000001
COC(=O)CCCCOc1ccc2ncc(F)c(CCC34CCC(NCc5ccc6c(n5)NC(=O)CO6)(CC3)CO4)c2n1,6.4,5.709750000000002
COC(=O)c1ccc2ncc(F)c(CCC34CCC(NCc5ccc6c(n5)NC(=O)CO6)(CC3)CO4)c2n1,8.06,5.6953999999999985
COC(C)(C)CN(CCc1ccc(Cl)cc1)C1CCN(c2nc(=N)[nH][nH]2)CC1,5.46,5.102650000000006
COC(C)CN(CCc1ccc(Cl)cc1)C1CCN(c2nc(=N)[nH][nH]2)CC1,4.970000000000001,5.2451000000000025
COC1=NC(c2c[nH]c(-c3cc4c([nH]c5ccccc54)c(C4CCOCC4)n3)n2)CCC1,5.99,5.624199999999997
COC1CC(Cc2ccc(Cl)cc2)N(C2CCN(c3nc(=N)[nH][nH]3)CC2)C1,4.76,5.613400000000004
COC1CN(C2CCN(c3nc(=N)[nH][nH]3)CC2)C1Cc1ccc(Cl)cc1,6.47,5.1027499999999995
COC1CN(Cc2ccc(C(F)(F)F)cc2)CCC1N(C)C(=O)Cc1ccc(-n2cnnn2)cc1,5.8100000000000005,5.468999999999999
COCC(=O)OC1(CCN(C)CCCc2nc3ccccc3[nH]2)CCc2cc(F)ccc2C1C(C)C,6.09,5.653299999999999
COCC1C2CCC1CN(CCN1CCN(c3cccc(Cl)c3)C1=O)C2,6.0,5.602850000000001
COCC1CCCN1N1CCN(c2cccc(Cl)c2)C1=O,5.3,5.634899999999999
COCCN(CCc1ccc(Cl)cc1)C1CCN(c2nc(=N)[nH][nH]2)CC1,5.55,5.202800000000001
COCCN1CCCC(Cn2c(-c3ccccc3C)nc3cc(-c4ccc(Cl)cc4)sc3c2=O)C1,5.68,5.5299000000000005
COCCN1CCCC(Cn2c(-c3ccccc3C)nc3cn(-c4ccc(Cl)cc4)nc3c2=O)C1,5.6,5.343450000000001
COCCN1CCCC(Cn2c(-c3ccccc3C)nc3nc(-c4ccc(Cl)cc4)sc3c2=O)C1,5.43,5.617200000000004
COCCN1CCCC(Cn2c(-c3cccnc3C)nc3cn(-c4ccc(C#N)cc4)nc3c2=O)C1,4.68,5.360050000000005
COCCN1CCCC(Cn2c(-c3cccnc3C)nc3cn(-c4cccc(OC)c4)nc3c2=O)C1,4.37,4.7280000000000015
COCCOc1ccc2ncc(F)c(CCC34CCC(NCc5ccc6c(n5)NC(=O)CO6)(CC3)CO4)c2n1,4.76,5.65355
COCc1ccc(-c2cc3c(=NC(C)C4CCOCC4)c(C(N)=O)c[nH]c3cc2F)cn1,5.05,5.22485
COCc1ccc(-c2cc3c(=NC(C)c4ccn(C)n4)c(C(N)=O)c[nH]c3cc2F)c(F)n1,4.62,4.840800000000005
COCc1ccc(-c2cc3c(=NC(C)c4ccn(C)n4)c(C(N)=O)c[nH]c3cc2F)cn1,4.66,4.801300000000001
COCc1ccc(-c2cc3c(=NC(C)c4nn(C)cc4C)c(C(N)=O)c[nH]c3cc2F)cn1,4.77,4.851700000000005
COCc1ccc(-c2ccc3[nH]cc(C(N)=O)c(=NC(C)C4CCOCC4)c3c2)cn1,5.35,5.349200000000004
COCc1ccc(-c2ccc3[nH]cc(C(N)=O)c(=NC(C)c4ccn(C)n4)c3c2)c(F)n1,4.85,4.893850000000002
COCc1nc(-c2ccc(N3C(=O)N(c4cc(=O)[nH]cn4)C4(CCN(Cc5ncccc5C)CC4)C3=O)cc2)no1,5.11,5.442849999999998
CON=C(Cc1c(F)cnc2ccc(OC)nc12)C12CCC(NCc3ccc4c(n3)NC(=O)CO4)(CC1)CO2,5.6,5.343150000000001
COc1c(CCN2CCN(C(=O)Cc3ccc(-n4cnnn4)cc3)CC2)ccc2c1COC2=O,4.4,4.954999999999999
COc1c(F)cccc1CC(c1ccccc1)N1CCNCC1,4.68,5.0147999999999975
COc1cc(-c2cn(C3C(=O)NC4CCC3C4)nn2)ccc1-n1cnc(C)c1,5.27,5.1887000000000025
COc1cc(-c2cn(C3CC(C(C)(C)C)CCN(CC(C)(C)C)C3=O)nn2)ccc1-n1cnc(C)c1,5.68,5.260399999999995
COc1cc(-c2cn(C3CC(C(C)(C)C)CCN(CC(F)(F)F)C3=O)nn2)ccc1-n1cnc(C)c1,5.27,5.258500000000001
COc1cc(-c2cn(C3CC(C(C)(C)C)CCN(CC45CC6CC(CC(C6)C4)C5)C3=O)nn2)ccc1-n1cnc(C)c1,6.06,5.303199999999999
COc1cc(-c2cn(C3CC(C(F)(F)F)CCN(CC(F)(F)F)C3=O)nn2)ccc1-n1cnc(C)c1,4.5,5.295299999999994
COc1cc(-c2cn(C3CC(C(F)(F)F)CCN(Cc4ccccc4)C3=O)nn2)ccc1-n1cnc(C)c1,5.26,5.010499999999997
COc1cc(-c2cn(C3CC(C(F)(F)F)CN(CC(F)(F)F)C3=O)nn2)ccc1-n1cnc(C)c1,4.88,5.031299999999998
COc1cc(-c2cn(C3CC(C)(C)CCNC3=O)nn2)ccc1-n1cnc(C)c1,4.68,5.070100000000003
COc1cc(-c2cn(C3CC(C4CCCCC4)CCNC3=O)nn2)ccc1-n1cnc(C)c1,5.43,5.285799999999998
COc1cc(-c2cn(C3CC([Si](C)(C)C)CCN(Cc4ccccc4)C3=O)nn2)ccc1-n1cnc(C)c1,4.39,5.573399999999997
COc1cc(-c2cn(C3CC([Si](C)(C)C)CCNC3=O)nn2)ccc1-n1cnc(C)c1,5.2,5.039700000000001
COc1cc(-c2cn(C3CC(c4ccccc4)CCN(CC(F)(F)F)C3=O)nn2)ccc1-n1cnc(C)c1,5.65,5.596999999999998
COc1cc(-c2cn(C3CCC(c4ccccc4)CN(Cc4ccccc4)C3=O)nn2)ccc1-n1cnc(C)c1,6.7,5.439499999999996
COc1cc(-c2cn(C3CCC4CCCCC4NC3=O)nn2)ccc1-n1cnc(C)c1,4.68,5.227450000000004
COc1cc(-c2cn(C3CCCC(C(C)(C)C)NC3=O)nn2)ccc1-n1cnc(C)c1,4.36,4.943500000000005
COc1cc(-c2cn(C3CCCCN(CC(F)(F)F)C3=O)nn2)ccc1-n1cnc(C)c1,4.66,4.911650000000003
COc1cc(-c2cn(C3CCCCNC3=O)nn2)ccc1-n1cnc(C)c1,4.36,4.948050000000006
COc1cc(-c2cn(CC(=O)N(C(C)c3ccccc3)C(C)c3ccccc3)nn2)ccc1-n1cnc(C)c1,6.08,5.9240499999999985
COc1cc(-c2cn(CC(=O)N(C3CCCCC3)C3CCCCC3)nn2)ccc1-n1cnc(C)c1,5.86,5.50175
COc1cc(-c2cn(CC(=O)N(CC(F)(F)F)c3ccc4c(c3)CCC4)nn2)ccc1-n1cnc(C)c1,5.83,5.6960000000000095
COc1cc(-c2cn(CC(=O)N(CC(F)(F)F)c3ccc4c(c3)OC(F)(F)O4)nn2)ccc1-n1cnc(C)c1,5.72,5.764350000000002
COc1cc(-c2cn(CC(=O)N(CC(F)(F)F)c3ccc4ccccc4c3)nn2)ccc1-n1cnc(C)c1,6.2,5.864900000000006
COc1cc(-c2cn(CC(=O)N(CC(F)(F)F)c3cccc4ccccc34)nn2)ccc1-n1cnc(C)c1,6.1,6.0158000000000005
COc1cc(-c2cn(CC(=O)N(Cc3ccc(F)cc3)C3C4CC5CC(C4)CC3C5)nn2)ccc1-n1cnc(C)c1,6.6,5.6058999999999966
COc1cc(-c2cn(CC(=O)N(Cc3ccccc3)C(C)c3ccccc3)nn2)ccc1-n1cnc(C)c1,6.37,5.893699999999999
COc1cc(-c2cn(CC(=O)N(Cc3ccccc3)CC(F)(F)F)nn2)ccc1-n1cnc(C)c1,5.54,6.088400000000004
COc1cc(-c2cn(CC(=O)N(Cc3ccccc3)Cc3ccccc3)nn2)ccc1-n1cnc(C)c1,6.06,5.8339000000000025
COc1cc(-c2cn(CC(=O)N(c3ccccc3)C3CCCCC3)nn2)ccc1-n1cnc(C)c1,6.1,5.532249999999997
COc1cc(-c2cn(CC(=O)N(c3ccccc3)c3ccccc3)nn2)ccc1-n1cnc(C)c1,5.52,6.0199
COc1cc(-c2cn(CC(=O)N3CCC(c4nc5ccccc5o4)CC3)nn2)ccc1-n1cnc(C)c1,4.99,5.3131
COc1cc(-c2cn(CC(=O)NC3C4CC5CC(C4)CC3C5)nn2)ccc1-n1cnc(C)c1,5.39,5.882800000000007
COc1cc(C(=O)N2CCOCC2)ccc1N=c1nc(-c2cnc3ccccn23)c(Cl)c[nH]1,5.57,4.973950000000003
COc1cc(C(F)(F)F)cc(COCC2(c3ccc(F)cc3)CCN(C)CC2)n1,5.0,4.9693000000000005
COc1cc(C(O)(CCN(C)C)C(c2cc(OC(C)C)cnc2OC)c2cc3cc(C#N)ccc3nc2OC)cc(OC)n1,5.62,5.46735
COc1cc(C(O)(CCN(C)C)C(c2cc(OC)c(OC)nc2OC)c2cc3cc(Br)ccc3nc2OC)cc(OC)n1,5.23,5.458100000000001
COc1cc(C(O)(CCN(C)C)C(c2cc(OC)nc(N(C)C)c2)c2cc3cc(C#N)ccc3nc2OC)cc(OC)n1,5.03,5.4415000000000076
COc1cc(C(O)(CCN(C)C)C(c2cc(OC)nc(OC(C)C)c2)c2cc3cc(C#N)ccc3nc2OC)cc(OC)n1,4.97,5.368699999999998
COc1cc(C(O)(CCN(C)C)C(c2cc3cc(Br)ccc3nc2OC)c2cccc(OC)c2F)cc(OC)n1,4.89,5.381400000000001
COc1cc(C(O)(CCN(C)C)C(c2cc3cc(Br)ccc3nc2OC)c2cccc(OC)c2OC)cc(OC)n1,5.66,5.267999999999998
COc1cc(C(O)(CCN(C)C)C(c2cc3cc(Br)ccc3nc2OC)c2ccnc(OC)c2OC)cc(OC)n1,5.58,5.565050000000002
COc1cc(C(O)(CCN(C)C)C(c2cc3cc(C#N)ccc3nc2OC)c2cccc3c2CCC3)cc(OC)n1,5.35,5.480050000000003
COc1cc(C(O)(CCN(C)C)C(c2cc3cc(C#N)ccc3nc2OC)c2cccc3c2OCCO3)cc(OC)n1,5.36,5.418300000000003
COc1cc(C(O)(CCN(C)C)C(c2cc3cc(C#N)ccc3nc2OC)c2cccc3c2OCO3)cc(OC)n1,5.8,5.3382000000000085
COc1cc(C(O)(CCN(C)C)C(c2cccnc2OC)c2cc3cc(Br)ccc3nc2OC)cc(OC)n1,5.77,5.4243000000000015
COc1cc(C(O)(CCn2ccnc2)C(c2cc3cc(Br)ccc3nc2OC)c2cccc(OC)c2OC)cc(OC)n1,4.96,5.44745
COc1cc(C(O)(CCn2ccnc2)C(c2cc3cc(Br)ccc3nc2OC)c2ccnc(OC)c2OC)cc(OC)n1,5.24,5.368199999999997
COc1cc(C)c2ncc(F)c(CCC34CCC(NCc5ccc6c(n5)NC(=O)CO6)(CC3)CO4)c2n1,8.54,7.55449999999999
COc1cc(C)c2nccc(CCC34CCC(NCc5ccc6c(n5)NC(=O)CO6)(CC3)CO4)c2n1,8.28,8.320699999999993
COc1cc(C2CCC(C(N)=O)N2)ccc1OCc1ccccc1F,5.4,4.844700000000004
COc1cc(C2CCN(C(C)=O)CC2)ccc1N=c1nc(-c2cnc3ccccn23)c(Cl)c[nH]1,4.92,5.200750000000002
COc1cc(C2CCNCC2)ccc1N=c1nc(-c2cnc3ccccn23)c(Cl)c[nH]1,5.04,5.515149999999998
COc1cc(CC(=O)N2CCN(CCc3ccc4c(c3)COC4=O)CC2)ccc1-n1cnnn1,5.09,5.047299999999998
COc1cc(CC(=O)N2CCOCC2)ccc1N=c1nc(-c2cnc3ccccn23)c(Cl)c[nH]1,5.06,5.272999999999997
COc1cc(CCC23CCC(NCc4ccc5c(n4)NC(=O)CO5)(CC2)CO3)c2nc(OC)ccc2n1,8.38,5.975900000000001
COc1cc(CCN2CCN(CCc3ccc4c(c3)COC4=O)CC2)ccc1C#N,5.8,6.221899999999993
COc1cc(CN2CCOCC2)ccc1N=c1nc(-c2cnc3ccccn23)c(Cl)c[nH]1,5.0,5.3873
COc1cc(N)c(Cl)cc1C(=O)NC1CCN(CCCOc2ccc(F)cc2)CC1OC,8.17,5.95745
COc1cc(N2C(=O)N(c3ccc(-c4ccc(-c5cc(=O)[nH][nH]5)cc4)cc3)C(=O)C23CCN(Cc2ncccc2C)CC3)ncn1,4.77,5.447899999999997
COc1cc(N2C(=O)N(c3ccc(-c4ccc(-c5cc[nH]n5)cc4)cc3)C(=O)C23CCN(Cc2ncccc2C)CC3)ncn1,5.7,5.232799999999997
COc1cc(N2C(=O)N(c3ccc(-c4ccc(C#N)cc4)cc3)C(=O)C23CCN(Cc2ncccc2C)CC3)ncn1,6.43,5.114299999999998
COc1cc(N2C(=O)N(c3ccc(-c4ccc(C(=O)N(C)C)cc4)cc3)C(=O)C23CCN(Cc2ncccc2C)CC3)ncn1,5.05,5.3235
COc1cc(N2C(=O)N(c3ccc(-c4ccc(C(=O)O)c(C)c4)cc3)C(=O)C23CCN(Cc2ncccc2C)CC3)ncn1,4.64,5.161000000000006
COc1cc(N2C(=O)N(c3ccc(-c4ccc(C(=O)O)c(Cl)c4)cc3)C(=O)C23CCN(Cc2ncccc2C)CC3)ncn1,5.24,5.011949999999998
COc1cc(N2C(=O)N(c3ccc(-c4ccc(C(=O)O)cc4)cc3)C(=O)C23CCN(Cc2ncccc2C)CC3)ncn1,5.19,5.014
COc1cc(N2C(=O)N(c3ccc(-c4ccc(C(=O)O)cc4)nc3)C(=O)C23CCN(Cc2ncccc2C)CC3)ncn1,4.34,5.069149999999998
COc1cc(N2C(=O)N(c3ccc(-c4ccc(C(=O)O)cc4C)cc3)C(=O)C23CCN(Cc2ncccc2C)CC3)ncn1,4.89,4.794099999999999
COc1cc(N2C(=O)N(c3ccc(-c4ccc(C(=O)O)cc4C)nc3)C(=O)C23CCN(Cc2ncccc2C)CC3)ncn1,5.15,4.849399999999996
COc1cc(N2C(=O)N(c3ccc(-c4ccc(C(=O)O)cc4F)cc3)C(=O)C23CCN(Cc2ncccc2C)CC3)ncn1,4.27,4.923399999999998
COc1cc(N2C(=O)N(c3ccc(-c4ccc(C(=O)O)s4)cc3)C(=O)C23CCN(Cc2ncccc2C)CC3)ncn1,4.92,5.110500000000003
COc1cc(N2C(=O)N(c3ccc(-c4ccc(C(N)=O)cc4)cc3)C(=O)C23CCN(Cc2ncccc2C)CC3)ncn1,6.19,5.079000000000001
COc1cc(N2C(=O)N(c3ccc(-c4ccc5[nH]cnc5c4)cc3)C(=O)C23CCN(Cc2ncccc2C)CC3)ncn1,4.82,5.661899999999996
COc1cc(N2C(=O)N(c3ccc(-c4ccc5[nH]ncc5c4)cc3)C(=O)C23CCN(Cc2ncccc2C)CC3)ncn1,5.33,5.028549999999998
COc1cc(N2C(=O)N(c3ccc(-c4ccc5c[nH]nc5c4)cc3)C(=O)C23CCN(Cc2ncccc2C)CC3)ncn1,6.14,5.132049999999997
COc1cc(N2C(=O)N(c3ccc(-c4cccc(C(=O)O)c4)cc3)C(=O)C23CCN(Cc2ncccc2C)CC3)ncn1,5.16,5.112
COc1cc(N2C(=O)N(c3ccc(-c4ccccc4C(=O)O)cc3)C(=O)C23CCN(Cc2ncccc2C)CC3)ncn1,5.62,4.944399999999999
COc1cc(N2C(=O)N(c3ccc(-c4csc(C(=O)O)c4)cc3)C(=O)C23CCN(Cc2ncccc2C)CC3)ncn1,5.1,5.0229
COc1cc(N2CC3CN(CCO)CC(C2)O3)ccc1N=c1nc(-c2cnc3ccccn23)c(Cl)c[nH]1,5.82,5.440599999999998
COc1cc(N2CC3CNCC(C2)O3)ccc1N=c1nc(-c2cnc3ccccn23)c(Cl)c[nH]1,5.28,5.232850000000001
COc1cc(N2CC3COCC(C2)N3)ccc1N=c1nc(-c2cnc3ccccn23)c(Cl)c[nH]1,5.0,5.270550000000001
COc1cc(N2CCCN(C(C)=O)CC2)ccc1N=c1nc(-c2cnc3ccccn23)c(Cl)c[nH]1,4.96,4.929600000000002
COc1cc(N2CCN(C(=O)C(C)N)CC2)ccc1N=c1nc(-c2cnc3ccccn23)c(Cl)c[nH]1,4.94,4.931549999999999
COc1cc(N2CCN(C(=O)C(C)O)CC2)ccc1N=c1nc(-c2cnc3ccccn23)c(Cl)c[nH]1,4.955,4.988100000000001
COc1cc(N2CCN(C(=O)CN)CC2)ccc1N=c1nc(-c2cnc3ccccn23)c(Cl)c[nH]1,4.8,4.983249999999997
COc1cc(N2CCN(C(=O)CO)CC2)ccc1N=c1nc(-c2cnc3ccccn23)c(Cl)c[nH]1,4.85,4.920599999999998
COc1cc(N2CCN(C(=O)N(C)C)CC2)ccc1N=c1nc(-c2cnc3ccccn23)c(Cl)c[nH]1,4.8,5.004749999999999
COc1cc(N2CCN(CC(=O)N(C)C)CC2)ccc1N=c1nc(-c2cnc3ccccn23)c(Cl)c[nH]1,4.92,5.2363
COc1cc(N2CCN(CCO)CC2)ccc1N=c1nc(-c2cnc3ccccn23)c(Cl)c[nH]1,5.43,5.450749999999994
COc1cc(N2CCN(CCS(C)(=O)=O)CC2)ccc1N=c1nc(-c2cnc3ccccn23)c(Cl)c[nH]1,5.03,5.409349999999997
COc1cc(N2CCNCC2)ccc1N=c1nc(-c2cnc3ccccn23)c(Cl)c[nH]1,5.34,5.223449999999997
COc1cc(N2CCOCC2)ccc1N=c1nc(-c2cnc3ccccn23)c(Cl)c[nH]1,5.5,5.200600000000001
COc1cc(OC)c2nccc(CCC34CCC(NCc5ccc6c(n5)NC(=O)CO6)(CC3)CO4)c2n1,8.75,7.332299999999992
COc1cc(OC2CCN(C(C)=O)CC2)ccc1N=c1nc(-c2cnc3ccccn23)c(Cl)c[nH]1,5.0,5.036350000000001
COc1cc(OC2CCNCC2)ccc1N=c1nc(-c2cnc3ccccn23)c(Cl)c[nH]1,5.32,5.275200000000005
COc1cc(OC2CNC2)ccc1N=c1nc(-c2cnc3ccccn23)c(Cl)c[nH]1,5.23,5.363999999999997
COc1cc2c(cc1CCN1CCN(C(=O)Cc3ccc(-n4cnnn4)cc3)CC1)COC2=O,5.25,4.735199999999999
COc1cc2ncc(F)c(CCC34CCC(NCc5ccc6c(n5)NC(=O)CO6)(CC3)CO4)c2nc1OC,7.86,7.826499999999995
COc1cc2nccc(CCC34CCC(NCc5ccc6c(n5)NC(=O)CO6)(CC3)CO4)c2nc1C#N,8.71,8.5734
COc1cc2nccc(CCC34CCC(NCc5ccc6c(n5)NC(=O)CO6)(CC3)CO4)c2nc1C(=O)O,7.88,8.677600000000007
COc1cc2nccc(CCC34CCC(NCc5ccc6c(n5)NC(=O)CO6)(CC3)CO4)c2nc1OC,8.85,8.361500000000001
COc1cc2oc(C(=O)NC3CCN(Cc4ccc5c(c4)OCO5)CC3)cc(=O)c2cc1F,7.8,8.085500000000012
COc1ccc(-c2c[nH]c(C3Cc4c([nH]c5ccccc45)C(C4CCOCC4)N3)n2)cc1,7.16,6.685600000000001
COc1ccc(-c2cc3c(=NC4CCC(C)(N)C4(C)C)c(C(N)=O)c[nH]n3c2)cc1,4.86,5.091350000000002
COc1ccc(-c2nnc(C(=O)N3CC(Oc4ccc(CN(C)C)c(C)c4)C3)o2)cc1,5.0,4.899699999999998
COc1ccc(-c2nnc(C(=O)N3CC(Oc4ccc(CN(C)C)c(F)c4)C3)o2)cc1,4.82,4.9949
COc1ccc(-c2nnc(C(=O)N3CC(Oc4ccc(CN(C)C)cc4)C3)o2)cc1,4.68,4.834700000000002
COc1ccc(-c2nnc(C(=O)N3CC(Oc4ccc(CN(C)CC5(C)COC5)cc4)C3)o2)cc1,4.8,4.793300000000004
COc1ccc(-c2nnc(C(=O)N3CC(Oc4ccc(CN5CC(OC)C5)cc4)C3)o2)cc1,5.07,4.857700000000001
COc1ccc(-c2nnc(C(=O)N3CC(Oc4ccc(CN5CC6(CCCO6)C5)cc4)C3)o2)cc1,4.89,4.9169500000000035
COc1ccc(-c2nnc(C(=O)N3CC(Oc4ccc(CN5CC6(CCOC6)C5)cc4)C3)o2)cc1,4.8,4.720700000000003
COc1ccc(-c2nnc(C(=O)N3CC(Oc4ccc(CN5CC6(COC6)C5)cc4)C3)o2)cc1,4.66,4.719600000000005
COc1ccc(-c2nnc(C(=O)N3CC(Oc4ccc(CN5CCC(C)(O)C5)cc4)C3)o2)cc1,4.58,4.9343
COc1ccc(-c2nnc(C(=O)N3CC(Oc4ccc(CN5CCCC5)cc4)C3)o2)cc1,5.26,4.830899999999999
COc1ccc(-c2nnc(C(=O)N3CC(Oc4ccc(CN5CCCC56COC6)cc4)C3)o2)cc1,4.92,4.852900000000003
COc1ccc(-c2nnc(C(=O)N3CC(Oc4ccc(CN5CCCOCC5)cc4)C3)o2)cc1,4.6,5.086399999999998
COc1ccc(-c2nnc(C(=O)N3CC(Oc4ccc(CN5CCOCC5)c(OC)c4)C3)o2)cc1,5.01,4.9912
COc1ccc(-c2nnc(C(=O)N3CCC(Oc4ccc(CN5CC(O)C(C)(C)C5)cc4)CC3)o2)cc1,5.0,4.7079
COc1ccc(-c2nnc(C(=O)N3CCC(Oc4ccc(CN5CCC(O)C5)cc4)CC3)o2)cc1,4.62,4.813599999999998
COc1ccc(-c2nnc(C(=O)N3CCC(Oc4ccc(CN5CCCC5)cc4)CC3)o2)cc1,4.96,4.985799999999999
COc1ccc(-c2nnc(C(=O)N3CCC(Oc4ccc(CN5CCCC5)nc4)CC3)o2)cc1,4.6,5.000999999999996
COc1ccc(-c2nnc(C(=O)N3CCC(Oc4ccc(CN5CCN(C)CC5)cc4)CC3)o2)cc1,4.82,5.027799999999997
COc1ccc(-c2nnc(C(=O)N3CCC(Oc4ccc(CN5CCOCC5)cc4)CC3)o2)cc1,4.8,4.947949999999995
COc1ccc(-n2cc3nc(-c4ccccc4C)n(CC4CCCN(C(C)C)C4)c(=O)c3n2)cc1,4.96,5.085999999999995
COc1ccc(-n2cc3nc(-c4cccnc4C)n(CC4CCCN(CC5CCCO5)C4)c(=O)c3n2)cc1,5.39,4.861500000000003
COc1ccc(C(=O)N2CCOCC2)cc1N=c1nc(-c2cnc3ccccn23)c(Cl)c[nH]1,5.89,5.129950000000004
COc1ccc(C2(O)CCC(N3CC(NC(=O)CN=c4[nH]cnc5ccc(C(F)(F)F)cc45)C3)CC2)cn1,4.54,4.707999999999999
COc1ccc(C23CC2CN(CCCSc2nnc(-c4cccc5nc(C)ccc45)n2C)C3)cc1,6.2,5.967000000000002
COc1ccc(C23CC2CN(CCCSc2nnc(-c4ocnc4C)n2C)C3)cc1,5.7,5.883899999999999
COc1ccc(C23CC2CN(CCCSc2nnc(-c4ocnc4C)n2C)C3)cc1C(F)(F)F,5.9,5.774299999999998
COc1ccc(C23CC2CN(CCCSc2nnc(-c4ocnc4C)n2C)C3)cc1Cl,5.7,5.881099999999999
COc1ccc(CCN(C)CCN2CCN(c3cccc(Cl)c3)C2=O)cc1OC,5.6,5.7258
COc1ccc(CCN2CCN(CCc3ccc([N+](=O)[O-])cc3)CC2)cc1,8.15,8.120199999999997
COc1ccc(CN(C)C)c(Oc2ccc(Cl)c(Cl)c2)c1,6.63,5.891800000000006
COc1ccc(CN2CCC(NC(=O)c3cc(=O)c4ccc(F)cc4o3)CC2)c(F)c1,7.83,7.993000000000008
COc1ccc(CN2CCC(NC(=O)c3cc(=O)c4ccc(F)cc4o3)CC2)cc1,8.27,7.791000000000012
COc1ccc(CN2CCC(NC(=O)c3cc(=O)c4ccc(F)cc4o3)CC2)cc1F,8.07,7.835400000000005
COc1ccc(N2CCN(C(C)=O)CC2)cc1N=c1nc(-c2cnc3ccccn23)c(Cl)c[nH]1,5.37,5.08315
COc1ccc(N2CCNCC2)cc1N=c1nc(-c2cnc3ccccn23)c(Cl)c[nH]1,5.32,5.272699999999999
COc1ccc(N2CCOCC2)cc1N=c1nc(-c2cnc3ccccn23)c(Cl)c[nH]1,5.29,5.486749999999998
COc1ccc2c(=O)cc(C(=O)NC3CCN(Cc4ccc5c(c4)OCO5)CC3)oc2c1,7.94,8.281500000000003
COc1ccc2c(c1)C1(CCC2)CCN(CCCSc2nnc(-c3ocnc3C)n2C)C1,5.2,5.607299999999996
COc1ccc2c(c1)CCCC21CCN(CCCSc2nnc(-c3ocnc3C)n2C)C1,5.7,5.460299999999997
COc1ccc2ncc(C#N)c(CC(O)C34CCC(NCc5ccc6c(n5)NC(=O)CO6)(CC3)CO4)c2n1,8.629999999999999,5.154649999999999
COc1ccc2ncc(C#N)c(CCC34CCC(NCc5ccc6c(n5)NC(=O)CO6)(CC3)CO4)c2n1,6.43,6.212449999999999
COc1ccc2ncc(C(F)(F)F)c(CCC34CCC(NCc5ccc6c(n5)NC(=O)CO6)(CC3)CO4)c2n1,6.89,5.58755
COc1ccc2ncc(C(F)F)c(CCC34CCC(NCc5ccc6c(n5)NC(=O)CO6)(CC3)CO4)c2n1,5.23,5.747199999999998
COc1ccc2ncc(C)c(CCC34CCC(NCc5ccc6c(n5)NC(=O)CO6)(CC3)CO4)c2n1,4.56,5.850399999999997
COc1ccc2ncc(CO)c(CCC34CCC(NCc5ccc6c(n5)NC(=O)CO6)(CC3)CO4)c2n1,5.84,5.677199999999998
COc1ccc2ncc(Cl)c(CCC34CCC(NCc5ccc6c(n5)NC(=O)CO6)(CC3)CO4)c2n1,6.5,5.6145
COc1ccc2ncc(F)c(C(=O)CC34CCC(NCc5ccc6c(n5)NC(=O)CO6)(CC3)CO4)c2n1,5.92,5.216349999999995
COc1ccc2ncc(F)c(C(C)(O)CC34CCC(NCc5ccc6c(n5)NC(=O)CO6)(CC3)CO4)c2n1,5.19,5.4841999999999995
COc1ccc2ncc(F)c(C(CC34CCC(NCc5ccc6c(n5)NC(=O)CO6)(CC3)CO4)C(=O)O)c2n1,6.0,5.085499999999999
COc1ccc2ncc(F)c(C(CO)CC34CCC(NCc5ccc6c(n5)NC(=O)CO6)(CC3)CO4)c2n1,4.96,5.387550000000001
COc1ccc2ncc(F)c(C(O)C(O)C34CCC(NCc5ccc6c(n5)NC(=O)CO6)(CC3)CO4)c2n1,4.33,5.447799999999997
COc1ccc2ncc(F)c(C(O)CC34CCC(NCc5ccc6c(n5)NC(=O)CO6)(CC3)CO4)c2n1,5.645,5.180049999999999
COc1ccc2ncc(F)c(C3OC(=O)OC3C34CCC(NCc5ccc6c(n5)NC(=O)CO6)(CC3)CO4)c2n1,5.13,5.39255
COc1ccc2ncc(F)c(CC(=NO)C34CCC(NCc5ccc6c(n5)NC(=O)CO6)(CC3)CO4)c2n1,5.535,5.32625
COc1ccc2ncc(F)c(CC(=O)C34CCC(NCc5ccc6c(n5)NC(=O)CO6)(CC3)CO4)c2n1,5.03,5.499850000000004
COc1ccc2ncc(F)c(CC(C)(O)C34CCC(NCc5ccc6c(n5)NC(=O)CO6)(CC3)CO4)c2n1,5.21,5.376350000000001
COc1ccc2ncc(F)c(CC(F)C34CCC(NCc5ccc6c(n5)NC(=O)CO6)(CC3)CO4)c2n1,5.5,5.355000000000006
COc1ccc2ncc(F)c(CC(N)C34CCC(NCc5ccc6c(n5)NC(=O)CO6)(CC3)CO4)c2n1,5.38,5.319700000000004
COc1ccc2ncc(F)c(CC(NOC(C)=O)C34CCC(NCc5ccc6c(n5)NC(=O)CO6)(CC3)CO4)c2n1,4.74,5.468550000000001
COc1ccc2ncc(F)c(CC(NS(C)(=O)=O)C34CCC(NCc5ccc6c(n5)NC(=O)CO6)(CC3)CO4)c2n1,5.48,5.299200000000004
COc1ccc2ncc(F)c(CC(O)(C(F)(F)F)C34CCC(NCc5ccc6c(n5)NC(=O)CO6)(CC3)CO4)c2n1,5.62,5.4263
COc1ccc2ncc(F)c(CC(O)C34CCC(NCc5ccc6c(n5)NC(=O)CO6)(CC3)CO4)c2n1,4.58,5.570349999999996
COc1ccc2ncc(F)c(CC(OC)C34CCC(NCc5ccc6c(n5)NC(=O)CO6)(CC3)CO4)c2n1,5.22,5.513950000000007
COc1ccc2ncc(F)c(CC(OCC(=O)O)C34CCC(NCc5ccc6c(n5)NC(=O)CO6)(CC3)CO4)c2n1,5.52,5.145750000000005
COc1ccc2ncc(F)c(CC(OCCO)C34CCC(NCc5ccc6c(n5)NC(=O)CO6)(CC3)CO4)c2n1,5.85,5.144999999999999
COc1ccc2ncc(F)c(CCC34CCC(NCc5ccc6c(n5)NC(=O)CO6)(CC3)CO4)c2n1,5.68,5.470650000000003
COc1ccc2ncc(O)c(CCC34CCC(NCc5ccc6c(n5)NC(=O)CO6)(CC3)CO4)c2n1,5.71,5.793799999999997
COc1ccc2ncc(OC)c(CCC34CCC(NCc5ccc6c(n5)NC(=O)CO6)(CC3)CO4)c2n1,5.37,5.825599999999997
COc1ccc2ncc(S(C)(=O)=O)c(CCC34CCC(NCc5ccc6c(n5)NC(=O)CO6)(CC3)CO4)c2n1,5.81,5.543500000000002
COc1ccc2nccc(CCC34CCC(NCc5ccc6c(n5)NC(=O)CO6)(CC3)CO4)c2n1,6.25,8.099799999999995
COc1cccc(-c2c[nH]c(C3Cc4c([nH]c5ccccc45)C(C4CCOCC4)N3)n2)c1,6.61,6.750650000000002
COc1cccc(-c2c[nH]c(C3Cc4c([nH]c5ccccc45)C(c4cnn(C)c4)(c4noc(C)n4)N3)n2)n1,5.44,5.389450000000002
COc1cccc(-c2cc3c(=NC4CCC(C)(N)C4(C)C)c(C(N)=O)c[nH]n3c2)c1,5.14,5.129600000000005
COc1cccc(-n2cc3nc(-c4ccccc4C)n(CC4CCCN(C(C)C)C4)c(=O)c3n2)c1,4.82,4.8862999999999985
COc1cccc(-n2cc3nc(-c4cccnc4C)n(CC4CCCN(C(C)C)C4)c(=O)c3n2)c1,4.33,4.8896999999999995
COc1cccc(-n2cc3nc(-c4cccnc4C)n(CC4CCCN(CC5CCCO5)C4)c(=O)c3n2)c1,4.36,5.134599999999998
COc1cccc(-n2cc3nc(C)n(CC4CCCN(CC5CCCO5)C4)c(=O)c3n2)c1,5.54,5.0367500000000005
COc1cccc(-n2cc3nc(CC(C)C)n(CC4CCCN(CC5CCCO5)C4)c(=O)c3n2)c1,5.5,5.089800000000004
COc1cccc(C(=O)Cn2c(=O)c3c(c(C#N)c(N4CCCC(N)C4)n3CC=C(C)C)n(C)c2=O)c1,5.8,6.257599999999994
COc1cccc(C(=O)Cn2c(=O)c3c(c(C#N)c(N4CCCC(N)C4)n3Cc3ccccc3)n(C)c2=O)c1,7.0,6.0151999999999965
COc1cccc(C(=O)Cn2c(=O)c3c(c(C#N)c(N4CCCNCC4)n3CC=C(C)C)n(C)c2=O)c1,5.96,6.022899999999994
COc1cccc(C(C)N2C3CCC2CC(Oc2cccc(C(N)=O)c2)C3)c1,8.34,8.309400000000004
COc1cccc(C2(O)CCC(N3CC(NC(=O)CN=c4[nH]cnc5ccc(C(F)(F)F)cc45)C3)CC2)n1,4.87,4.765300000000001
COc1cccc(C23CC2CN(CCCSc2nnc(-c4ocnc4C)n2C)C3)c1,5.4,5.7578999999999985
COc1cccc(C2CCCN(CCN3CCN(c4cccc(Cl)c4)C3=O)C2)c1,6.7,5.970650000000001
COc1cccc(CCN(C)CCN2CCN(c3cccc(Cl)c3)C2=O)c1,6.2,5.702899999999999
COc1cccc(CN2CCC(NC(=O)c3cc(=O)c4ccc(F)cc4o3)CC2)c1,7.98,7.964200000000003
COc1cccc(F)c1CC(c1ccccc1)N1CCNCC1,5.07,4.808100000000001
COc1cccc(N2CCN(CCN(C)CC34CCC(CC3)C4(C)C)C2=O)c1,5.7,5.207499999999999
COc1cccc(N2CCN(CCN3CCC(C(F)(F)F)CC3)C2=O)c1,4.6,5.409899999999998
COc1cccc(N2CCN(CCN3CCN(C(C)C)CC3)C2=O)c1,4.2,5.324299999999998
COc1cccc2c1CCCC21CCN(CCCSc2nnc(-c3ocnc3C)n2C)C1,5.7,5.475199999999998
COc1ccccc1-c1cc2c(=NC3CCC(C)(N)C3(C)C)c(C(N)=O)c[nH]n2c1,5.12,5.130300000000002
COc1ccccc1CC(c1ccc(F)cc1)N1CCNCC1,4.8,4.612800000000003
COc1ccccc1CC(c1ccccc1)N1CCNCC1,4.41,4.8530999999999995
COc1ccccc1CC(c1ccccc1F)N1CCNCC1,4.4,4.953000000000004
COc1ccccc1N1CCN(CCCCNS(=O)(=O)c2ccc(C)cc2)CC1,5.3,5.766799999999997
COc1cnc(OC)c(C(c2cc3cc(Br)ccc3nc2OC)C(O)(CCN(C)C)c2cc(OC)nc(OC)c2)c1,5.66,5.367300000000001
COc1cnc(OC)c(C(c2cc3cc(C#N)ccc3nc2OC)C(O)(CCN(C)C)c2cc(OC)nc(OC)c2)c1,5.51,5.415150000000001
COc1cnc2c(CCC34CCC(NCc5ccc6c(n5)NC(=O)CO6)(CC3)CO4)ccnc2c1,7.81,8.605800000000002
COc1cnccc1C1CCC(N2CC(NC(=O)CN=c3[nH]cnc4ccc(C(F)(F)F)cc34)C2)CC1,4.7,4.713199999999997
COc1nc2c(CCC34CCC(NCc5ccc6c(n5)NC(=O)CO6)(CC3)CO4)c(F)cnc2cc1C(F)(F)F,8.77,7.959899999999994
COc1nc2c(CCC34CCC(NCc5ccc6c(n5)NC(=O)CO6)(CC3)CO4)c(F)cnc2cc1F,9.14,7.993300000000004
COc1nc2c(CCC34CCC(NCc5ccc6c(n5)NC(=O)CO6)(CC3)CO4)ccnc2cc1C#N,8.8,8.7316
COc1nc2c(CCC34CCC(NCc5ccc6c(n5)NC(=O)CO6)(CC3)CO4)ccnc2cc1Cl,8.38,8.645599999999996
COc1nc2c(CCC34CCC(NCc5ccc6c(n5)NC(=O)CO6)(CC3)CO4)ccnc2cc1F,8.6,8.742899999999993
COc1nc2ccc(Br)cc2cc1C(c1ccccc1)C(O)(CCN(C)C)c1cccc2ccccc12,5.8,5.320800000000002
COc1ncccc1C(=O)N1CCC(NCc2cncn2Cc2ccc(C#N)cc2)C1=O,4.68,5.034400000000006
COc1nccnc1N1C(=O)N(c2ccc(-c3ccc(C(=O)O)cc3C)cc2)C(=O)C12CCN(Cc1ncccc1C)CC2,5.85,4.9869
CS(=O)(=O)Cc1ccc(CN2C3CCC2CC(Oc2cccc(C(N)=O)c2)C3)cc1,8.18,8.470750000000013
CS(=O)(=O)NCCN(CCc1ccc(Cl)cc1)C1CCN(c2nc(=N)[nH][nH]2)CC1,5.14,5.1937999999999995
CS(=O)(=O)c1cc(CCN2CCN(CCc3ccc4c(c3)COC4=O)CC2)ccc1C#N,5.33,6.255999999999999
CS(=O)(=O)c1ccc(CCN2CCN(CCc3ccc([N+](=O)[O-])cc3)CC2)cc1,6.82,8.287199999999993
CSc1cc(CCN2CCN(CCc3ccc4c(c3)COC4=O)CC2)ccc1C#N,6.34,6.255999999999999
CSc1ccc(Oc2ccccc2CN(C)C)cc1,5.52,5.538900000000001
CSc1ccc2c(c1)N(CCC1CCCCN1C)c1ccccc1S2,7.48,5.960500000000001
CSc1ncccc1C(=O)N1CCC(NCc2cncn2Cc2ccc(C#N)cc2)C1=O,5.11,4.926600000000001
Cc1[nH]cnc1CN1CCc2c(c3ccccc3n2C)C1=O,5.5,5.302700000000001
Cc1c(CCN2CCN(C(=O)Cc3ccc(-n4cnnn4)cc3)CC2)ccc2c1COC2=O,4.7,4.649199999999998
Cc1c(OC2CC3CCC(C2)N3Cc2ccccc2)cccc1C(N)=O,5.96,6.141500000000008
Cc1c[nH]c(=NC(=O)C(CN2CC(O)C2)Oc2ncnc3c2cnn3-c2c(Cl)cccc2Cl)cn1,4.21,4.900249999999996
Cc1cc(-c2cc3c(=NC4CCC(C)(N)C4(C)C)c(C(N)=O)c[nH]n3c2)ccn1,4.52,5.071750000000004
Cc1cc(-c2nc3c4c(ccc3o2)CCN(CCCSc2nnc(-c3ocnc3C)n2C)CC4)n(C)n1,6.1,5.5736000000000026
Cc1cc(-c2nc3cc4c(cc3o2)CCN(CCCSc2nnc(-c3ocnc3C)n2C)CC4)n(C)n1,6.0,5.468599999999997
Cc1cc(-n2cnnn2)ccc1CC(=O)N1CCN(CCc2ccc3c(c2)COC3=O)CC1,5.85,5.111000000000002
Cc1cc(C#N)nc2c(CCC34CCC(NCc5ccc6c(n5)NC(=O)CO6)(CC3)CO4)ccnc12,8.68,8.39859999999999
Cc1cc(C(=O)O)ccc1-c1ccc(N2C(=O)N(c3cc(=O)[nH]cn3)C3(CCN(Cc4ncccc4C)CC3)C2=O)cn1,4.7,5.1168000000000005
Cc1cc(C(=O)O)ccc1-c1ccc(N2C(=O)N(c3cc(C(F)(F)F)ncn3)C3(CCN(Cc4ncccc4C)CC3)C2=O)cc1,4.68,4.696100000000001
Cc1cc(C(=O)O)ccc1-c1ccc(N2C(=O)N(c3ccncn3)C3(CCN(Cc4ncccc4C)CC3)C2=O)cc1,4.66,4.645499999999998
Cc1cc(C(=O)O)ccc1-c1ccc(N2C(=O)N(c3cnccn3)C3(CCN(Cc4ncccc4C)CC3)C2=O)cc1,5.14,5.1553000000000075
Cc1cc(C(=O)O)ccc1-c1ccc(N2C(=O)N(c3cnccn3)C3(CCN(Cc4ncccc4C)CC3)C2=O)cn1,5.6,5.008549999999993
Cc1cc(C(=O)O)ccc1-c1ccc(N2C(=O)N(c3ncccn3)C3(CCN(Cc4ncccc4C)CC3)C2=O)cc1,4.64,4.816100000000007
Cc1cc(C(=O)O)ccc1-c1ccc(N2C(=O)N(c3nccnc3C)C3(CCN(Cc4ncccc4C)CC3)C2=O)cc1,5.11,5.168000000000001
Cc1cc(C(F)(F)F)ccc1C12CC1CN(CCCSc1nnc(-c3ocnc3C)n1C)C2,6.4,5.8072
Cc1cc(C(N)=O)ccc1OC1CC2CCC(C1)N2Cc1ccccc1,6.0,5.963100000000004
Cc1cc(CCN2CCN(C(=O)Cc3ccc(-n4cnnn4)cc3)CC2)cc2c1C(=O)OC2,5.0,4.984499999999998
Cc1cc(CN(C)C)ccc1OC1CN(C(=O)c2nnc(-c3ccccc3)o2)C1,5.07,5.039250000000001
Cc1cc(CN(C)CCN2CCN(c3cccc(Cl)c3)C2=O)on1,4.3,5.626300000000001
Cc1cc(N2C(=O)N(c3ccc(-c4ccc(C(=O)O)cc4C)cc3)C(=O)C23CCN(Cc2ncccc2C)CC3)ncn1,4.42,4.818000000000002
Cc1cc(OC2CC3CCC(C2)N3Cc2ccccc2)cc(C(N)=O)c1,6.18,6.128900000000003
Cc1cc(S(C)(=O)=O)nc2c(CCC34CCC(NCc5ccc6c(n5)NC(=O)CO6)(CC3)CO4)c(F)cnc12,7.91,8.219799999999998
Cc1cc(S(C)(=O)=O)nc2c(CCC34CCC(NCc5ccc6c(n5)NC(=O)CO6)(CC3)CO4)ccnc12,8.17,8.25089999999999
Cc1cc2c(-c3nnc(SCCCN4CCc5ccc(-c6cc(C)nn6C)cc5CC4)n3C)cccc2cn1,5.7,5.7349
Cc1cc2c(cc1CCN1CCN(C(=O)Cc3ccc(-n4cnnn4)cc3)CC1)COC2=O,4.85,4.9693999999999985
Cc1cc2c(s1)=Nc1ccccc1NC=2N1CCN(C)CC1,6.64,5.390950000000004
Cc1cc2c(s1)=Nc1ccccc1NC=2N1CCNCC1,4.85,6.211599999999994
Cc1ccc(-c2c[nH]c(C3Cc4c([nH]c5ccccc45)C(C4CCOCC4)N3)n2)cc1,7.0,6.743049999999995
Cc1ccc(-c2cc3c(=NC4CCC(C)(N)C4(C)C)c(C(N)=O)c[nH]n3c2)cn1,5.1,4.951749999999997
Cc1ccc(-c2nnc(SCCCN3CC4CC4(c4ccc(C(F)(F)F)cc4)C3)n2C)cn1,6.1,6.090500000000005
Cc1ccc(-c2nnc(SCCCN3CCc4ccc5oc(C(F)(F)F)nc5c4CC3)n2C)cn1,5.8,5.958999999999999
Cc1ccc(C(C)N2C3CCC2CC(Oc2cccc(C(N)=O)c2)C3)cn1,8.52,8.502600000000005
Cc1ccc(C(C)N2C3CCC2CC(Oc2cccc(C(N)=O)c2)C3)s1,8.675,8.36815
Cc1ccc(C23CC2CN(CCCSc2nnc(-c4ocnc4C)n2C)C3)c(F)c1,5.2,6.116000000000002
Cc1ccc(CN2C3CCC2CC(Oc2cccc(C(N)=O)c2)C3)cc1,9.85,8.187849999999992
Cc1ccc(CN2C3CCC2CC(Oc2cccc(C(N)=O)c2)C3)o1,8.55,8.890550000000001
Cc1ccc(CN2C3CCC2CC(Oc2cccc(C(N)=O)c2)C3)s1,8.085,8.968249999999998
Cc1ccc(CN2CCC(CNC(=O)c3cc(Cl)cc(Cl)c3)CC2)cc1,6.87,5.779100000000002
Cc1ccc(N2CCN(CCN(C)CC34CCC(CC3)C4(C)C)C2=O)cc1,5.6,5.325099999999996
Cc1ccc(N2CCN(CCN3Cc4ccccc4C3)C2=O)cn1,4.5,5.2917000000000005
Cc1ccc(N2CCN(CCN3Cc4ccccc4C3)C2=O)s1,4.5,5.3801
Cc1ccc(NC(=O)N2CCN(CC3CCCN(C4CC4)C3)CC2)cc1Cl,5.15,5.46625
Cc1ccc(Oc2ccc(Cl)c(Cl)c2)c(CN(C)C)c1,5.47,5.645899999999997
Cc1ccc2c(-c3nnc(SCCC(C)N4CCc5cc6c(cc5CC4)C(=O)N(C(C)C)C6)n3C)cccc2n1,5.6,4.8205499999999954
Cc1ccc2c(-c3nnc(SCCC(C)N4CCc5cc6c(cc5CC4)C(=O)N(C)C6)n3C)cccc2n1,4.4,5.374150000000003
Cc1ccc2c(-c3nnc(SCCC(C)N4CCc5cc6nc(C(F)(F)F)oc6c(Br)c5CC4)n3C)cccc2n1,5.7,5.702099999999999
Cc1ccc2c(-c3nnc(SCCC(C)N4CCc5cc6nc(C(F)(F)F)oc6c(C)c5CC4)n3C)cccc2n1,6.0,5.571399999999994
Cc1ccc2c(-c3nnc(SCCC(C)N4CCc5cc6nc(C)oc6c(Br)c5CC4)n3C)cccc2n1,5.0,5.211749999999994
Cc1ccc2c(-c3nnc(SCCC(C)N4CCc5cc6nc(C)oc6c(C)c5CC4)n3C)cccc2n1,4.9,5.160399999999998
Cc1ccc2c(-c3nnc(SCCCCN4CCc5cc6c(cc5CC4)C(=O)N(C(C)C)C6)n3C)cccc2n1,5.4,5.0494
Cc1ccc2c(-c3nnc(SCCCCN4CCc5cc6c(cc5CC4)C(=O)N(C)C6)n3C)cccc2n1,4.5,5.493299999999996
Cc1ccc2c(-c3nnc(SCCCCN4CCc5cc6nc(C(F)(F)F)oc6c(Br)c5CC4)n3C)cccc2n1,6.6,6.312500000000001
Cc1ccc2c(-c3nnc(SCCCCN4CCc5cc6nc(C(F)(F)F)oc6c(C)c5CC4)n3C)cccc2n1,6.6,6.300000000000004
Cc1ccc2c(-c3nnc(SCCCCN4CCc5cc6nc(C)oc6c(Br)c5CC4)n3C)cccc2n1,5.3,5.602000000000001
Cc1ccc2c(-c3nnc(SCCCCN4CCc5cc6nc(C)oc6c(C)c5CC4)n3C)cccc2n1,5.8,5.260000000000006
Cc1ccc2c(-c3nnc(SCCCN4CC5CC5(c5ccc(Br)cc5)C4)n3C)cccc2n1,6.6,6.189
Cc1ccc2c(-c3nnc(SCCCN4CC5CC5(c5ccc(C#N)cc5)C4)n3C)cccc2n1,6.2,6.149400000000005
Cc1ccc2c(-c3nnc(SCCCN4CC5CC5(c5ccc(C(C)(C)C)cc5)C4)n3C)cccc2n1,6.6,6.069000000000001
Cc1ccc2c(-c3nnc(SCCCN4CC5CC5(c5ccc(C(F)(F)F)cc5)C4)n3C)cccc2n1,6.55,5.954500000000001
Cc1ccc2c(-c3nnc(SCCCN4CC5CC5(c5ccc(Cl)c(Cl)c5)C4)n3C)cccc2n1,6.0,6.0435000000000025
Cc1ccc2c(-c3nnc(SCCCN4CC5CC5(c5ccc(Cl)cc5)C4)n3C)cccc2n1,5.8,6.183000000000004
Cc1ccc2c(-c3nnc(SCCCN4CC5CC5(c5ccccc5)C4)n3C)cccc2n1,5.7,5.9266000000000005
Cc1ccc2c(-c3nnc(SCCCN4CCc5c(Cl)cc6oc(C)nc6c5CC4)n3C)cccc2n1,5.8,5.362600000000003
Cc1ccc2c(-c3nnc(SCCCN4CCc5cc6c(cc5CC4)C(=O)N(C(C)C)C6)n3C)cccc2n1,5.4,5.1348
Cc1ccc2c(-c3nnc(SCCCN4CCc5cc6c(cc5CC4)N(C)C(=O)CO6)n3C)cccc2n1,5.3,5.314700000000005
Cc1ccc2c(-c3nnc(SCCCN4CCc5cc6c(cc5CC4)N(S(C)(=O)=O)CCO6)n3C)cccc2n1,5.1,5.384400000000003
Cc1ccc2c(-c3nnc(SCCCN4CCc5cc6c(cc5CC4)OCC(=O)N6)n3C)cccc2n1,8.2,6.4189000000000025
Cc1ccc2c(-c3nnc(SCCCN4CCc5cc6c(cc5CC4)OCCN6)n3C)cccc2n1,6.4,6.179400000000003
Cc1ccc2c(-c3nnc(SCCCN4CCc5cc6nc(-c7cc(C)nn7C)oc6cc5CC4)n3C)cccc2n1,6.3,5.846
Cc1ccc2c(-c3nnc(SCCCN4CCc5cc6nc(C(C)(C)C)oc6c(Br)c5CC4)n3C)cccc2n1,6.4,6.3058000000000085
Cc1ccc2c(-c3nnc(SCCCN4CCc5cc6nc(C(C)(C)C)oc6c(C)c5CC4)n3C)cccc2n1,6.6,6.2644
Cc1ccc2c(-c3nnc(SCCCN4CCc5cc6nc(C(C)(C)C)oc6cc5CC4)n3C)cccc2n1,6.1,6.135700000000001
Cc1ccc2c(-c3nnc(SCCCN4CCc5cc6nc(C(C)(F)F)oc6cc5CC4)n3C)cccc2n1,5.9,5.999000000000004
Cc1ccc2c(-c3nnc(SCCCN4CCc5cc6nc(C(C)C)oc6cc5CC4)n3C)cccc2n1,5.7,5.673600000000001
Cc1ccc2c(-c3nnc(SCCCN4CCc5cc6nc(C(F)(F)C(F)(F)F)oc6cc5CC4)n3C)cccc2n1,7.0,6.276000000000003
Cc1ccc2c(-c3nnc(SCCCN4CCc5cc6nc(C(F)(F)F)oc6cc5CC4)n3C)cccc2n1,6.0,6.138500000000004
Cc1ccc2c(-c3nnc(SCCCN4CCc5cc6nc(C)oc6c(Br)c5CC4)n3C)cccc2n1,5.6,5.356800000000003
Cc1ccc2c(-c3nnc(SCCCN4CCc5cc6nc(C)oc6c(C)c5CC4)n3C)cccc2n1,5.3,5.585000000000003
Cc1ccc2c(-c3nnc(SCCCN4CCc5cc6nc(C)sc6cc5CC4)n3C)cccc2n1,5.6,5.700500000000003
Cc1ccc2c(-c3nnc(SCCCN4CCc5cc6nc(C7CC7)oc6cc5CC4)n3C)cccc2n1,6.0,5.9796000000000005
Cc1ccc2c(-c3nnc(SCCCN4CCc5cc6nc(CC(F)(F)F)oc6cc5CC4)n3C)cccc2n1,5.6,6.1534999999999975
Cc1ccc2c(-c3nnc(SCCCN4CCc5cc6nc(CC7CC7)oc6cc5CC4)n3C)cccc2n1,5.9,5.653999999999999
Cc1ccc2c(-c3nnc(SCCCN4CCc5cc6nc(N(C)C)oc6cc5CC4)n3C)cccc2n1,4.7,5.726800000000001
Cc1ccc2c(-c3nnc(SCCCN4CCc5cc6nc(N7CCCCC7)oc6cc5CC4)n3C)cccc2n1,5.3,5.772000000000002
Cc1ccc2c(-c3nnc(SCCCN4CCc5cc6ncoc6cc5CC4)n3C)cccc2n1,5.4,5.657199999999998
Cc1ccc2c(-c3nnc(SCCCN4CCc5cc6onc(C)c6cc5CC4)n3C)cccc2n1,6.1,5.608999999999998
Cc1ccc2c(-c3nnc(SCCCN4CCc5ccc(-c6cc(C)nn6C)cc5CC4)n3C)cccc2n1,5.7,5.818200000000004
Cc1ccc2c(-c3nnc(SCCCN4CCc5ccc6nc(C(C)(F)F)oc6c5CC4)n3C)cccc2n1,5.6,5.8446000000000025
Cc1ccc2c(-c3nnc(SCCCN4CCc5ccc6nc(C(F)(F)F)oc6c5CC4)n3C)cccc2n1,6.0,5.820500000000007
Cc1ccc2c(-c3nnc(SCCCN4CCc5ccc6nc(C)sc6c5CC4)n3C)cccc2n1,5.5,5.5291999999999994
Cc1ccc2c(-c3nnc(SCCCN4CCc5ccc6oc(-c7cc(C)nn7C)nc6c5CC4)n3C)cccc2n1,6.1,5.975000000000002
Cc1ccc2c(-c3nnc(SCCCN4CCc5ccc6oc(C(F)(F)C(F)(F)F)nc6c5CC4)n3C)cccc2n1,6.6,6.471000000000001
Cc1ccc2c(-c3nnc(SCCCN4CCc5ccc6oc(C(F)(F)F)nc6c5CC4)n3C)cccc2n1,5.7,6.1955000000000044
Cc1ccc2c(-c3nnc(SCCCN4CCc5ccc6oc(C)nc6c5CC4)n3C)cccc2n1,5.6,5.278999999999999
Cc1ccc2c(-c3nnc(SCCCN4CCc5nc6cc(C(F)(F)F)ccn6c5CC4)n3C)cccc2n1,6.6,6.032900000000005
Cc1ccc2c(-c3nnc(SCCCN4CCc5nc6ccc(C(F)(F)F)cn6c5CC4)n3C)cccc2n1,5.3,6.188400000000009
Cc1ccc2c(-c3nnc(SCCCN4CCc5nc6ccc(Cl)cn6c5CC4)n3C)cccc2n1,5.8,5.819900000000006
Cc1ccc2c(-c3nnc(SCCCN4CCc5nc6ccccn6c5CC4)n3C)cccc2n1,5.6,5.854600000000006
Cc1ccc2c(-c3nnc(SCCN4CCc5cc6nc(C(F)(F)F)oc6c(Br)c5CC4)n3C)cccc2n1,6.2,6.162499999999994
Cc1ccc2c(-c3nnc(SCCN4CCc5cc6nc(C(F)(F)F)oc6c(C)c5CC4)n3C)cccc2n1,6.4,6.158100000000004
Cc1ccc2c(-c3nnc(SCCN4CCc5cc6nc(C)oc6c(Br)c5CC4)n3C)cccc2n1,5.2,5.1831999999999985
Cc1ccc2c(-c3nnc(SCCN4CCc5cc6nc(C)oc6c(C)c5CC4)n3C)cccc2n1,4.9,5.189000000000001
Cc1ccc2c(-c3nnc(SCCN4CCc5cc6nc(C)oc6cc5CC4)n3C)cccc2n1,4.3,5.0737999999999985
Cc1ccc2nc3c(n2c1)CCN(CCCSc1nnc(-c2cccc4nc(C)ccc24)n1C)CC3,5.6,5.873100000000007
Cc1cccc(-c2cc3c(=NC4CCC(C)(N)C4(C)C)c(C(N)=O)c[nH]n3c2)c1,5.11,5.203650000000003
Cc1cccc(CCN2CCC(C(=O)c3ccc(NS(C)(=O)=O)cc3)CC2)n1,7.74,5.5229
Cc1cccc(CN2C3CCC2CC(Oc2cccc(C(N)=O)c2)C3)c1,9.28,8.61505
Cc1cccc(N2CCN(CCN(C)CC34CCC(CC3)C4(C)C)C2=O)c1,5.8,5.4303
Cc1ccccc1-c1cc2c(=NC3CCC(C)(N)C3(C)C)c(C(N)=O)c[nH]n2c1,5.31,5.0500000000000025
Cc1ccccc1-c1nc2cc(-c3ccc(Cl)cc3)sc2c(=O)n1CC1CCCN(C(C)C)C1,5.68,5.245749999999999
Cc1ccccc1-c1nc2ccc(-c3ccc(Cl)cc3)cc2c(=O)n1CC1CCCN(C(C)C)C1,5.06,5.495949999999998
Cc1ccccc1-c1nc2cn(-c3ccc(Cl)cc3)nc2c(=O)n1CC1CCCN(C(C)C)C1,5.46,5.090000000000001
Cc1ccccc1-c1nc2cn(-c3cccc(C#N)c3)nc2c(=O)n1CC1CCCN(C(C)C)C1,4.66,5.151599999999998
Cc1ccccc1-c1nc2cn(-c3cccc(Cl)c3)nc2c(=O)n1CC1CCCN(C(C)C)C1,5.0,5.232550000000003
Cc1ccccc1C(C)N1C2CCC1CC(Oc1cccc(C(N)=O)c1)C2,8.31,8.638900000000005
Cc1ccccc1CN1C2CCC1CC(Oc1cccc(C(N)=O)c1)C2,9.21,8.514899999999997
Cc1cccnc1CN1CCC2(CC1)C(=O)N(c1ccc(-c3ccc(-c4cc[nH]n4)cc3)cc1)C(=O)N2c1cc(=O)[nH]cn1,5.09,5.332249999999998
Cc1cccnc1CN1CCC2(CC1)C(=O)N(c1ccc(-c3ccc(C(=O)O)cc3)cc1)C(=O)N2c1ccncn1,4.51,4.793000000000006
Cc1cccnc1CN1CCC2(CC1)C(=O)N(c1ccc(-c3ccc(C(=O)O)cc3)cc1)C(=O)N2c1cnccn1,4.8,5.101299999999998
Cc1cccnc1CN1CCC2(CC1)C(=O)N(c1ccc(-c3ccc(C(=O)O)cc3)cc1)C(=O)N2c1ncccn1,4.72,4.7487999999999975
Cc1cccnc1CN1CCC2(CC1)C(=O)N(c1ccc(-c3ccc(N4CCOCC4)cc3)cc1)C(=O)N2c1cc(=O)[nH]cn1,4.89,5.641900000000001
Cc1cccnc1CN1CCC2(CC1)C(=O)N(c1ccc(-c3ccc4scnc4c3)cc1)C(=O)N2c1cc(=O)[nH]cn1,5.82,5.0676999999999985
Cc1cccnc1CN1CCC2(CC1)C(=O)N(c1ccc(-c3ccccc3)cc1)C(=O)N2c1cc(=O)[nH]cn1,6.66,5.073699999999999
Cc1cccnc1CN1CCC2(CC1)C(=O)N(c1ccc(-c3ccno3)cc1)C(=O)N2c1cc(=O)[nH]cn1,4.66,5.510349999999997
Cc1cccnc1CN1CCC2(CC1)C(=O)N(c1ccc(-n3cccn3)cc1)C(=O)N2c1cc(=O)[nH]cn1,5.05,5.2016
Cc1cccnc1CN1CCC2(CC1)C(=O)N(c1ccc(C3CCCCC3)cc1)C(=O)N2c1cc(=O)[nH]cn1,6.0,5.5936999999999975
Cc1cccnc1CN1CCC2(CC1)C(=O)N(c1ccc(N3CCC3=O)cc1)C(=O)N2c1cc(=O)[nH]cn1,4.57,5.471599999999999
Cc1ccn2c3c(nc2c1)CCN(CCCSc1nnc(-c2cccc4nc(C)ccc24)n1C)CC3,6.6,5.764500000000006
Cc1ccncc1-c1cc2c(=NC3CCC(C)(N)C3(C)C)c(C(N)=O)c[nH]n2c1,4.75,5.052699999999999
Cc1ccoc1-c1nnc(SCCCN2CC3CC3(c3ccc(C(F)(F)F)cc3)C2)n1C,6.7,6.000600000000002
Cc1cnc(-c2nnc(SCCCN3CC4CC4(c4ccc(C(F)(F)F)cc4)C3)n2C)cn1,6.1,5.996500000000002
Cc1cnc(-c2nnc(SCCCN3CCc4ccc5oc(C(F)(F)F)nc5c4CC3)n2C)cn1,5.9,5.831599999999998
Cc1nc(-c2ccc(CN3CCC(N(C)C(=O)Cc4ccc(-n5cnnn5)cc4)CC3)cc2)no1,5.19,5.3513
Cc1nc(=NCC(=O)NC2CN(C3CCC(O)(c4cncs4)CC3)C2)c2cc(C(F)(F)F)ccc2[nH]1,4.59,4.5355
Cc1nc(C)c(-c2ccc(N3C(=O)N(c4cc(=O)[nH]cn4)C4(CCN(Cc5ncccc5C)CC4)C3=O)cc2)s1,6.02,4.951800000000002
Cc1nc(C)c(-c2nnc(SCCCN3CC4CC4(c4ccc(C(F)(F)F)cc4)C3)n2C)s1,5.7,6.175000000000004
Cc1nc(C)c(-c2nnc(SCCCN3CCC4(CCc5cc(Cl)ccc54)C3)n2C)s1,5.6,5.720200000000005
Cc1nc(C)c(-c2nnc(SCCCN3CCC4(CCc5ccc(Cl)cc54)C3)n2C)s1,5.6,5.519700000000003
Cc1nc(C)c(-c2nnc(SCCCN3CCC4(CCc5ccc(F)cc54)C3)n2C)s1,5.2,5.730800000000008
Cc1nc(C)c(-c2nnc(SCCCN3CCC4CC4(c4ccc(C(F)(F)F)cc4)CC3)n2C)o1,5.9,5.911499999999998
Cc1nc(C)c(-c2nnc(SCCCN3CCC4CC4(c4ccc(C(F)(F)F)cc4)CC3)n2C)s1,6.2,5.794799999999998
Cc1nc(C)c(-c2nnc(SCCCN3CCc4ccc5oc(C(F)(F)F)nc5c4CC3)n2C)s1,6.1,5.808999999999997
Cc1nc(C2(c3cn[nH]c3)NC(c3nc(-c4ccc(F)cn4)c[nH]3)Cc3c2[nH]c2ccccc32)no1,5.38,5.253049999999998
Cc1nc(C2(c3cnn(C)c3)NC(c3nc(-c4ccc(F)cc4)c[nH]3)Cc3c2[nH]c2ccccc32)no1,5.77,5.474749999999997
Cc1nc(C2(c3cnn(C)c3)NC(c3nc(-c4ccc(F)cn4)c[nH]3)Cc3c2[nH]c2ccccc32)no1,5.07,5.43735
Cc1nc(C2(c3cnn(C)c3)NC(c3nc(-c4ccccc4)c[nH]3)Cc3c2[nH]c2ccccc32)no1,5.75,5.626649999999999
Cc1nc(C2(c3cnn(C)c3)NC(c3nc(-c4ccccn4)c[nH]3)Cc3c2[nH]c2ccccc32)no1,5.285,5.267299999999999
Cc1nc(C2(c3cnn(CC4CC4)c3)NC(c3nc(-c4ccc(F)cn4)c[nH]3)Cc3c2[nH]c2ccccc32)no1,5.5,5.265299999999995
Cc1nc2c(CCC34CCC(NCc5ccc6c(n5)NC(=O)CO6)(CC3)CO4)ccnc2cc1C#N,9.06,8.644799999999993
Cc1nc2c3c(ccc2o1)CCN(CCCSc1nnc(-c2ocnc2C)n1C)CC3,4.9,5.289650000000003
Cc1nc2cc(N3CCN(CCN4Cc5ccccc5C4)C3=O)ccc2s1,5.4,5.303200000000001
Cc1nc2cc3c(cc2o1)CCN(CCCCSc1nnc(-c2ocnc2C)n1C)CC3,4.3,4.796
Cc1nc2cc3c(cc2o1)CCN(CCCSc1nnc(-c2ccc(C(F)(F)F)cc2)n1C)CC3,5.4,5.807000000000003
Cc1nc2cc3c(cc2o1)CCN(CCCSc1nnc(-c2ccc(F)c(F)c2)n1C)CC3,5.0,4.8900000000000015
Cc1nc2cc3c(cc2o1)CCN(CCCSc1nnc(-c2cccnc2)n1C)CC3,4.3,4.820700000000001
Cc1nc2cc3c(cc2o1)CCN(CCCSc1nnc(-c2ocnc2C)n1C)CC3,4.5,4.728000000000002
Cc1nc2cc3c(cc2s1)CCN(CCCSc1nnc(-c2ocnc2C)n1C)CC3,5.5,5.485999999999994
Cc1nc2ccc3c(c2s1)CCN(CCCSc1nnc(-c2ocnc2C)n1C)CC3,4.9,5.486000000000001
Cc1nc2n(c(=O)c1CCN1CCC(c3noc4cc(F)ccc34)CC1)CCCC2,6.83,6.143449999999994
Cc1nc2n(c(=O)c1CCN1CCC(c3noc4cc(F)ccc34)CC1)CCCC2O,5.89,6.608
Cc1nccc(N2C(=O)N(c3ccc(-c4ccc(C(=O)O)cc4C)cc3)C(=O)C23CCN(Cc2ncccc2C)CC3)n1,4.66,4.826200000000003
Cc1ncccc1-c1nc2cn(-c3cccc(OC(C)C)c3)nc2c(=O)n1CC1CCCN(CC2CCCO2)C1,5.17,4.8401
Cc1ncccc1-c1nc2cn(-c3cccc(OC(F)F)c3)nc2c(=O)n1CC1CCCN(CC2CCCO2)C1,5.08,4.8672
Cc1ncccc1-c1nc2cn(-c3ccccc3)nc2c(=O)n1CC1CCCN(CC2CCCO2)C1,4.92,5.178449999999999
Cc1ncccc1-c1nnc(SCCCN2CC3CC3(c3ccc(C(F)(F)F)cc3)C2)n1C,5.3,5.7476999999999965
Cc1ncccc1-c1nnc(SCCCN2CCc3ccc4oc(C(F)(F)F)nc4c3CC2)n1C,5.4,5.552399999999999
Cc1ncccc1C(=O)N1CCC(NCc2cncn2Cc2ccc(C#N)cc2)C1=O,5.0,4.985350000000006
Cc1ncoc1-c1nnc(SCCCN2C3CCC2CC(c2ccc(C(C)(C)C)cc2)C3)n1C,6.0,6.62325
Cc1ncoc1-c1nnc(SCCCN2C3CCC2CC(c2ccc(C(F)(F)F)cc2)C3)n1C,6.8,6.220599999999996
Cc1ncoc1-c1nnc(SCCCN2C3CCC2CC(c2ccc(C(F)(F)F)cc2F)C3)n1C,6.3,6.237499999999999
Cc1ncoc1-c1nnc(SCCCN2C3CCC2CC(c2cccc(C(F)(F)F)c2)C3)n1C,6.3,6.321999999999999
Cc1ncoc1-c1nnc(SCCCN2CC3CC3(c3cc(C(F)(F)F)ccc3F)C2)n1C,5.4,6.096200000000002
Cc1ncoc1-c1nnc(SCCCN2CC3CC3(c3cc(F)cc(C(F)(F)F)c3)C2)n1C,5.7,5.888349999999999
Cc1ncoc1-c1nnc(SCCCN2CC3CC3(c3ccc(Br)cc3)C2)n1C,6.3,6.155000000000005
Cc1ncoc1-c1nnc(SCCCN2CC3CC3(c3ccc(C(C)(C)C)cc3)C2)n1C,6.2,6.139100000000002
Cc1ncoc1-c1nnc(SCCCN2CC3CC3(c3ccc(C(F)(F)F)c(F)c3)C2)n1C,6.2,5.7499999999999964
Cc1ncoc1-c1nnc(SCCCN2CC3CC3(c3ccc(C(F)(F)F)cc3)C2)n1C,6.05,5.958500000000003
Cc1ncoc1-c1nnc(SCCCN2CC3CC3(c3ccc(C(F)(F)F)cc3F)C2)n1C,6.1,5.997999999999996
Cc1ncoc1-c1nnc(SCCCN2CC3CC3(c3ccc(Cl)c(Cl)c3)C2)n1C,6.0,5.961
Cc1ncoc1-c1nnc(SCCCN2CC3CC3(c3ccc(Cl)cc3)C2)n1C,6.1,5.805200000000001
Cc1ncoc1-c1nnc(SCCCN2CC3CC3(c3ccc(Cl)cc3F)C2)n1C,6.3,5.614900000000001
Cc1ncoc1-c1nnc(SCCCN2CC3CC3(c3ccc(F)c(C(F)(F)F)c3)C2)n1C,5.7,5.9549999999999965
Cc1ncoc1-c1nnc(SCCCN2CC3CC3(c3ccc(F)cc3)C2)n1C,5.7,6.265700000000001
Cc1ncoc1-c1nnc(SCCCN2CC3CC3(c3ccc(OC(F)(F)F)cc3)C2)n1C,6.6,5.990500000000001
Cc1ncoc1-c1nnc(SCCCN2CC3CC3(c3cccc(C(F)(F)F)c3)C2)n1C,5.5,6.0812
Cc1ncoc1-c1nnc(SCCCN2CC3CC3(c3cccc(C(F)(F)F)c3F)C2)n1C,5.5,5.6404999999999985
Cc1ncoc1-c1nnc(SCCCN2CC3CC3(c3cccc(Cl)c3)C2)n1C,5.9,5.817200000000003
Cc1ncoc1-c1nnc(SCCCN2CC3CC3(c3cccc(F)c3)C2)n1C,6.0,5.718999999999999
Cc1ncoc1-c1nnc(SCCCN2CC3CC3(c3cccc(OC(F)(F)F)c3)C2)n1C,6.0,6.036950000000001
Cc1ncoc1-c1nnc(SCCCN2CC3CC3(c3ccccc3)C2)n1C,5.8,5.670400000000002
Cc1ncoc1-c1nnc(SCCCN2CC3CC3(c3ccccc3C(F)(F)F)C2)n1C,5.2,5.722199999999999
Cc1ncoc1-c1nnc(SCCCN2CCC3(CCCc4cc(Br)ccc43)C2)n1C,6.2,6.273299999999999
Cc1ncoc1-c1nnc(SCCCN2CCC3(CCCc4ccc(Br)cc43)C2)n1C,5.9,6.026000000000005
Cc1ncoc1-c1nnc(SCCCN2CCC3(CCOc4ccccc43)C2)n1C,5.2,5.522299999999999
Cc1ncoc1-c1nnc(SCCCN2CCC3(CCc4c(Br)cccc43)C2)n1C,6.2,5.637599999999997
Cc1ncoc1-c1nnc(SCCCN2CCC3(CCc4cc(Br)ccc43)C2)n1C,6.5,6.060000000000005
Cc1ncoc1-c1nnc(SCCCN2CCC3(CCc4cc(F)ccc43)C2)n1C,5.6,5.683699999999999
Cc1ncoc1-c1nnc(SCCCN2CCC3(CCc4ccc(Br)cc43)C2)n1C,6.1,6.019999999999997
Cc1ncoc1-c1nnc(SCCCN2CCC3(c4ccc(C(F)(F)F)cc4)CC3C2)n1C,6.1,6.179299999999999
Cc1ncoc1-c1nnc(SCCCN2CCC3(c4cccc(C(F)(F)F)c4)CC3C2)n1C,6.7,5.700950000000002
Cc1ncoc1-c1nnc(SCCCN2CCC3(c4ccccc4)CC3C2)n1C,5.3,5.7911
Cc1ncoc1-c1nnc(SCCCN2CCC3CC3(c3ccc(C(F)(F)F)cc3)C2)n1C,5.7,5.931500000000001
Cc1ncoc1-c1nnc(SCCCN2CCC3CC3(c3ccc(C(F)(F)F)cc3)CC2)n1C,5.8,6.0215000000000005
Cc1ncoc1-c1nnc(SCCCN2CCC3CC3(c3cccc(C(F)(F)F)c3)C2)n1C,5.7,5.775499999999998
Cc1ncoc1-c1nnc(SCCCN2CCC3CC3(c3ccccc3)C2)n1C,5.2,5.6229000000000005
Cc1ncoc1-c1nnc(SCCCN2CCc3cc4c(cc3CC2)N(C)C(=O)CO4)n1C,4.6,5.536999999999998
Cc1ncoc1-c1nnc(SCCCN2CCc3cc4c(cc3CC2)OCC(=O)N4)n1C,7.2,6.898300000000005
Cc1ncoc1-c1nnc(SCCCN2CCc3cc4nc(C(C)C)oc4cc3CC2)n1C,5.4,5.437099999999996
Cc1ncoc1-c1nnc(SCCCN2CCc3cc4nc(C(F)(F)C(F)(F)F)oc4cc3CC2)n1C,6.7,6.407400000000001
Cc1ncoc1-c1nnc(SCCCN2CCc3cc4nc(CC5CC5)oc4cc3CC2)n1C,6.0,5.374799999999997
Cc1ncoc1-c1nnc(SCCCN2CCc3cc4ncoc4cc3CC2)n1C,5.2,5.405199999999995
Cc1ncoc1-c1nnc(SCCCN2CCc3cc4onc(C)c4cc3CC2)n1C,5.2,5.641000000000002
Cc1ncoc1-c1nnc(SCCCN2CCc3ccc4nc(C(C)(F)F)oc4c3CC2)n1C,5.3,5.565000000000003
Cc1ncoc1-c1nnc(SCCCN2CCc3ccc4nc(C(F)(F)F)oc4c3CC2)n1C,5.3,5.716999999999998
Cc1ncoc1-c1nnc(SCCCN2CCc3ccc4oc(C(C)(F)F)nc4c3CC2)n1C,5.6,5.803999999999998
Cc1ncoc1-c1nnc(SCCCN2CCc3ccc4oc(C(F)(F)C(F)(F)F)nc4c3CC2)n1C,6.5,6.198000000000002
Cc1ncoc1-c1nnc(SCCCN2CCc3ccc4oc(C(F)(F)F)nc4c3CC2)n1C,5.9,5.739000000000004
Cc1ncoc1-c1nnc(SCCCN2CCc3nc4cc(C(F)(F)F)ccn4c3CC2)n1C,6.1,5.983050000000002
Cc1ncoc1-c1nnc(SCCCN2CCc3nc4ccc(C(F)(F)F)cn4c3CC2)n1C,5.7,5.716100000000001
Cc1ncoc1-c1nnc(SCCCNC2CC3CC3(c3ccc(C(F)(F)F)cc3F)C2)n1C,6.0,5.688850000000005
Cc1ncoc1-c1nnc(SCCCNC2CC3CC3(c3ccccc3)C2)n1C,5.1,5.656050000000002
Cc1ncoc1-c1nnc(SCCCNC2CCC3(c4ccc(C(F)(F)F)cc4)CC23)n1C,6.2,5.7916500000000015
Cc1ncoc1-c1nnc(SCCCNC2CCC3(c4ccc(C(F)(F)F)cc4F)CC23)n1C,6.2,5.834050000000001
Cc1nnc(C2(c3cnn(C)c3)NC(c3nc(-c4ccc(F)cn4)c[nH]3)Cc3c2[nH]c2ccccc32)o1,5.5,5.1367499999999975
Cc1noc2cc3c(cc12)CCN(CCCSc1nnc(-c2ccc(C(F)(F)F)cc2)n1C)CC3,6.9,6.081000000000006
Cc1oc(-c2ccccc2)nc1C(=O)N1CCC(Oc2ccc(CN3CCCC3)cc2)CC1,5.52,5.158199999999997
ClC1C=NC(c2c[nH]c(-c3cc4c([nH]c5ccccc54)c(C4CCOCC4)n3)n2)CC1,6.33,5.714899999999996
Clc1cc(COCC2(c3ccccc3)CCNCC2)cc(Cl)n1,4.48,4.8118000000000025
Clc1ccc(-c2c[nH]c(C3Cc4c([nH]c5ccccc45)C(C4CCOCC4)N3)n2)cc1,6.84,6.538299999999997
Clc1ccc(-c2c[nH]c(C3Cc4c([nH]c5ccccc45)C(C4CCOCC4)N3)n2)s1,6.28,6.428199999999999
Clc1ccc2c(c1)N=C(N1CCNCC1)c1ccccc1N2,5.35,6.0612
Cn1c(=O)c2c(c(C#N)c(N3CCCC(N)C3)n2Cc2ccccc2)n(C)c1=O,5.37,5.307050000000004
Cn1c(=O)n(Cc2nccc3ccccc23)c(=O)c2c1c(C#N)c(N1CCCC(N)C1)n2Cc1ccccc1,5.55,5.109100000000005
Cn1c(SCCCN2CC3CC3(c3ccc(C(F)(F)F)cc3)C2)nnc1-c1ccccc1,6.2,6.244600000000004
Cn1c(SCCCN2CC3CC3(c3ccc(C(F)(F)F)cc3)C2)nnc1-c1ccnnc1,5.4,5.637900000000003
Cn1c(SCCCN2CC3CC3(c3ccc(C(F)(F)F)cc3)C2)nnc1-c1cncnc1,5.5,6.098200000000003
Cn1c(SCCCN2CCC3CC3(c3ccc(C(F)(F)F)cc3)CC2)nnc1-c1ccnnc1,5.3,5.617599999999995
Cn1c(SCCCN2CCc3ccc4oc(C(F)(F)F)nc4c3CC2)nnc1-c1ccccc1,6.6,6.0203999999999995
Cn1cc(-c2ccc(OC3CCN(C(=O)Cc4ccc(OC(F)(F)F)cc4)C3)c(C(N)=O)n2)cn1,5.17,5.121199999999995
Cn1cc(-c2ccc(OC3CCN(C(=O)Cc4ccc(OC(F)(F)F)cc4)CC3)c(C(N)=O)c2)cn1,5.35,5.165900000000001
Cn1cc(-c2ccc(OC3CCN(C(=O)Cc4ccc(OC(F)(F)F)cc4)CC3)c(C(N)=O)n2)cn1,5.28,5.185450000000003
Cn1cc(-c2ccc(OC3CCN(C(=O)Nc4ccc(OC(F)(F)F)cc4)CC3)c(C(N)=O)c2)cn1,5.42,5.240750000000004
Cn1cc(C2(c3ccc(C(=O)O)cn3)NC(c3nc(-c4ccc(F)cc4)c[nH]3)Cc3c2[nH]c2ccccc32)cn1,4.02,4.961499999999997
Cn1cc(C2(c3n[nH]c(=N)o3)NC(c3nc(-c4ccc(F)cn4)c[nH]3)Cc3c2[nH]c2ccccc32)cn1,4.45,5.129999999999999
Cn1cc(C2(c3nc(=O)o[nH]3)NC(c3nc(-c4ccc(F)cn4)c[nH]3)Cc3c2[nH]c2ccccc32)cn1,5.92,5.063500000000002
Cn1cc(C2(c3nn(C)c(=O)o3)NC(c3nc(-c4ccc(F)cn4)c[nH]3)Cc3c2[nH]c2ccccc32)cn1,4.59,4.623600000000005
Cn1cc(C2(c3noc(CN)n3)NC(c3nc(-c4ccc(F)cn4)c[nH]3)Cc3c2[nH]c2ccccc32)cn1,5.43,5.151399999999999
Cn1cnc(-c2c[nH]c(=N)c(OC3CN(C(=O)Cc4ccc(OC(F)(F)F)cc4)CC3(F)F)c2)c1,4.82,4.588300000000005
Cn1cnc(-c2c[nH]c(=N)c(OC3CN(C(=O)Cc4ccc(OC(F)(F)F)cc4)CC3F)c2)c1,4.8100000000000005,4.821399999999998
Cn1cnc(-c2ccc(OC3CCN(C(=O)Cc4ccc(OC(F)(F)F)cc4)CC3)c(C(N)=O)c2)c1,4.75,5.265800000000005
Cn1cnc(-c2cnc(OC3CCN(C(=O)Cc4ccc(OC(F)(F)F)cc4)CC3)c(C(N)=O)c2)c1,5.35,4.979749999999998
Cn1cnc(-c2cnc(OC3CCN(C(=O)Cc4ccc(OC(F)(F)F)cc4)CC3F)c(C(N)=O)c2)c1,4.949999999999999,5.052700000000004
Cn1nc(C(=O)N2CCC(Oc3ccc(CN4CCCC4)cc3)CC2)cc1-c1ccccc1,5.13,5.23515
Cn1nc(C2(c3cn[nH]c3)NC(c3nc(-c4ccc(F)cn4)c[nH]3)Cc3c2[nH]c2ccccc32)oc1=O,4.67,4.704849999999997
FC(F)(F)Oc1ccc(-c2c[nH]c(C3Cc4c([nH]c5ccccc45)C(C4CCOCC4)N3)n2)cc1,6.89,6.935600000000001
FC(F)(F)Oc1cccc(-c2c[nH]c(C3Cc4c([nH]c5ccccc45)C(C4CCOCC4)N3)n2)c1,7.24,6.5465
FC(F)(F)Oc1ccccc1CC(c1ccccc1)N1CCNCC1,4.96,5.221999999999997
FC(F)(F)c1cc(COCC2(c3ccccc3)CCNCC2)nc(C2CC2)c1,5.26,5.1331000000000016
FC(F)(F)c1cc(COCC2(c3ccccc3)CCNCC2)nc(N2CCCC2)c1,5.64,5.020999999999999
FC(F)(F)c1cc(Cl)cc(COCC2(c3ccccc3)CCNCC2)c1,5.14,5.100100000000005
FC(F)(F)c1cc(Cl)cc(COCC2(c3ccccc3)CCNCC2)n1,4.6,5.086199999999996
FC(F)(F)c1cc(Cl)nc(COCC2(c3ccccc3)CCNCC2)c1,4.55,4.793900000000001
FC(F)(F)c1ccc(-c2c[nH]c(C3Cc4c([nH]c5ccccc45)C(C4CCOCC4)N3)n2)cc1,6.8,6.606599999999995
FC(F)Oc1ccccc1CC(c1ccccc1)N1CCNCC1,4.9,5.0665999999999976
FC1C=NC(c2c[nH]c(-c3cc4c([nH]c5ccccc54)c(C4CCCCC4)n3)n2)CC1,6.77,6.5148000000000055
FC1C=NC(c2c[nH]c(-c3cc4c([nH]c5ccccc54)c(C4CCOCC4)n3)n2)CC1,5.76,5.898249999999999
Fc1cc2ncn(C3CC4C(CNC(c5ccc(Cl)cc5)C(F)(F)F)C4C3)c2cc1F,6.34,5.353099999999999
Fc1ccc(-c2c[nH]c(C3Cc4c([nH]c5ccccc45)C(C4CCOCC4)N3)n2)c(F)c1,6.2,6.315599999999997
Fc1ccc(-c2c[nH]c(C3Cc4c([nH]c5ccccc45)C(C4CCOCC4)N3)n2)cc1,6.42,6.720249999999993
Fc1ccc(-c2c[nH]c(C3Cc4c([nH]c5ccccc45)C(C4CCOCC4)N3)n2)cc1F,6.46,6.559399999999999
Fc1ccc(C(Cc2ccccc2OC(F)(F)F)N2CCNCC2)cc1,5.09,5.1478
Fc1ccc(C(Cc2ccccc2OC(F)F)N2CCNCC2)cc1,5.04,5.087499999999995
Fc1ccc(C2(COCc3cc(C(F)(F)F)cc(Cl)n3)CCNCC2)cc1,4.7,4.832700000000006
Fc1cccc(-c2c[nH]c(C3Cc4c([nH]c5ccccc45)C(C4CCOCC4)N3)n2)c1,6.59,6.494700000000002
Fc1cccc(C(Cc2ccccc2OC(F)(F)F)N2CCNCC2)c1,5.21,5.158049999999992
Fc1cccc(C(Cc2ccccc2OC(F)F)N2CCNCC2)c1,5.08,5.0677999999999965
Fc1cccc(OC(F)F)c1CC(c1ccccc1)N1CCNCC1,4.98,5.021649999999996
Fc1ccccc1-c1c[nH]c(C2Cc3c([nH]c4ccccc34)C(C3CCOCC3)N2)n1,6.3,6.374499999999996
Fc1ccccc1C(Cc1ccccc1OC(F)(F)F)N1CCNCC1,5.69,5.083799999999995
Fc1ccccc1C(Cc1ccccc1OC(F)F)N1CCNCC1,5.19,5.247199999999998
N#CC1(COc2ccc3ncc(F)c(CCC45CCC(NCc6ccc7c(n6)NC(=O)CO7)(CC4)CO5)c3n2)CC1,5.26,5.450150000000001
N#CCCCOc1ccc2ncc(F)c(CCC34CCC(NCc5ccc6c(n5)NC(=O)CO6)(CC3)CO4)c2n1,5.05,5.5488500000000025
N#Cc1cc(=NCC(=O)NC2CN(C3CCC(O)(c4cncs4)CC3)C2)c2cc(C(F)(F)F)ccc2[nH]1,4.46,4.594499999999996
N#Cc1cc(C2CCC(C(N)=O)N2)ccc1OCc1ccccc1F,4.8,5.151399999999996
N#Cc1cc(CC(=O)N2CCN(CCc3ccc4c(c3)COC4=O)CC2)ccc1-n1cnnn1,5.15,5.2034
N#Cc1cc(N2CCN(CCN3CCC(C(F)(F)F)CC3)C2=O)ccc1F,5.2,5.166200000000001
N#Cc1cc(N2CCN(CCN3Cc4ccccc4C3)C2=O)ccc1F,5.0,5.2463000000000015
N#Cc1ccc(=NC(=O)C(CN2CC(O)C2)Oc2ncnc3c2cnn3-c2c(Cl)cccc2C#N)[nH]c1,5.1,4.737799999999999
N#Cc1ccc(=NC(=O)C(CN2CC(O)C2)Oc2ncnc3c2cnn3-c2c(Cl)cccc2Cl)[nH]c1,5.2,4.865800000000002
N#Cc1ccc(=NC(=O)C(CN2CC(O)C2)Oc2ncnc3c2cnn3-c2ccccc2Cl)[nH]c1,5.0,4.9502999999999995
N#Cc1ccc(=NC(=O)C(COCCO)Oc2ncnc3c2cnn3-c2ncccc2Cl)[nH]c1,4.3,4.4189000000000025
N#Cc1ccc(CCN2CCN(C(=O)Cc3ccc(-n4cnnn4)cc3)CC2)cc1,6.38,5.25095
N#Cc1ccc(CCN2CCN(CCc3ccc(C#N)cc3)CC2)cc1,7.92,6.180600000000002
N#Cc1ccc(CCN2CCN(CCc3ccc([N+](=O)[O-])cc3)CC2)cc1,8.05,7.9302999999999955
N#Cc1ccc(CCN2CCN(CCc3ccc4c(c3)COC4=O)CC2)cc1,6.37,6.100100000000006
N#Cc1ccc(CCN2CCN(CCc3ccc4c(c3)COC4=O)CC2)cc1Br,6.25,6.369700000000002
N#Cc1ccc(CCN2CCN(CCc3ccc4c(c3)COC4=O)CC2)cc1Cl,6.92,6.237000000000003
N#Cc1ccc(CCN2CCN(CCc3ccc4c(c3)COC4=O)CC2)cc1F,6.77,6.401999999999999
N#Cc1ccc(CCN2CCN(CCc3ccc4c(c3)COC4=O)CC2)cc1OC(F)(F)F,6.96,6.235099999999999
N#Cc1ccc(CCN2CCN(CCc3ccc4c(c3)COC4=O)CC2)cc1OC1CC1,6.33,6.445599999999993
N#Cc1ccc(CCN2CCN(CCc3ccc4nonc4c3)CC2)cc1,7.38,6.739099999999996
N#Cc1ccc(COc2ccc(C3CCC(C(N)=O)N3)cc2)cc1,5.1,5.025400000000002
N#Cc1ccc(Cn2cncc2CN(CCCN)C2CCN(Cc3ccccc3)C2=O)cc1,6.32,6.728100000000008
N#Cc1ccc(Cn2cncc2CN(CCCc2ccccc2)C2CCN(Cc3ccccc3)C2=O)cc1,7.62,6.301400000000005
N#Cc1ccc(Cn2cncc2CN(CCN2CCNCC2)C2CCN(Cc3ccccc3)C2=O)cc1,5.96,6.241900000000006
N#Cc1ccc(Cn2cncc2CN(CCN2CCOCC2)C2CCN(Cc3ccccc3)C2=O)cc1,6.72,5.743949999999999
N#Cc1ccc(Cn2cncc2CN(Cc2cccnc2)C2CCN(Cc3ccccc3)C2=O)cc1,6.06,6.150200000000003
N#Cc1ccc(Cn2cncc2CNC2CCN(C(=O)c3ccc[nH]c3=N)C2=O)cc1,4.3,4.896899999999999
N#Cc1ccc(Cn2cncc2CNC2CCN(C(=O)c3ccc[nH]c3=O)C2=O)cc1,4.3,4.896899999999999
N#Cc1ccc(Cn2cncc2CNC2CCN(C(=O)c3ccc[nH]c3=S)C2=O)cc1,4.96,4.587700000000007
N#Cc1ccc(Cn2cncc2CNC2CCN(C(=O)c3cccc(Cl)c3)C2)cc1,5.24,5.581100000000003
N#Cc1ccc(Cn2cncc2CNC2CCN(C(=O)c3cccc(Cl)c3)C2=O)cc1,5.24,5.374800000000005
N#Cc1ccc(Cn2cncc2CNC2CCN(C(=O)c3cncc(Br)c3)C2=O)cc1,5.22,5.1845500000000015
N#Cc1ccc(Cn2cncc2CNC2CCN(Cc3cccc(Cl)c3)C2=O)cc1,6.36,5.4953499999999975
N#Cc1ccc(Cn2cncc2CNC2CCN(Cc3ccccc3)C2=O)cc1,5.14,5.8441000000000045
N#Cc1ccc(Cn2cncc2CNC2CCN(c3cccc4ncccc34)C2=O)cc1,5.09,5.3815
N#Cc1ccc(Cn2cncc2CNC2CCN(c3ccncc3)C2=O)cc1,5.5,5.131649999999997
N#Cc1ccc2c(=O)cc(C(=O)NC3CCN(Cc4ccc5c(c4)OCO5)CC3)oc2c1,8.3,8.31750000000001
N#Cc1ccc2c(c1)CCN(CCC1CCC(NC(=O)c3ccnc4ccccc34)CC1)C2,5.7,5.718549999999997
N#Cc1ccc2c(c1)CN(C1CCN(c3nc(=N)[nH][nH]3)CC1)C(Cc1ccc(Cl)cc1)CO2,4.64,5.278950000000002
N#Cc1ccc2cc1Oc1cc(Cl)cc(c1)CN1CCC(NCc3cncn3C2)C1=O,6.66,5.426449999999994
N#Cc1ccc2cc1Oc1ccc(Br)c(c1)CN1CCC(NCc3cncn3C2)C1=O,5.34,5.408099999999995
N#Cc1ccc2cc1Oc1ccc3c(c1)C(CC3)N1CCC(NCc3cncn3C2)C1=O,5.57,6.022200000000001
N#Cc1ccc2cc1Oc1ccc3c(c1)C(CCC3)N1CCC(NCc3cncn3C2)C1=O,5.16,5.88435
N#Cc1ccc2cc1Oc1ccc3c(c1)C(CCO3)N1CCC(NCc3cncn3C2)C1=O,6.82,5.432499999999996
N#Cc1ccc2cc1Oc1ccc3cccc(c3c1)N1CCC(NC(=O)Cc3cncn3C2)C1=O,5.0,5.289849999999993
N#Cc1ccc2cc1Oc1ccc3cccc(c3c1)N1CCC(NCCc3cncn3C2)C1=O,5.885,5.230799999999993
N#Cc1ccc2cc1Oc1ccc3cccc(c3c1)N1CCC(NCc3cncn3C2)C1=O,5.03,5.516549999999995
N#Cc1ccc2cc1Oc1cccc(c1)-c1ccccc1N1CCC(NCc3cncn3C2)C1=O,5.58,5.589249999999997
N#Cc1ccc2cc1Oc1cccc(c1)C(c1cccc(Cl)c1)N1CCC(NCc3cncn3C2)C1=O,6.6850000000000005,5.715999999999997
N#Cc1ccc2cc1Oc1cccc(c1)C(c1ccccc1)N1CCC(NCc3cncn3C2)C1=O,6.02,5.845199999999997
N#Cc1ccc2cc1Oc1cccc(c1)CN1CCC(NCc3cncn3C2)C1=O,5.145,5.367899999999995
N#Cc1ccc2ncc(C#N)c(CCC34CCC(NCc5ccc6c(n5)NC(=O)CO6)(CC3)CO4)c2n1,8.78,7.723199999999997
N#Cc1ccc2ncc(F)c(CCC34CCC(NCc5ccc6c(n5)NC(=O)CO6)(CC3)CO4)c2n1,8.41,7.380999999999997
N#Cc1cccc(CCN2CCN(C(=O)Cc3ccc(-n4cnnn4)cc3)CC2)c1,5.57,5.361599999999999
N#Cc1cccc(CCN2CCN(CCc3ccc([N+](=O)[O-])cc3)CC2)c1,7.66,7.874899999999997
N#Cc1cccc(COc2ccc(C3CCC(C(N)=O)N3)cc2)c1,4.9,5.276600000000002
N#Cc1cccc(Cl)c1-n1ncc2c(OC(CN3CC(O)C3)C(=O)N=c3ccc(F)c[nH]3)ncnc21,4.3,4.573099999999999
N#Cc1cccc(Cl)c1-n1ncc2c(OC(COCCO)C(=O)N=c3ccc(F)c[nH]3)ncnc21,4.2,4.512100000000001
N#Cc1cccc(N2CCN(CCN3CCC(C(F)(F)F)CC3)C2=O)c1,5.1,5.4655999999999985
N#Cc1cccc(N2CCN(CCN3Cc4ccccc4C3)C2=O)c1,5.5,5.347000000000003
N#Cc1ccccc1C1CCC(N2CC(NC(=O)CN=c3[nH]cnc4ccc(C(F)(F)F)cc34)C2)CC1,5.68,5.070499999999995
N#Cc1ccccc1COc1ccc(C2CCC(C(N)=O)N2)cc1,4.8,5.099600000000004
N#Cc1ccccc1Oc1ccc(C2CCC(C(N)=O)N2)cc1,5.4,5.0832000000000015
N=c1ccc2ncc(F)c(CCC34CCC(NCc5ccc6c(n5)NC(=O)CO6)(CC3)CO4)c2[nH]1,8.49,6.505649999999999
N=c1nc(N2CCC(N(CCO)CCc3ccc(Cl)cc3)CC2)[nH][nH]1,5.2,5.0929000000000055
N=c1nc(N2CCC(N(CCc3ccc(Cl)cc3)C3COC3)CC2)[nH][nH]1,5.36,5.159900000000001
N=c1nc(N2CCC(N(CCc3ccc(Cl)cc3)CC(=O)O)CC2)[nH][nH]1,5.1,5.206749999999999
N=c1nc(N2CCC(N(CCc3ccc(Cl)cc3)CC3CCCCO3)CC2)[nH][nH]1,4.96,5.160899999999998
N=c1nc(N2CCC(N(CCc3ccc(Cl)cc3)CC3CCCO3)CC2)[nH][nH]1,4.82,5.132799999999996
N=c1nc(N2CCC(N(CCc3ccc(Cl)cc3)Cc3cc(F)ccc3F)CC2)[nH][nH]1,5.47,5.639199999999996
N=c1nc(N2CCC(N(CCc3ccc(Cl)cc3)Cc3ccc(Cl)cc3)CC2)[nH][nH]1,6.4,5.378999999999998
N=c1nc(N2CCC(N(CCc3ccc(Cl)cc3)Cc3ccc(F)cc3Cl)CC2)[nH][nH]1,5.4,5.529500000000005
N=c1nc(N2CCC(N(CCc3ccc(Cl)cc3)Cc3cccc(C(F)(F)F)c3)CC2)[nH][nH]1,5.57,5.871749999999996
N=c1nc(N2CCC(N(CCc3ccc(Cl)cc3)Cc3cccc(Cl)c3)CC2)[nH][nH]1,5.43,5.995500000000005
N=c1nc(N2CCC(N(CCc3ccc(Cl)cc3)Cc3cccc(O)c3)CC2)[nH][nH]1,6.82,5.639000000000002
N=c1nc(N2CCC(N(CCc3ccc(Cl)cc3)Cc3ccccc3Cl)CC2)[nH][nH]1,5.7,5.704400000000001
N=c1nc(N2CCC(N(CCc3ccc(Cl)cc3)Cc3ccccc3O)CC2)[nH][nH]1,7.0,5.643
N=c1nc(N2CCC(N(CCc3ccc(Cl)cc3)Cc3ccncc3Cl)CC2)[nH][nH]1,5.19,5.9167
N=c1nc(N2CCC(N(Cc3ccccc3)C(CO)Cc3ccc(Cl)cc3)CC2)[nH][nH]1,5.54,5.6728000000000005
N=c1nc(N2CCC(N3CC(O)CC3Cc3ccc(Cl)cc3)CC2)[nH][nH]1,4.57,5.3081
N=c1nc(N2CCC(N3CCCC3Cc3ccc(Cl)cc3)CC2)[nH][nH]1,5.4,5.121499999999998
N=c1nc(N2CCC(N3CCCCC3Cc3ccc(Cl)cc3)CC2)[nH][nH]1,5.08,5.265499999999998
N=c1nc(N2CCC(N3CCOCC3Cc3ccc(Cl)cc3)CC2)[nH][nH]1,4.41,5.0926
N=c1nc(N2CCC(N3Cc4cc(Cl)cc(Cl)c4OCC3Cc3ccc(Cl)cc3)CC2)[nH][nH]1,5.22,4.9905500000000025
N=c1nc(N2CCC(N3Cc4cc(Cl)ccc4OCC3Cc3ccc(Cl)cc3)CC2)[nH][nH]1,5.17,5.188650000000003
N=c1nc(N2CCC(N3Cc4cc(F)ccc4OCC3Cc3ccc(Cl)cc3)CC2)[nH][nH]1,5.17,4.926999999999999
N=c1nc(N2CCC(N3Cc4ccccc4OCC3Cc3ccc(Cl)cc3)CC2)[nH][nH]1,4.66,4.847549999999999
N=c1nc(N2CCC(N3Cc4ccncc4OCC3Cc3ccc(Cl)cc3)CC2)[nH][nH]1,4.3,4.820849999999998
N=c1nc(N2CCC(N3Cc4cnccc4OCC3Cc3ccc(Cl)cc3)CC2)[nH][nH]1,4.77,4.712100000000004
NC(=O)C(F)(F)CCOc1ccc2ncc(F)c(CCC34CCC(NCc5ccc6c(n5)NC(=O)CO6)(CC3)CO4)c2n1,5.04,5.069149999999999
NC(=O)C1CCC(c2ccc(OCc3ccc(F)cc3)cc2)N1,5.1,5.136100000000006
NC(=O)C1CCC(c2ccc(OCc3cccc(F)c3)cc2)N1,5.5,4.958800000000004
NC(=O)C1CCC(c2ccc(OCc3ccccc3)cc2)N1,5.1,5.010900000000001
NC(=O)C1CCC(c2ccc(OCc3ccccc3F)cc2)N1,5.1,4.849600000000003
NC(=O)C1CCC(c2ccc(OCc3ccccc3F)cc2F)N1,4.9,5.0113000000000065
NC(=O)C1CCC(c2ccc(OCc3ccccc3F)cn2)N1,4.8,5.030800000000002
NC(=O)C1CCC(c2ccc(Oc3ccc(F)cc3)cc2)N1,5.3,5.128749999999999
NC(=O)C1CCC(c2ccc(Oc3cccc(F)c3)cc2)N1,5.1,4.967849999999998
NC(=O)C1CCC(c2ccc(Oc3ccccc3)cc2)N1,4.9,5.216299999999998
NC(=O)C1CCC(c2cccc(OCc3ccccc3)c2)N1,4.6,4.824899999999997
NC(=O)C1CCC(c2cccc(Oc3ccccc3)c2)N1,4.2,5.090400000000003
NC(=O)C1CCCC(c2ccc(OCc3cccc(F)c3)cc2)N1,5.0,5.2457
NC(=O)C1CSCC(c2ccc(OCc3cccc(F)c3)cc2)N1,4.6,5.222800000000001
NC(=O)c1c[nH]c2c(Cl)cc(-c3cccnc3)cc2c1=NC1CCOCC1,5.96,5.472949999999998
NC(=O)c1c[nH]c2c(F)cc(-c3cccnc3)cc2c1=NC1CCOCC1,5.0,5.726649999999996
NC(=O)c1c[nH]c2cc(Cl)c(-c3cccnc3)cc2c1=NC1CCOCC1,5.92,5.624599999999999
NC(=O)c1c[nH]c2cc(F)c(-c3cccnc3)cc2c1=NC1CCOCC1,5.7,5.431599999999999
NC(=O)c1c[nH]c2ccc(-c3cccnc3)c(F)c2c1=NC1CCOCC1,4.89,5.5165
NC(=O)c1c[nH]c2ccc(-c3cccnc3)cc2c1=NC1CCCC1,6.24,5.5413999999999985
NC(=O)c1c[nH]c2ccc(-c3cccnc3)cc2c1=NC1CCOCC1,5.68,5.552299999999999
NC(=O)c1c[nH]c2ccc(-c3cccnc3)cc2c1=NCC1CCCCC1,6.08,5.820949999999998
NC(=O)c1c[nH]c2ccc(-c3cccnc3)cc2c1=NCC1CCOCC1,5.64,5.78565
NC(=O)c1cc(F)cc(OC2CC3CCC(C2)N3Cc2ccccc2)c1,6.17,6.281500000000001
NC(=O)c1cc(OC2CC3CCC(C2)N3Cc2ccccc2)ccn1,5.8,6.029999999999998
NC(=O)c1ccc(OC2CC3CCC(C2)N3Cc2ccccc2)c(F)c1,5.85,5.981599999999999
NC(=O)c1ccc(OC2CC3CCC(C2)N3Cc2ccccc2)cc1,6.17,5.898799999999999
NC(=O)c1ccc(OC2CC3CCC(C2)N3Cc2ccccc2)nc1,5.89,5.7897
NC(=O)c1cccc(CC2CC3CCC(C2)N3Cc2ccccc2)c1,6.21,5.836899999999997
NC(=O)c1cccc(NC2CC3CCC(C2)N3Cc2ccccc2)c1,5.96,5.9505
NC(=O)c1cccc(OC2CC3CCC(C2)N3C2(c3ccccc3)CC2)c1,8.32,8.718500000000002
NC(=O)c1cccc(OC2CC3CCC(C2)N3C2CCCCC2)c1,7.82,8.080950000000005
NC(=O)c1cccc(OC2CC3CCC(C2)N3C2CCCc3ccccc32)c1,9.02,8.310200000000009
NC(=O)c1cccc(OC2CC3CCC(C2)N3CC(=O)Nc2ccccc2)c1,9.14,8.39060000000001
NC(=O)c1cccc(OC2CC3CCC(C2)N3CC2CC2)c1,8.14,8.682
NC(=O)c1cccc(OC2CC3CCC(C2)N3CC2CCCCC2)c1,7.199999999999999,8.467299999999998
NC(=O)c1cccc(OC2CC3CCC(C2)N3CCCc2ccccc2)c1,9.6,8.529199999999996
NC(=O)c1cccc(OC2CC3CCC(C2)N3CCc2ccccc2)c1,9.42,8.630450000000007
NC(=O)c1cccc(OC2CC3CCC(C2)N3Cc2ccc3c(c2)OCO3)c1,9.21,8.689299999999998
NC(=O)c1cccc(OC2CC3CCC(C2)N3Cc2ccccc2)c1,6.21,9.208900000000002
NC(=O)c1cccc(OC2CC3CCC(C2)N3Cc2ccccc2)n1,6.0,5.521300000000001
NC(=O)c1cccc(OC2CC3CCC(C2)N3Cc2ccccn2)c1,8.72,8.836950000000003
NC(=O)c1cccc(OC2CC3CCC(C2)N3Cc2cccnc2)c1,8.46,8.40835
NC(=O)c1cccc(OC2CC3CCC(C2)N3Cc2cccs2)c1,9.37,8.37795
NC(=O)c1cccc(OC2CC3CCC(C2)N3Cc2ccncc2)c1,8.82,8.07115
NC(=O)c1cccc(SC2CC3CCC(C2)N3Cc2ccccc2)c1,5.96,6.054200000000002
NC(=O)c1cccc([S+]([O-])C2CC3CCC(C2)N3Cc2ccccc2)c1,4.7,6.054200000000002
NC(=O)c1ccccc1OC1CC2CCC(C1)N2Cc1ccccc1,6.47,5.747300000000001
NC(=O)c1ccnc(OC2CC3CCC(C2)N3Cc2ccccc2)c1,6.0,5.830400000000002
NC(=O)c1cnc2ccc(-c3cccnc3)cc2c1SC1CCCC1,5.29,5.827150000000004
NC(=O)c1cncc(OC2CC3CCC(C2)N3Cc2ccccc2)c1,5.82,6.329399999999996
NC(=O)c1cncc(OC2CC3CCC(C2)N3Cc2ccccc2)n1,4.82,5.951299999999996
NC1(COc2ccc3ncc(F)c(CCC45CCC(NCc6ccc7c(n6)NC(=O)CO7)(CC4)CO5)c3n2)CC1,5.43,5.173550000000001
NC1C(=O)NC1COc1ccc2ncc(F)c(CCC34CCC(NCc5ccc6c(n5)NC(=O)CO6)(CC3)CO4)c2n1,4.54,5.010649999999999
NC1C(=O)NCC1Oc1ccc2ncc(F)c(CCC34CCC(NCc5ccc6c(n5)NC(=O)CO6)(CC3)CO4)c2n1,4.4,5.341600000000002
NC1CC1COc1ccc2ncc(F)c(CCC34CCC(NCc5ccc6c(n5)NC(=O)CO6)(CC3)CO4)c2n1,6.7,5.153300000000001
NC1COC1COc1ccc2ncc(F)c(CCC34CCC(NCc5ccc6c(n5)NC(=O)CO6)(CC3)CO4)c2n1,4.6850000000000005,5.542600000000001
NC1COCC1Oc1ccc2ncc(F)c(CCC34CCC(NCc5ccc6c(n5)NC(=O)CO6)(CC3)CO4)c2n1,5.44,5.2593499999999995
NCC(O)COc1ccc2ncc(F)c(CCC34CCC(NCc5ccc6c(n5)NC(=O)CO6)(CC3)CO4)c2n1,5.48,5.271349999999996
NCC1(COc2ccc3ncc(F)c(CCC45CCC(NCc6ccc7c(n6)NC(=O)CO7)(CC4)CO5)c3n2)CC1,5.12,5.328800000000004
NCCCCOc1ccc2ncc(F)c(CCC34CCC(NCc5ccc6c(n5)NC(=O)CO6)(CC3)CO4)c2n1,5.1,5.272200000000006
NCCCOc1ccc2ncc(F)c(CCC34CCC(NCc5ccc6c(n5)NC(=O)CO6)(CC3)CO4)c2n1,5.1,5.211100000000004
NCCOc1ccc2ncc(F)c(CCC34CCC(NCc5ccc6c(n5)NC(=O)CO6)(CC3)CO4)c2n1,4.76,5.265050000000003
Nc1cccnc1C1CCC(N2CC(NC(=O)CN=c3[nH]cnc4ccc(C(F)(F)F)cc34)C2)CC1,5.08,4.928099999999999
Nc1cnccc1C1CCC(N2CC(NC(=O)CN=c3[nH]cnc4ccc(C(F)(F)F)cc34)C2)CC1,4.34,4.9465499999999984
O=C(CCCN1CCC(O)(c2ccc(Cl)cc2)CC1)c1ccc(F)cc1,7.57,5.403599999999998
O=C(CN=c1[nH]c(C(F)(F)F)nc2ccc(C(F)(F)F)cc12)NC1CN(C2CCC(O)(c3cncs3)CC2)C1,4.49,4.593899999999997
O=C(CN=c1[nH]ccc2ccc(C(F)(F)F)cc12)NC1CN(C2CCC(O)(c3cncs3)CC2)C1,4.48,4.645699999999996
O=C(CN=c1[nH]cnc2ccc(C(F)(F)F)cc12)NC1CN(C2CCC(O)(c3ccccc3)CC2)C1,4.77,4.747400000000005
O=C(CN=c1[nH]cnc2ccc(C(F)(F)F)cc12)NC1CN(C2CCC(O)(c3ccns3)CC2)C1,4.55,4.594250000000001
O=C(CN=c1[nH]cnc2ccc(C(F)(F)F)cc12)NC1CN(C2CCC(c3ccc(O)cn3)CC2)C1,4.89,4.880100000000004
O=C(CN=c1[nH]cnc2ccc(C(F)(F)F)cc12)NC1CN(C2CCC(c3ccccc3)CC2)C1,5.28,5.274000000000001
O=C(CN=c1[nH]cnc2ccc(C(F)(F)F)cc12)NC1CN(C2CCC(c3ccccc3O)CC2)C1,5.18,4.912199999999996
O=C(CN=c1[nH]cnc2ccc(C(F)(F)F)cc12)NC1CN(C2CCC(c3ccccn3)CC2)C1,5.12,5.038599999999997
O=C(CN=c1[nH]cnc2ccc(C(F)(F)F)cc12)NC1CN(C2CCC(c3cccnc3)CC2)C1,4.8,5.114899999999993
O=C(CN=c1cc(C(F)(F)F)[nH]c2ccc(C(F)(F)F)cc12)NC1CN(C2CCC(O)(c3cncs3)CC2)C1,4.44,4.534299999999998
O=C(CN=c1cc[nH]c2ccc(C(F)(F)F)cc12)NC1CN(C2CCC(O)(c3cncs3)CC2)C1,4.95,4.5304
O=C(Cc1ccc(-n2cnnn2)cc1)N1CCN(CCc2ccc([N+](=O)[O-])cc2)CC1,6.8,7.146499999999998
O=C(Cc1ccc(-n2cnnn2)cc1)N1CCN(CCc2ccc3c(c2)COC3)CC1,5.6,5.329000000000003
O=C(Cc1ccc(-n2cnnn2)cc1)N1CCN(CCc2ccc3nonc3c2)CC1,5.89,5.357800000000001
O=C(Cc1ccc([N+](=O)[O-])cc1)N1CCN(CCc2ccc([N+](=O)[O-])cc2)CC1,7.34,7.048199999999993
O=C(Cc1ccc2c(O)occ2c1)N1CCN(CCc2ccc([N+](=O)[O-])cc2)CC1,5.89,7.357400000000001
O=C(N=c1ccc(Cl)c[nH]1)C(CN1CC(O)C1)Oc1ncnc2c1cnn2-c1ccccc1Cl,5.0,4.739700000000004
O=C(N=c1ccc(Cl)c[nH]1)C(CN1CC(O)C1)Oc1ncnc2c1cnn2-c1ncccc1Cl,4.3,4.5538
O=C(N=c1ccc(Cl)c[nH]1)C(COCCO)Oc1ncnc2c1cnn2-c1ccccc1Cl,4.8,4.729000000000002
O=C(N=c1ccc(Cl)c[nH]1)C(COCCO)Oc1ncnc2c1cnn2-c1ncccc1Cl,4.3,4.469700000000006
O=C(N=c1ccc(F)c[nH]1)C(CN1CC(O)C1)Oc1ncnc2c1cnn2-c1c(Cl)cccc1Cl,4.71,4.576199999999997
O=C(N=c1ccc(F)c[nH]1)C(CN1CC(O)C1)Oc1ncnc2c1cnn2-c1c(F)cccc1Cl,4.6,4.414100000000002
O=C(N=c1ccc(F)c[nH]1)C(CN1CC(O)C1)Oc1ncnc2c1cnn2-c1ccccc1Cl,4.42,4.6092999999999975
O=C(N=c1ccc(F)c[nH]1)C(COCCO)Oc1ncnc2c1cnn2-c1c(Cl)cccc1Cl,4.7,4.531899999999996
O=C(N=c1ccc(F)c[nH]1)C(COCCO)Oc1ncnc2c1cnn2-c1c(F)cccc1Cl,4.5,4.5258
O=C(N=c1ccc(F)c[nH]1)C(COCCO)Oc1ncnc2c1cnn2-c1ccccc1Cl,4.4,4.539600000000004
O=C(N=c1cccc[nH]1)C(CN1CC(O)C1)Oc1ncnc2c1cnn2-c1c(F)cccc1Cl,4.1,4.694700000000003
O=C(NC(C1CC1)C1C2CC(n3cnc4cc(F)c(F)cc43)CC21)c1ccc(Cl)cc1,6.25,5.591300000000001
O=C(NC1CC1)c1ccc(-c2ccc3c(c2)CCN(CCN2CCCC2)C3=O)cc1,4.96,5.3032
O=C(NC1CCC1)c1ccc(-c2ccc3c(c2)CCN(CCN2CCCC2)C3=O)cc1,5.6,5.088499999999991
O=C(NC1CCCC1)c1ccc(-c2ccc3c(c2)CCN(CCN2CCCC2)C3=O)cc1,5.09,5.309700000000003
O=C(NC1CCN(Cc2cc3c(cc2Cl)OCO3)CC1)c1cc(=O)c2ccc(F)cc2o1,7.87,7.958700000000008
O=C(NC1CCN(Cc2ccc3c(c2)OC(F)(F)O3)CC1)c1cc(=O)c2ccc(F)cc2o1,8.25,8.0532
O=C(NC1CCN(Cc2ccc3c(c2)OCCO3)CC1)c1cc(=O)c2ccc(F)cc2o1,7.91,8.2083
O=C(NC1CCN(Cc2ccc3c(c2)OCO3)CC1)c1cc(=O)c2cc(Cl)c(Cl)cc2o1,8.85,8.274900000000011
O=C(NC1CCN(Cc2ccc3c(c2)OCO3)CC1)c1cc(=O)c2cc(F)c(Cl)cc2o1,7.98,8.348000000000008
O=C(NC1CCN(Cc2ccc3c(c2)OCO3)CC1)c1cc(=O)c2cc(F)c(F)cc2o1,8.21,8.0869
O=C(NC1CCN(Cc2ccc3c(c2)OCO3)CC1)c1cc(=O)c2cc(F)ccc2o1,8.4,7.857800000000005
O=C(NC1CCN(Cc2ccc3c(c2)OCO3)CC1)c1cc(=O)c2ccc(Br)cc2o1,8.6,8.239499999999998
O=C(NC1CCN(Cc2ccc3c(c2)OCO3)CC1)c1cc(=O)c2ccc(Cl)cc2o1,8.44,8.2329
O=C(NC1CCN(Cc2ccc3c(c2)OCO3)CC1)c1cc(=O)c2ccc(O)cc2o1,7.2,8.239499999999998
O=C(NC1CCN(Cc2ccc3c(c2)OCO3)CC1)c1cc(=O)c2ccc(OC(F)F)cc2o1,8.44,8.160200000000007
O=C(NC1CCN(Cc2ccc3c(c2)OCO3)CC1)c1cc(=O)c2ccccc2o1,8.17,8.100500000000004
O=C(NC1CCN(Cc2cccc(F)c2)CC1)c1cc(=O)c2ccc(F)cc2o1,7.67,7.996800000000004
O=C(NC1CCN(Cc2ccccc2)CC1)c1cc(=O)c2ccc(F)cc2o1,7.7,7.921800000000001
O=C(NCC1C2CC(n3cnc4cc(F)c(F)cc43)CC12)c1ccc(Cl)cc1,5.32,5.872699999999998
O=C(NCC1CCN(Cc2ccc(Br)nc2)CC1)c1cc(Cl)cc(Cl)c1,6.18,6.094000000000002
O=C(NCC1CCN(Cc2cccc(C(F)(F)F)c2)CC1)c1cc(Cl)cc(Cl)c1,6.32,5.89625
O=C(Nc1ccc(Br)cc1)N1CCN(CC2CCCN(C3CC3)C2)CC1,5.15,5.277499999999998
O=C(Nc1ccc(C(F)(F)F)c(Cl)c1)N1CCN(CC2CCCN(C3CC3)C2)CC1,6.05,5.211299999999997
O=C(Nc1ccc(C(F)(F)F)cc1)N1CCN(CC2CCCN(C3CC3)C2)CC1,5.2,5.205099999999998
O=C(Nc1ccc(Cl)c(C(F)(F)F)c1)N1CCN(CC2CCCN(C3CC3)C2)CC1,5.2,5.498100000000003
O=C(Nc1ccc(Cl)c(Cl)c1)N1CCN(C(=O)C2CN(C3CC3)CCN2)CC1,4.72,4.934299999999997
O=C(Nc1ccc(Cl)c(Cl)c1)N1CCN(CC2CCCN(C3CC3)C2)CC1,5.7,5.3345
O=C(Nc1ccc(Cl)c(Cl)c1)N1CCN(CC2CCCN(CC3CC3)C2)CC1,6.03,5.654599999999999
O=C(Nc1ccc(Cl)c(Cl)c1)N1CCN(CC2CCCN(CCCc3ccccc3)C2)CC1,6.4,6.359549999999998
O=C(Nc1ccc(Cl)c(Cl)c1)N1CCN(CC2CCCN(Cc3ccccc3)C2)CC1,6.25,5.9188999999999945
O=C(Nc1ccc(Cl)c(Cl)c1)N1CCN(CC2CCCNC2)CC1,5.8,5.4563
O=C(Nc1ccc(Cl)c(Cl)c1)N1CCN(CC2CN(C3CC3)CCO2)CC1,4.8,5.208700000000001
O=C(Nc1ccc(Cl)cc1)N1CCN(CC2CCCN(C3CC3)C2)CC1,4.85,5.4304
O=C(Nc1ccc(F)c(Cl)c1)N1CCN(CC2CCCN(C3CC3)C2)CC1,4.85,5.430399999999995
O=C(Nc1cccc(C(F)(F)F)c1)N1CCN(CC2CCCN(C3CC3)C2)CC1,4.89,5.155299999999996
O=C(Nc1cccc(Cl)c1)N1CCN(CC2CCCN(C3CC3)C2)CC1,4.55,5.436899999999998
O=C(O)CCCCOc1ccc2ncc(F)c(CCC34CCC(NCc5ccc6c(n5)NC(=O)CO6)(CC3)CO4)c2n1,4.36,5.403300000000002
O=C(O)c1cccc(-c2c[nH]c(C3Cc4c([nH]c5ccccc45)C(C4CCOCC4)N3)n2)c1,6.08,6.028799999999998
O=C(c1c(-c2ccc(O)cc2)oc2ccc(O)c(CN3CCC4(COC4)C3)c12)N1CC(F)C1,5.0,5.1446000000000005
O=C(c1c(-c2ccc(O)cc2)oc2ccc(O)c(CN3CCC4(COC4)C3)c12)N1CCC1,5.16,5.178200000000003
O=C(c1c(-c2ccc(O)cn2)oc2ccc(O)c(CN3CCCCC3)c12)N1CC(F)C1,5.13,4.8835
O=C(c1c(-c2ccc(O)cn2)oc2ccc(O)c(CN3CCCCC3)c12)N1CCC1,4.88,4.963000000000001
O=C(c1cc(-c2ccccc2)on1)N1CCC(Oc2ccc(CN3CCCC3)cc2)CC1,5.48,5.296449999999997
O=C(c1ccc(-c2ccc3c(c2)CCN(CCN2CCCC2)C3=O)c(F)c1)N1CCCC1,4.95,5.071600000000001
O=C(c1ccc(-c2ccc3c(c2)CCN(CCN2CCCC2)C3=O)cc1)N1CCCC1,5.06,5.005799999999994
O=C(c1ccc(-c2ccc3c(c2)CCN(CCN2CCCC2)C3=O)cc1Cl)N1CCCC1,5.03,5.1309000000000005
O=C(c1ccc(-c2ccc3c(c2)CCN(CCN2CCCC2)C3=O)cc1F)N1CCCC1,5.06,5.099699999999995
O=C(c1nc(-c2ccccc2)no1)N1CCC(Oc2ccc(CN3CCCC3)cc2)CC1,5.75,5.2197999999999976
O=C(c1nnc(-c2ccc(Cl)cc2)o1)N1CCC(Oc2ccc(CN3CCCC3)cc2)CC1,5.26,5.1638999999999955
O=C(c1nnc(-c2ccc(F)cc2)o1)N1CCC(Oc2ccc(CN3CCCC3)cc2)CC1,5.21,5.133199999999996
O=C(c1nnc(-c2ccc(OC(F)F)cc2)o1)N1CCC(Oc2ccc(CN3CCCC3)cc2)CC1,5.38,5.082299999999992
O=C(c1nnc(-c2ccccc2)o1)N1CC(Oc2ccc(CN3CC4(CCCO4)C3)cc2)C1,5.05,5.010699999999999
O=C(c1nnc(-c2ccccc2)o1)N1CC(Oc2ccc(CN3CC4(CCOC4)C3)cc2)C1,4.8,4.779200000000005
O=C(c1nnc(-c2ccccc2)o1)N1CC(Oc2ccc(CN3CC4(COC4)C3)cc2)C1,4.55,4.834100000000006
O=C(c1nnc(-c2ccccc2)o1)N1CCC(Oc2ccc(CN3CCC(O)C3)cc2)CC1,4.51,4.9059
O=C(c1nnc(-c2ccccc2)o1)N1CCC(Oc2ccc(CN3CCCC3)cc2)CC1,4.96,5.224599999999997
O=C(c1nnc(-c2ccccc2Cl)o1)N1CCC(Oc2ccc(CN3CCCC3)cc2)CC1,5.28,5.075899999999995
O=C(c1noc(-c2ccccc2)n1)N1CCC(Oc2ccc(CN3CCCC3)cc2)CC1,5.12,5.227699999999998
O=C1CCc2cc(CCN3CCN(C(=O)Cc4ccc(-n5cnnn5)cc4)CC3)ccc21,5.19,4.912500000000003
O=C1COc2ccc(CNC34CCC(C(O)Cc5c(F)cnc6ccc(OCCO)nc56)(CC3)OC4)nc2N1,4.53,5.2819
O=C1COc2ccc(CNC34CCC(CCc5c(F)cnc6cc(C(F)(F)F)cnc56)(CC3)OC4)nc2N1,9.05,8.2916
O=C1COc2ccc(CNC34CCC(CCc5c(F)cnc6cc(Cl)cnc56)(CC3)OC4)nc2N1,8.48,8.310299999999991
O=C1COc2ccc(CNC34CCC(CCc5c(F)cnc6ccc(=O)[nH]c56)(CC3)OC4)nc2N1,8.32,6.4739499999999985
O=C1COc2ccc(CNC34CCC(CCc5c(F)cnc6ccc(N7CCOCC7)nc56)(CC3)OC4)nc2N1,7.94,6.4879999999999995
O=C1COc2ccc(CNC34CCC(CCc5c(F)cnc6ccc(OC(F)F)nc56)(CC3)OC4)nc2N1,6.16,5.417900000000003
O=C1COc2ccc(CNC34CCC(CCc5c(F)cnc6ccc(OC7CC(O)CC(O)C7)nc56)(CC3)OC4)nc2N1,5.2,5.6666
O=C1COc2ccc(CNC34CCC(CCc5c(F)cnc6ccc(OC7CCC7)nc56)(CC3)OC4)nc2N1,6.3,5.2875499999999995
O=C1COc2ccc(CNC34CCC(CCc5c(F)cnc6ccc(OCC(CO)CO)nc56)(CC3)OC4)nc2N1,4.98,5.484749999999998
O=C1COc2ccc(CNC34CCC(CCc5c(F)cnc6ccc(OCC(F)(F)F)nc56)(CC3)OC4)nc2N1,5.96,5.339050000000002
O=C1COc2ccc(CNC34CCC(CCc5c(F)cnc6ccc(OCC(O)CO)nc56)(CC3)OC4)nc2N1,5.64,5.2901
O=C1COc2ccc(CNC34CCC(CCc5c(F)cnc6ccc(OCC7(CO)CC7)nc56)(CC3)OC4)nc2N1,5.57,5.2425
O=C1COc2ccc(CNC34CCC(CCc5c(F)cnc6ccc(OCC7(O)COC7)nc56)(CC3)OC4)nc2N1,4.91,5.43845
O=C1COc2ccc(CNC34CCC(CCc5c(F)cnc6ccc(OCC7CC(O)C(O)C7)nc56)(CC3)OC4)nc2N1,5.54,5.362800000000001
O=C1COc2ccc(CNC34CCC(CCc5c(F)cnc6ccc(OCC7CC7C(=O)O)nc56)(CC3)OC4)nc2N1,4.36,5.81455
O=C1COc2ccc(CNC34CCC(CCc5c(F)cnc6ccc(OCCCCCO)nc56)(CC3)OC4)nc2N1,6.16,5.247500000000005
O=C1COc2ccc(CNC34CCC(CCc5c(F)cnc6ccc(OCCCCO)nc56)(CC3)OC4)nc2N1,5.62,5.247500000000005
O=C1COc2ccc(CNC34CCC(CCc5c(F)cnc6ccc(OCCCO)nc56)(CC3)OC4)nc2N1,5.62,5.569200000000006
O=C1COc2ccc(CNC34CCC(CCc5c(F)cnc6ccc(OCCO)nc56)(CC3)OC4)nc2N1,4.6,5.369300000000003
O=C1COc2ccc(CNC34CCC(CCc5c(F)cnc6ccc(OCCc7cc(=O)c(O)c[nH]7)nc56)(CC3)OC4)nc2N1,6.05,5.413299999999996
O=C1COc2ccc(CNC34CCC(CCc5c(F)cnc6ccc(OCc7cc(=O)c(O)c[nH]7)nc56)(CC3)OC4)nc2N1,5.28,5.712750000000002
O=C1COc2ccc(CNC34CCC(CCc5ccnc6cc(C(F)(F)F)cnc56)(CC3)OC4)nc2N1,9.41,8.655
O=C1COc2ccc(CNC34CCC(CCc5ccnc6cc(Cl)cnc56)(CC3)OC4)nc2N1,8.31,8.595499999999998
O=C1COc2ccc(CNC34CCC(CCc5ccnc6cc(F)cnc56)(CC3)OC4)nc2N1,7.78,8.680499999999999
O=C1COc2ccc(CNC34CCC(CCc5ccnc6ccc(C(F)(F)F)nc56)(CC3)OC4)nc2N1,9.0,7.638799999999998
O=C1N(CCN2C3CCCC2CC3)CCN1c1cccc(Cl)c1,5.8,5.800999999999995
O=C1N(CCN2CC3CCC(CC3)C2)CCN1c1cccc(Cl)c1,6.4,5.5867499999999986
O=C1N(CCN2CC3CCC2C3)CCN1c1cccc(Cl)c1,4.9,6.300099999999994
O=C1N(CCN2CC3CCC2Cc2ccccc2C3)CCN1c1cccc(Cl)c1,7.2,5.500149999999999
O=C1N(CCN2CCC(C(F)(F)F)CC2)CCN1c1cccc(Cl)c1,5.9,5.645999999999998
O=C1N(CCN2CCC(C(F)(F)F)CC2)CCN1c1cccc(Cl)c1F,4.9,5.172999999999997
O=C1N(CCN2CCC(C(F)(F)F)CC2)CCN1c1cccc(I)c1,6.7,5.142700000000003
O=C1N(CCN2CCC(C(F)(F)F)CC2)CCN1c1cccc(O)c1,4.8,5.471099999999998
O=C1N(CCN2CCC(C(F)(F)F)CC2)CCN1c1cccc(OC(F)(F)F)c1,5.4,5.41785
O=C1N(CCN2CCC(c3ccc(Cl)cc3)CC2)CCN1c1cccc(Cl)c1,8.1,6.2758
O=C1N(CCN2CCC(c3nnc(-c4ccccc4)o3)CC2)CCN1c1cccc(Cl)c1,6.6,6.475500000000002
O=C1N(CCN2CCCC(OCc3ccccc3)C2)CCN1c1cccc(Cl)c1,7.1,5.5889
O=C1N(CCN2CCCc3sccc3C2)CCN1c1cccc(Cl)c1,6.1,5.602299999999998
O=C1N(CCN2Cc3ccccc3C2)CCN1Cc1cc(Cl)ccc1Cl,6.4,5.6566000000000045
O=C1N(CCN2Cc3ccccc3C2)CCN1Cc1ccc(Cl)c(Cl)c1,6.1,5.526100000000002
O=C1N(CCN2Cc3ccccc3C2)CCN1Cc1ccc(Cl)cc1,5.7,5.623700000000002
O=C1N(CCN2Cc3ccccc3C2)CCN1Cc1cccc(C(F)(F)F)c1,5.2,5.723300000000004
O=C1N(CCN2Cc3ccccc3C2)CCN1Cc1cccc(Cl)c1,5.6,5.7867
O=C1N(CCN2Cc3ccccc3C2)CCN1Cc1ccccc1,4.6,5.596600000000002
O=C1N(CCN2Cc3ccccc3C2)CCN1Cc1ccccc1Cl,5.7,5.304200000000003
O=C1N(CCN2Cc3ccccc3C2)CCN1c1cc(Cl)cc(Cl)c1,5.8,5.5563499999999975
O=C1N(CCN2Cc3ccccc3C2)CCN1c1cc(Cl)ccc1F,4.7,5.492800000000002
O=C1N(CCN2Cc3ccccc3C2)CCN1c1cc(F)cc(Cl)c1,5.5,5.544900000000002
O=C1N(CCN2Cc3ccccc3C2)CCN1c1ccc(Cl)c(Cl)c1,6.0,5.4793
O=C1N(CCN2Cc3ccccc3C2)CCN1c1ccc(F)c(Cl)c1,5.3,5.390999999999999
O=C1N(CCN2Cc3ccccc3C2)CCN1c1ccc2occc2c1,5.1,5.483900000000002
O=C1N(CCN2Cc3ccccc3C2)CCN1c1ccc2sccc2c1,5.7,5.376300000000003
O=C1N(CCN2Cc3ccccc3C2)CCN1c1cccc(C(F)(F)F)c1,6.1,5.567599999999998
O=C1N(CCN2Cc3ccccc3C2)CCN1c1cccc(Cl)c1,5.5,5.904000000000002
O=C1N(CCN2Cc3ccccc3C2)CCN1c1cccc(OC(F)(F)F)c1,6.2,5.543899999999996
O=C1N(CCN2Cc3ccccc3C2)CCN1c1csc2ccccc12,5.1,5.226199999999997
O=C1NCCN1CCN1CCC(c2cn(-c3ccc(F)cc3)c3ccc(Cl)cc23)CC1,7.83,6.3322
O=C1OCCc2cc(CCN3CCN(C(=O)Cc4ccc(-n5cnnn5)cc4)CC3)ccc21,4.37,5.072900000000003
O=C1OCc2c1ccc(CCN1CCN(C(=O)Cc3ccc(-n4cnnn4)cc3)CC1)c2C1CC1,4.92,4.655699999999993
O=C1OCc2c1ccc(CCN1CCN(C(=O)Cc3ccc(-n4cnnn4)cc3)CC1)c2Cl,4.77,4.961500000000001
O=C1OCc2c1ccc(CCN1CCN(C(=O)Cc3ccc(-n4cnnn4)cc3)CC1)c2F,4.51,4.851
O=C1OCc2c1cccc2-c1ccc(CCN2CCN(CCc3ccc([N+](=O)[O-])cc3)CC2)cc1,6.82,7.7555999999999985
O=C1OCc2cc(CCN3CCN(C(=O)Cc4ccc(-n5cnnn5)c(C(F)(F)F)c4)CC3)ccc21,5.29,4.991199999999997
O=C1OCc2cc(CCN3CCN(C(=O)Cc4ccc(-n5cnnn5)c(F)c4)CC3)ccc21,4.57,5.119199999999999
O=C1OCc2cc(CCN3CCN(C(=O)Cc4ccc(-n5cnnn5)cc4)CC3)c(F)cc21,4.58,4.894900000000001
O=C1OCc2cc(CCN3CCN(C(=O)Cc4ccc(-n5cnnn5)cc4)CC3)cc(Cl)c21,5.47,4.9968999999999975
O=C1OCc2cc(CCN3CCN(C(=O)Cc4ccc(-n5cnnn5)cc4)CC3)cc(F)c21,4.89,5.023750000000003
O=C1OCc2cc(CCN3CCN(C(=O)Cc4ccc(-n5cnnn5)cc4)CC3)ccc21,4.85,5.040500000000005
O=C1OCc2cc(CCN3CCN(C(=O)Cc4ccc(-n5cnnn5)cc4C(F)(F)F)CC3)ccc21,5.16,5.405600000000003
O=C1OCc2cc(CCN3CCN(C(=O)Cc4ccc(-n5cnnn5)cc4C4CC4)CC3)ccc21,5.52,5.199800000000006
O=C1OCc2cc(CCN3CCN(CCc4ccc5c(c4)COC5=O)CC3)ccc21,5.72,6.382000000000001
O=C1OCc2cc(CCN3CCN(CCc4ccc5nonc5c4)CC3)ccc21,6.55,6.272900000000004
O=C1OCc2ccc(CCN3CCN(C(=O)Cc4ccc(-n5cnnn5)cc4)CC3)cc21,4.5,5.039200000000005
O=[N+]([O-])c1ccc(CCN2CCN(CCc3ccc(-c4ncco4)cc3)CC2)cc1,7.33,7.747599999999998
O=[N+]([O-])c1ccc(CCN2CCN(CCc3ccc(-n4cnnn4)cc3)CC2)cc1,7.96,7.825899999999997
O=[N+]([O-])c1ccc(CCN2CCN(CCc3ccc(F)cc3)CC2)cc1,7.64,8.028499999999994
O=[N+]([O-])c1ccc(CCN2CCN(CCc3ccc([N+](=O)[O-])cc3)CC2)cc1,8.3,7.629799999999998
O=[N+]([O-])c1ccc(CCN2CCN(CCc3ccc4nonc4c3)CC2)cc1,7.6,7.881899999999998
O=[N+]([O-])c1ccc(CCN2CCNCC2)cc1,6.72,8.160599999999988
O=c1[nH]c2ccccc2n1C1CCN(CCCC(c2ccc(F)cc2)c2ccc(F)cc2)CC1,7.26,6.134100000000001
Oc1cc2cc(CCN3CCN(c4nsc5ccccc45)CC3)c(Cl)cc2[nH]1,6.9,6.304999999999999
Oc1ccc(-c2c[nH]c(C3Cc4c([nH]c5ccccc45)C(C4CCOCC4)N3)n2)cc1,6.33,6.762649999999993
Oc1ccc(-c2cc3c(CN4CCC5(COC5)C4)c(O)ccc3o2)cc1,5.37,5.4361000000000015
Oc1cccc(OC2CC3CCC(C2)N3Cc2ccccc2)c1,5.8,5.726699999999999
c1cc2nonc2cc1CCN1CCN(CCc2ccc3nonc3c2)CC1,7.17,6.539199999999998
c1ccc(-c2c[nH]c(C3Cc4c([nH]c5ccccc45)C(C4CCOCC4)N3)n2)cc1,6.42,6.982349999999994
c1ccc(-c2ccc(-c3c[nH]c(C4Cc5c([nH]c6ccccc56)C(C5CCOCC5)N4)n3)cc2)cc1,7.77,6.505099999999999
c1ccc(C(Cc2cccc3c2OCC3)N2CCNCC2)cc1,4.67,5.167099999999997
c1ccc(C(Cc2ccccc2OC2CC2)N2CCNCC2)cc1,5.19,5.192949999999995
c1ccc(C(Cc2ccccc2OCC2CC2)N2CCNCC2)cc1,5.53,5.215049999999998
c1ccc2c3c([nH]c2c1)C(C1CCOCC1)NC(c1nc(-c2ccsc2)c[nH]1)C3,6.84,6.458799999999997
c1ccc2c3c([nH]c2c1)C(C1CCOCC1)NC(c1nc(-c2csc4ccccc24)c[nH]1)C3,7.06,6.276399999999993
c1ccc2c3c([nH]c2c1)C(C1CCOCC1)NC(c1nc(-c2cscn2)c[nH]1)C3,5.36,6.686849999999989
c1ccc2c3c([nH]c2c1)C(C1CCOCC1)NC(c1nc(C24CC5CC(CC(C5)C2)C4)c[nH]1)C3,6.3,6.195299999999996
c1ccc2c3c([nH]c2c1)C(C1CCOCC1)NC(c1nc(C2CCCCC2)c[nH]1)C3,6.87,6.416599999999996
c1cncc(-c2c[nH]c(C3Cc4c([nH]c5ccccc45)C(C4CCCCC4)N3)n2)c1,6.72,5.982700000000001
c1cncc(-c2c[nH]c(C3Cc4c([nH]c5ccccc45)C(C4CCOCC4)N3)n2)c1,5.57,6.662000000000002
