Standardized_SMILES,True Values,Predictions,Cluster
CCc1nc2ccc3c(c2s1)CCN(CCCSc1nnc(-c2cccc4nc(C)ccc24)n1C)CC3,6.8,8.409899999999997,2
CCc1nn(C)c2cc3c(cc12)CCN(CCCSc1nnc(-c2cccc4nc(C)ccc24)n1C)CC3,6.0,8.431899999999992,2
CCc1nc2cc3c(c(C)c2o1)CCN(C(C)CCSc1nnc(-c2cccc4nc(C)ccc24)n1C)CC3,5.4,8.431899999999992,2
CCc1nc2cc3c(cc2s1)CCN(CCCSc1nnc(-c2cccc4nc(C)ccc24)n1C)CC3,6.6,8.431899999999992,2
CCc1nc2cc3c(cc2o1)CCN(CCCSc1nnc(-c2cccc4nc(C)ccc24)n1C)CC3,5.3,8.431899999999992,2
CCc1nc2cc3c(c(C)c2o1)CCN(CCSc1nnc(-c2cccc4nc(C)ccc24)n1C)CC3,5.6,8.431899999999992,2
CCc1nc2cc3c(c(C)c2o1)CCN(CCCSc1nnc(-c2cccc4nc(C)ccc24)n1C)CC3,6.3,8.431899999999992,2
CCc1nc2cc3c(c(C)c2o1)CCN(CCCCSc1nnc(-c2cccc4nc(C)ccc24)n1C)CC3,5.8,8.431899999999992,2
CCc1nc2cc3c(c(Br)c2o1)CCN(CCSc1nnc(-c2cccc4nc(C)ccc24)n1C)CC3,5.6,8.431899999999992,2
Cc1ccc2c(-c3nnc(SCCN4CCc5cc6nc(C)oc6cc5CC4)n3C)cccc2n1,4.3,8.417099999999992,2
CCc1nc2cc3c(c(Br)c2o1)CCN(CCCCSc1nnc(-c2cccc4nc(C)ccc24)n1C)CC3,5.8,8.431899999999992,2
CCc1nc2cc3c(c(Br)c2o1)CCN(C(C)CCSc1nnc(-c2cccc4nc(C)ccc24)n1C)CC3,5.5,8.431899999999992,2
Cc1ccc2nc3c(n2c1)CCN(CCCSc1nnc(-c2cccc4nc(C)ccc24)n1C)CC3,5.6,8.401199999999996,2
CCc1nc2c3c(ccc2o1)CCN(CCCSc1nnc(-c2cccc4nc(C)ccc24)n1C)CC3,5.2,8.400599999999995,2
Cc1ccc2c(-c3nnc(SCCCN4CCc5cc6nc(C(C)(C)C)oc6c(C)c5CC4)n3C)cccc2n1,6.6,8.490599999999992,2
Cc1ccc2c(-c3nnc(SCCCN4CCc5cc6nc(C(C)(C)C)oc6c(Br)c5CC4)n3C)cccc2n1,6.4,8.490599999999992,2
Cc1ccc2c(-c3nnc(SCCCN4CCc5nc6cc(C(F)(F)F)ccn6c5CC4)n3C)cccc2n1,6.6,8.879999999999988,2
Cc1ccc2c(-c3nnc(SCCCN4CCc5cc6nc(C(C)(C)C)oc6cc5CC4)n3C)cccc2n1,6.1,8.490599999999992,2
Cc1ccc2c(-c3nnc(SCCN4CCc5cc6nc(C)oc6c(Br)c5CC4)n3C)cccc2n1,5.2,8.417099999999992,2
Cc1ccc2c(-c3nnc(SCCN4CCc5cc6nc(C)oc6c(C)c5CC4)n3C)cccc2n1,4.9,8.417099999999992,2
CCc1nc2cc3c(c(Br)c2o1)CCN(CCCSc1nnc(-c2cccc4nc(C)ccc24)n1C)CC3,5.9,8.431899999999992,2
CCc1noc2cc3c(cc12)CCN(CCCSc1nnc(-c2cccc4nc(C)ccc24)n1C)CC3,6.0,8.431899999999992,2
Cc1ccc2c(-c3nnc(SCCCN4CCc5cc6nc(C7CC7)oc6cc5CC4)n3C)cccc2n1,6.0,8.417099999999992,2
Cc1ccc2c(-c3nnc(SCCCN4CCc5cc6nc(C(C)C)oc6cc5CC4)n3C)cccc2n1,5.7,8.417099999999992,2
Cc1ccc2c(-c3nnc(SCCCN4CCc5nc6ccccn6c5CC4)n3C)cccc2n1,5.6,8.401199999999996,2
Cc1ccc2c(-c3nnc(SCCCN4CCc5nc6ccc(Cl)cn6c5CC4)n3C)cccc2n1,5.8,8.375899999999994,2
Cc1ccc2c(-c3nnc(SCCCN4CCc5ccc6oc(C)nc6c5CC4)n3C)cccc2n1,5.6,8.385799999999996,2
Cc1ccc2c(-c3nnc(SCCCN4CCc5nc6ccc(C(F)(F)F)cn6c5CC4)n3C)cccc2n1,5.3,8.86599999999999,2
Cc1ccc2c(-c3nnc(SCCCN4CCc5ccc6oc(C(F)(F)F)nc6c5CC4)n3C)cccc2n1,5.7,8.824799999999993,2
Cc1ccc2c(-c3nnc(SCCCN4CCc5ccc6oc(C(F)(F)C(F)(F)F)nc6c5CC4)n3C)cccc2n1,6.6,8.710999999999993,2
Cc1ccc2c(-c3nnc(SCCN4CCc5cc6nc(C(F)(F)F)oc6c(Br)c5CC4)n3C)cccc2n1,6.2,8.835599999999992,2
Cc1ccc2c(-c3nnc(SCCCN4CCc5ccc6oc(-c7cc(C)nn7C)nc6c5CC4)n3C)cccc2n1,6.1,8.401699999999993,2
Cc1ccc2c(-c3nnc(SCCCN4CCc5ccc6nc(C)sc6c5CC4)n3C)cccc2n1,5.5,8.395099999999998,2
Cc1ccc2c(-c3nnc(SCCCN4CCc5ccc6nc(C(F)(F)F)oc6c5CC4)n3C)cccc2n1,6.0,8.814999999999994,2
Cc1ccc2c(-c3nnc(SCCCN4CCc5ccc6nc(C(C)(F)F)oc6c5CC4)n3C)cccc2n1,5.6,8.705299999999994,2
Cc1ccc2c(-c3nnc(SCCCN4CCc5cc6nc(C(C)(F)F)oc6cc5CC4)n3C)cccc2n1,5.9,8.732399999999991,2
Cc1ccc2c(-c3nnc(SCCCN4CCc5ccc(-c6cc(C)nn6C)cc5CC4)n3C)cccc2n1,5.7,8.417099999999992,2
Cc1ccc2c(-c3nnc(SCCCN4CCc5cc6ncoc6cc5CC4)n3C)cccc2n1,5.4,8.417099999999992,2
Cc1ccc2c(-c3nnc(SCCCN4CCc5cc6nc(N7CCCCC7)oc6cc5CC4)n3C)cccc2n1,5.3,8.393899999999993,2
Cc1ccc2c(-c3nnc(SCCCN4CCc5cc6nc(N(C)C)oc6cc5CC4)n3C)cccc2n1,4.7,8.399799999999992,2
Cc1ccc2c(-c3nnc(SCCN4CCc5cc6nc(C(F)(F)F)oc6c(C)c5CC4)n3C)cccc2n1,6.4,8.835599999999992,2
Cc1ccc2c(-c3nnc(SCCCN4CCc5cc6nc(CC7CC7)oc6cc5CC4)n3C)cccc2n1,5.9,8.417099999999992,2
Cc1ccc2c(-c3nnc(SCCCN4CCc5cc6nc(CC(F)(F)F)oc6cc5CC4)n3C)cccc2n1,5.6,8.732399999999991,2
Cc1ccc2c(-c3nnc(SCCCN4CCc5cc6nc(C)sc6cc5CC4)n3C)cccc2n1,5.6,8.417099999999992,2
Cc1ccc2c(-c3nnc(SCCCN4CCc5cc6nc(C)oc6c(C)c5CC4)n3C)cccc2n1,5.3,8.417099999999992,2
Cc1ccc2c(-c3nnc(SCCCN4CCc5cc6nc(C)oc6c(Br)c5CC4)n3C)cccc2n1,5.6,8.417099999999992,2
Cc1ccc2c(-c3nnc(SCCCN4CCc5cc6nc(C(F)(F)F)oc6cc5CC4)n3C)cccc2n1,6.0,8.835599999999992,2
Cc1ccc2c(-c3nnc(SCCCN4CCc5cc6nc(C(F)(F)C(F)(F)F)oc6cc5CC4)n3C)cccc2n1,7.0,8.732399999999991,2
Cc1ccc2c(-c3nnc(SCCCN4CCc5cc6onc(C)c6cc5CC4)n3C)cccc2n1,6.1,8.425199999999991,2
CCCc1nc2cc3c(cc2o1)CCN(CCCSc1nnc(-c2cccc4nc(C)ccc24)n1C)CC3,6.2,8.431899999999992,2
Cc1ccn2c3c(nc2c1)CCN(CCCSc1nnc(-c2cccc4nc(C)ccc24)n1C)CC3,6.6,8.417099999999992,2
Cc1ccc2c(-c3nnc(SCCCN4CCc5cc6c(cc5CC4)N(S(C)(=O)=O)CCO6)n3C)cccc2n1,5.1,8.376799999999992,2
Cc1ccc2c(-c3nnc(SCCC(C)N4CCc5cc6c(cc5CC4)C(=O)N(C)C6)n3C)cccc2n1,4.4,8.417099999999992,2
Cc1ccc2c(-c3nnc(SCCC(C)N4CCc5cc6c(cc5CC4)C(=O)N(C(C)C)C6)n3C)cccc2n1,5.6,8.417399999999992,2
Cc1ccc2c(-c3nnc(SCCC(C)N4CCc5cc6nc(C(F)(F)F)oc6c(C)c5CC4)n3C)cccc2n1,6.0,8.835599999999992,2
Cc1ccc2c(-c3nnc(SCCC(C)N4CCc5cc6nc(C)oc6c(Br)c5CC4)n3C)cccc2n1,5.0,8.417099999999992,2
Cc1ccc2c(-c3nnc(SCCC(C)N4CCc5cc6nc(C)oc6c(C)c5CC4)n3C)cccc2n1,4.9,8.417099999999992,2
Cc1ccc2c(-c3nnc(SCCCCN4CCc5cc6c(cc5CC4)C(=O)N(C(C)C)C6)n3C)cccc2n1,5.4,8.417399999999992,2
Cc1ccc2c(-c3nnc(SCCCCN4CCc5cc6c(cc5CC4)C(=O)N(C)C6)n3C)cccc2n1,4.5,8.417099999999992,2
Cc1ccc2c(-c3nnc(SCCCCN4CCc5cc6nc(C(F)(F)F)oc6c(Br)c5CC4)n3C)cccc2n1,6.6,8.835599999999992,2
Cc1ccc2c(-c3nnc(SCCCCN4CCc5cc6nc(C(F)(F)F)oc6c(C)c5CC4)n3C)cccc2n1,6.6,8.835599999999992,2
Cc1ccc2c(-c3nnc(SCCCCN4CCc5cc6nc(C)oc6c(Br)c5CC4)n3C)cccc2n1,5.3,8.417099999999992,2
CC(=O)N1CCOc2cc3c(cc21)CCN(CCCSc1nnc(-c2cccc4nc(C)ccc24)n1C)CC3,5.0,8.251299999999993,2
Cc1ccc2c(-c3nnc(SCCCCN4CCc5cc6nc(C)oc6c(C)c5CC4)n3C)cccc2n1,5.8,8.417099999999992,2
Cc1ccc2c(-c3nnc(SCCCN4CCc5cc6c(cc5CC4)C(=O)N(C(C)C)C6)n3C)cccc2n1,5.4,8.417399999999992,2
Cc1ccc2c(-c3nnc(SCCCN4CCc5cc6c(cc5CC4)OCC(=O)N6)n3C)cccc2n1,8.2,8.417099999999992,2
Cc1ccc2c(-c3nnc(SCCCN4CCc5cc6c(cc5CC4)N(C)C(=O)CO6)n3C)cccc2n1,5.3,8.417099999999992,2
Cc1ccc2c(-c3nnc(SCCCN4CCc5c(Cl)cc6oc(C)nc6c5CC4)n3C)cccc2n1,5.8,8.386499999999993,2
Cc1ccc2c(-c3nnc(SCCC(C)N4CCc5cc6nc(C(F)(F)F)oc6c(Br)c5CC4)n3C)cccc2n1,5.7,8.835599999999992,2
Cc1ccc2c(-c3nnc(SCCCN4CCc5cc6nc(-c7cc(C)nn7C)oc6cc5CC4)n3C)cccc2n1,6.3,8.417099999999992,2
Cc1ccc2c(-c3nnc(SCCCN4CCc5cc6c(cc5CC4)OCCN6)n3C)cccc2n1,6.4,8.417099999999992,2
Cc1ccc2c(-c3nnc(SCCCN4CC5CC5(c5ccc(C(F)(F)F)cc5)C4)n3C)cccc2n1,6.55,5.822700000000002,3
Cc1ccc2c(-c3nnc(SCCCN4CC5CC5(c5ccc(Cl)c(Cl)c5)C4)n3C)cccc2n1,6.0,5.823700000000003,3
Cc1ccc2c(-c3nnc(SCCCN4CC5CC5(c5ccc(Cl)cc5)C4)n3C)cccc2n1,5.8,5.772700000000004,3
Cc1ccc2c(-c3nnc(SCCCN4CC5CC5(c5ccccc5)C4)n3C)cccc2n1,5.7,5.7007000000000065,3
Cc1ncccc1-c1nnc(SCCCN2CC3CC3(c3ccc(C(F)(F)F)cc3)C2)n1C,5.3,6.903999999999999,3
Cc1ccc2c(-c3nnc(SCCCN4CC5CC5(c5ccc(C(C)(C)C)cc5)C4)n3C)cccc2n1,6.6,5.748700000000005,3
CCc1nc2ccc3c(c2s1)CCN(CCCSc1nnc(-c2ocnc2C)n1C)CC3,5.5,6.4849999999999985,3
Cc1ccc2c(-c3nnc(SCCCN4CC5CC5(c5ccc(Br)cc5)C4)n3C)cccc2n1,6.6,5.702700000000005,3
Cc1ncoc1-c1nnc(SCCCN2C3CCC2CC(c2cccc(C(F)(F)F)c2)C3)n1C,6.3,6.9028,3
Cc1ncoc1-c1nnc(SCCCN2C3CCC2CC(c2ccc(C(F)(F)F)cc2F)C3)n1C,6.3,6.887499999999999,3
Cc1ncoc1-c1nnc(SCCCN2C3CCC2CC(c2ccc(C(F)(F)F)cc2)C3)n1C,6.8,6.8002,3
Cc1ncoc1-c1nnc(SCCCN2C3CCC2CC(c2ccc(C(C)(C)C)cc2)C3)n1C,6.0,6.745800000000002,3
Cc1ncccc1-c1nnc(SCCCN2CCc3ccc4oc(C(F)(F)F)nc4c3CC2)n1C,5.4,6.887700000000002,3
Cc1ccc2c(-c3nnc(SCCCN4CC5CC5(c5ccc(C#N)cc5)C4)n3C)cccc2n1,6.2,7.0779000000000005,3
Cc1ncoc1-c1nnc(SCCCN2CCc3cc4ncoc4cc3CC2)n1C,5.2,5.600199999999994,3
Cc1ncoc1-c1nnc(SCCCN2CCc3cc4onc(C)c4cc3CC2)n1C,5.2,6.770000000000002,3
Cc1cnc(-c2nnc(SCCCN3CC4CC4(c4ccc(C(F)(F)F)cc4)C3)n2C)cn1,6.1,6.732799999999998,3
Cc1cnc(-c2nnc(SCCCN3CCc4ccc5oc(C(F)(F)F)nc5c4CC3)n2C)cn1,5.9,6.729200000000002,3
COc1ccc(C23CC2CN(CCCSc2nnc(-c4ocnc4C)n2C)C3)cc1C(F)(F)F,5.9,6.937999999999999,3
Cc1nc(C)c(-c2nnc(SCCCN3CC4CC4(c4ccc(C(F)(F)F)cc4)C3)n2C)s1,5.7,6.713899999999999,3
Cc1nc(C)c(-c2nnc(SCCCN3CCC4(CCc5cc(Cl)ccc54)C3)n2C)s1,5.6,6.690999999999999,3
Cc1nc(C)c(-c2nnc(SCCCN3CCC4(CCc5ccc(Cl)cc54)C3)n2C)s1,5.6,6.688,3
Cc1nc(C)c(-c2nnc(SCCCN3CCC4(CCc5ccc(F)cc54)C3)n2C)s1,5.2,6.641800000000003,3
Cc1nc(C)c(-c2nnc(SCCCN3CCC4CC4(c4ccc(C(F)(F)F)cc4)CC3)n2C)o1,5.9,6.7707,3
Cc1nc(C)c(-c2nnc(SCCCN3CCC4CC4(c4ccc(C(F)(F)F)cc4)CC3)n2C)s1,6.2,6.767599999999998,3
Cc1nc(C)c(-c2nnc(SCCCN3CCc4ccc5oc(C(F)(F)F)nc5c4CC3)n2C)s1,6.1,6.725300000000002,3
COc1ccc(C23CC2CN(CCCSc2nnc(-c4ocnc4C)n2C)C3)cc1Cl,5.7,6.758599999999998,3
COc1ccc2c(c1)C1(CCC2)CCN(CCCSc2nnc(-c3ocnc3C)n2C)C1,5.2,7.447599999999997,3
COc1ccc2c(c1)CCCC21CCN(CCCSc2nnc(-c3ocnc3C)n2C)C1,5.7,7.447599999999997,3
COc1cccc(C23CC2CN(CCCSc2nnc(-c4ocnc4C)n2C)C3)c1,5.4,6.713499999999999,3
COc1cccc2c1CCCC21CCN(CCCSc2nnc(-c3ocnc3C)n2C)C1,5.7,7.417699999999997,3
Cc1cc(-c2nc3c4c(ccc3o2)CCN(CCCSc2nnc(-c3ocnc3C)n2C)CC4)n(C)n1,6.1,6.850900000000001,3
Cc1cc(-c2nc3cc4c(cc3o2)CCN(CCCSc2nnc(-c3ocnc3C)n2C)CC4)n(C)n1,6.0,5.997999999999999,3
Cc1cc(C(F)(F)F)ccc1C12CC1CN(CCCSc1nnc(-c3ocnc3C)n1C)C2,6.4,6.918999999999999,3
Cc1cc2c(-c3nnc(SCCCN4CCc5ccc(-c6cc(C)nn6C)cc5CC4)n3C)cccc2cn1,5.7,6.7079,3
Cc1ccc(-c2nnc(SCCCN3CC4CC4(c4ccc(C(F)(F)F)cc4)C3)n2C)cn1,6.1,6.732799999999998,3
Cc1ccc(-c2nnc(SCCCN3CCc4ccc5oc(C(F)(F)F)nc5c4CC3)n2C)cn1,5.8,6.729200000000002,3
Cc1ccc(C23CC2CN(CCCSc2nnc(-c4ocnc4C)n2C)C3)c(F)c1,5.2,6.713100000000001,3
COc1ccc(C23CC2CN(CCCSc2nnc(-c4ocnc4C)n2C)C3)cc1,5.7,6.671800000000001,3
Cc1nc2c3c(ccc2o1)CCN(CCCSc1nnc(-c2ocnc2C)n1C)CC3,4.9,6.590300000000002,3
Cc1nc2cc3c(cc2o1)CCN(CCCCSc1nnc(-c2ocnc2C)n1C)CC3,4.3,5.275000000000005,3
Cc1nc2cc3c(cc2o1)CCN(CCCSc1nnc(-c2ccc(C(F)(F)F)cc2)n1C)CC3,5.4,5.535000000000002,3
Cc1nc2cc3c(cc2o1)CCN(CCCSc1nnc(-c2ccc(F)c(F)c2)n1C)CC3,5.0,5.355800000000003,3
Cc1nc2cc3c(cc2o1)CCN(CCCSc1nnc(-c2cccnc2)n1C)CC3,4.3,5.457100000000002,3
Cc1nc2cc3c(cc2o1)CCN(CCCSc1nnc(-c2ocnc2C)n1C)CC3,4.5,5.304000000000002,3
Cc1nc2ccc3c(c2s1)CCN(CCCSc1nnc(-c2ocnc2C)n1C)CC3,4.9,5.6292,3
Cc1nc2cc3c(cc2s1)CCN(CCCSc1nnc(-c2ocnc2C)n1C)CC3,5.5,5.708200000000001,3
CCc1nc2cc3c(cc2s1)CCN(CCCSc1nnc(-c2ocnc2C)n1C)CC3,5.9,6.434000000000006,3
CCc1nc2cc3c(cc2o1)CCN(CCCSc1nnc(-c2cccnc2)n1C)CC3,4.8,5.682100000000004,3
CCc1nc2cc3c(cc2o1)CCN(CCCSc1nnc(-c2ocnc2C)n1C)CC3,5.2,5.5290000000000035,3
Cc1ncoc1-c1nnc(SCCCN2CC3CC3(c3cccc(C(F)(F)F)c3F)C2)n1C,5.5,6.8445,3
Cc1ncoc1-c1nnc(SCCCN2CC3CC3(c3cccc(Cl)c3)C2)n1C,5.9,6.738299999999997,3
Cc1ncoc1-c1nnc(SCCCN2CC3CC3(c3cccc(F)c3)C2)n1C,6.0,6.686099999999999,3
Cc1ncoc1-c1nnc(SCCCN2CC3CC3(c3cccc(OC(F)(F)F)c3)C2)n1C,6.0,6.797699999999999,3
Cc1ncoc1-c1nnc(SCCCN2CC3CC3(c3ccccc3)C2)n1C,5.8,6.677600000000001,3
Cc1ncoc1-c1nnc(SCCCN2CC3CC3(c3ccccc3C(F)(F)F)C2)n1C,5.2,6.849500000000001,3
Cc1ncoc1-c1nnc(SCCCN2CCC3(CCCc4cc(Br)ccc43)C2)n1C,6.2,7.4709999999999965,3
Cc1ncoc1-c1nnc(SCCCN2CCC3(CCCc4ccc(Br)cc43)C2)n1C,5.9,7.4709999999999965,3
Cc1ncoc1-c1nnc(SCCCN2CCC3(CCOc4ccccc43)C2)n1C,5.2,6.669200000000001,3
Cc1ncoc1-c1nnc(SCCCN2CCC3(CCc4c(Br)cccc43)C2)n1C,6.2,6.651400000000002,3
Cc1ncoc1-c1nnc(SCCCN2CCc3ccc4nc(C(F)(F)F)oc4c3CC2)n1C,5.3,6.027000000000002,3
Cc1ncoc1-c1nnc(SCCCN2CCC3(CCc4cc(Br)ccc43)C2)n1C,6.5,6.696000000000001,3
Cc1ncoc1-c1nnc(SCCCN2CCc3ccc4oc(C(C)(F)F)nc4c3CC2)n1C,5.6,6.630200000000002,3
Cc1ncoc1-c1nnc(SCCCN2CCC3(CCc4cc(F)ccc43)C2)n1C,5.6,6.6568,3
Cc1ncoc1-c1nnc(SCCCN2CCc3ccc4nc(C(C)(F)F)oc4c3CC2)n1C,5.3,5.741000000000005,3
Cc1ncoc1-c1nnc(SCCCN2CCC3(c4ccc(C(F)(F)F)cc4)CC3C2)n1C,6.1,6.749899999999999,3
Cc1ncoc1-c1nnc(SCCCN2CCC3(c4cccc(C(F)(F)F)c4)CC3C2)n1C,6.7,6.8715,3
Cc1ncoc1-c1nnc(SCCCN2CCC3(c4ccccc4)CC3C2)n1C,5.3,6.677600000000001,3
Cc1ncoc1-c1nnc(SCCCN2CCC3CC3(c3ccc(C(F)(F)F)cc3)C2)n1C,5.7,6.803599999999999,3
Cc1ncoc1-c1nnc(SCCCN2CCC3CC3(c3ccc(C(F)(F)F)cc3)CC2)n1C,5.8,6.803599999999999,3
Cc1ncoc1-c1nnc(SCCCN2CCC3CC3(c3cccc(C(F)(F)F)c3)C2)n1C,5.7,6.9232,3
Cc1ncoc1-c1nnc(SCCCN2CCC3CC3(c3ccccc3)C2)n1C,5.2,6.744199999999999,3
Cc1ncoc1-c1nnc(SCCCN2CCc3cc4c(cc3CC2)N(C)C(=O)CO4)n1C,4.6,6.445399999999998,3
Cc1ncoc1-c1nnc(SCCCN2CCc3cc4c(cc3CC2)OCC(=O)N4)n1C,7.2,7.770299999999999,3
Cc1ncoc1-c1nnc(SCCCN2CCc3cc4nc(C(C)C)oc4cc3CC2)n1C,5.4,5.624899999999996,3
Cc1ncoc1-c1nnc(SCCCN2CCc3cc4nc(C(F)(F)C(F)(F)F)oc4cc3CC2)n1C,6.7,6.600000000000001,3
Cc1ncoc1-c1nnc(SCCCN2CCc3cc4nc(CC5CC5)oc4cc3CC2)n1C,6.0,5.795999999999992,3
Cc1ncoc1-c1nnc(SCCCN2CCC3(CCc4ccc(Br)cc43)C2)n1C,6.1,6.693,3
Cc1ncoc1-c1nnc(SCCCN2CCc3ccc4oc(C(F)(F)C(F)(F)F)nc4c3CC2)n1C,6.5,7.051300000000002,3
Cc1ncoc1-c1nnc(SCCCN2CC3CC3(c3cccc(C(F)(F)F)c3)C2)n1C,5.5,6.8715,3
Cc1ncoc1-c1nnc(SCCCN2CCc3nc4cc(C(F)(F)F)ccn4c3CC2)n1C,6.1,7.144900000000003,3
CCc1nc2cc3c(cc2o1)CCN(CCCSc1nnc(-c2ccc(F)c(F)c2)n1C)CC3,5.9,5.585800000000003,3
CCc1nc2cc3c(cc2o1)CCN(CCCSc1nnc(-c2ccc(C(F)(F)F)cc2)n1C)CC3,6.6,5.778700000000003,3
Cn1c(SCCCN2CCc3ccc4oc(C(F)(F)F)nc4c3CC2)nnc1-c1ccccc1,6.6,6.734300000000002,3
Cn1c(SCCCN2CCC3CC3(c3ccc(C(F)(F)F)cc3)CC2)nnc1-c1ccnnc1,5.3,6.899799999999999,3
Cn1c(SCCCN2CC3CC3(c3ccc(C(F)(F)F)cc3)C2)nnc1-c1cncnc1,5.5,6.732799999999998,3
Cn1c(SCCCN2CC3CC3(c3ccc(C(F)(F)F)cc3)C2)nnc1-c1ccnnc1,5.4,6.855599999999999,3
Cn1c(SCCCN2CC3CC3(c3ccc(C(F)(F)F)cc3)C2)nnc1-c1ccccc1,6.2,6.731999999999999,3
CCc1nc2c3c(ccc2o1)CCN(CCCSc1nnc(-c2ocnc2C)n1C)CC3,5.3,6.4651999999999985,3
Cc1noc2cc3c(cc12)CCN(CCCSc1nnc(-c2ccc(C(F)(F)F)cc2)n1C)CC3,6.9,6.859300000000002,3
Cc1ccoc1-c1nnc(SCCCN2CC3CC3(c3ccc(C(F)(F)F)cc3)C2)n1C,6.7,6.8349,3
Cc1ncoc1-c1nnc(SCCCN2CC3CC3(c3cc(C(F)(F)F)ccc3F)C2)n1C,5.4,6.937199999999997,3
Cc1ncoc1-c1nnc(SCCCNC2CCC3(c4ccc(C(F)(F)F)cc4F)CC23)n1C,6.2,6.897299999999999,3
Cc1ncoc1-c1nnc(SCCCNC2CCC3(c4ccc(C(F)(F)F)cc4)CC23)n1C,6.2,6.820999999999999,3
Cc1ncoc1-c1nnc(SCCCN2CCc3ccc4oc(C(F)(F)F)nc4c3CC2)n1C,5.9,6.730300000000002,3
Cc1ncoc1-c1nnc(SCCCN2CC3CC3(c3cc(F)cc(C(F)(F)F)c3)C2)n1C,5.7,6.842999999999998,3
COc1ccc(C23CC2CN(CCCSc2nnc(-c4cccc5nc(C)ccc45)n2C)C3)cc1,6.2,5.699400000000005,3
Cc1ncoc1-c1nnc(SCCCNC2CC3CC3(c3ccc(C(F)(F)F)cc3F)C2)n1C,6.0,6.950700000000003,3
Cc1ncoc1-c1nnc(SCCCN2CC3CC3(c3ccc(C(C)(C)C)cc3)C2)n1C,6.2,6.689700000000001,3
Cc1ncoc1-c1nnc(SCCCN2CCc3nc4ccc(C(F)(F)F)cn4c3CC2)n1C,5.7,6.534699999999998,3
Cc1ncoc1-c1nnc(SCCCN2CC3CC3(c3ccc(C(F)(F)F)c(F)c3)C2)n1C,6.2,6.905399999999998,3
Cc1ncoc1-c1nnc(SCCCN2CC3CC3(c3ccc(OC(F)(F)F)cc3)C2)n1C,6.6,6.727000000000001,3
Cc1ncoc1-c1nnc(SCCCNC2CC3CC3(c3ccccc3)C2)n1C,5.1,6.7934000000000045,3
Cc1ncoc1-c1nnc(SCCCN2CC3CC3(c3ccc(C(F)(F)F)cc3)C2)n1C,6.05,6.749899999999999,3
Cc1ncoc1-c1nnc(SCCCN2CC3CC3(c3ccc(F)cc3)C2)n1C,5.7,6.646400000000001,3
Cc1ncoc1-c1nnc(SCCCN2CC3CC3(c3ccc(C(F)(F)F)cc3F)C2)n1C,6.1,6.853199999999998,3
Cc1ncoc1-c1nnc(SCCCN2CC3CC3(c3ccc(Br)cc3)C2)n1C,6.3,6.680600000000002,3
Cc1ncoc1-c1nnc(SCCCN2CC3CC3(c3ccc(F)c(C(F)(F)F)c3)C2)n1C,5.7,6.905399999999998,3
Cc1ncoc1-c1nnc(SCCCN2CC3CC3(c3ccc(Cl)c(Cl)c3)C2)n1C,6.0,6.749299999999997,3
Cc1ncoc1-c1nnc(SCCCN2CC3CC3(c3ccc(Cl)cc3)C2)n1C,6.1,6.723599999999998,3
Cc1ncoc1-c1nnc(SCCCN2CC3CC3(c3ccc(Cl)cc3F)C2)n1C,6.3,6.705399999999997,3
c1cncc(-c2c[nH]c(C3Cc4c([nH]c5ccccc45)C(C4CCCCC4)N3)n2)c1,6.72,5.736250000000004,4
Cc1ccc(-c2c[nH]c(C3Cc4c([nH]c5ccccc45)C(C4CCOCC4)N3)n2)cc1,7.0,6.106350000000003,4
COc1ccc(-c2c[nH]c(C3Cc4c([nH]c5ccccc45)C(C4CCOCC4)N3)n2)cc1,7.16,6.13135,4
COc1cccc(-c2c[nH]c(C3Cc4c([nH]c5ccccc45)C(C4CCOCC4)N3)n2)c1,6.61,6.152049999999998,4
COC1=NC(c2c[nH]c(-c3cc4c([nH]c5ccccc54)c(C4CCOCC4)n3)n2)CCC1,5.99,6.291349999999999,4
COc1cccc(-c2c[nH]c(C3Cc4c([nH]c5ccccc45)C(c4cnn(C)c4)(c4noc(C)n4)N3)n2)n1,5.44,5.663300000000001,4
c1cncc(-c2c[nH]c(C3Cc4c([nH]c5ccccc45)C(C4CCOCC4)N3)n2)c1,5.57,5.994050000000003,4
Cc1nc(C2(c3cnn(CC4CC4)c3)NC(c3nc(-c4ccc(F)cn4)c[nH]3)Cc3c2[nH]c2ccccc32)no1,5.5,5.660400000000002,4
CCn1cc(C2(c3nn(CCN(C)C)c(=O)o3)NC(c3nc(-c4ccc(F)cn4)c[nH]3)Cc3c2[nH]c2ccccc32)cn1,5.47,5.8716000000000035,4
CCn1cc(C2(c3nn(CC4CC4)c(=O)o3)NC(c3nc(-c4ccc(F)cn4)c[nH]3)Cc3c2[nH]c2ccccc32)cn1,5.26,5.739000000000002,4
CCn1cc(C2(c3nn(CC)c(=O)o3)NC(c3nc(-c4ccc(F)cn4)c[nH]3)Cc3c2[nH]c2ccccc32)cn1,5.11,5.621400000000002,4
CCn1cc(C2(c3nn(CC(N)=O)c(=O)o3)NC(c3nc(-c4ccc(F)cn4)c[nH]3)Cc3c2[nH]c2ccccc32)cn1,4.46,5.599550000000002,4
CC(C)(C)c1c[nH]c(C2Cc3c([nH]c4ccccc34)C(C3CCOCC3)N2)n1,5.53,6.4484,4
CCn1cc(C2(c3nn(C)c(=O)o3)NC(c3nc(-c4ccc(F)cn4)c[nH]3)Cc3c2[nH]c2ccccc32)cn1,4.49,5.687300000000001,4
CCn1cc(C2(c3nn(C(C)C)c(=O)o3)NC(c3nc(-c4ccc(F)cn4)c[nH]3)Cc3c2[nH]c2ccccc32)cn1,5.11,5.654350000000001,4
CCn1cc(C2(c3n[nH]c(=S)o3)NC(c3nc(-c4ccc(F)cn4)c[nH]3)Cc3c2[nH]c2ccccc32)cn1,4.98,5.696800000000001,4
CCn1cc(C2(c3n[nH]c(=O)o3)NC(c3nc(-c4ccc(F)cn4)c[nH]3)Cc3c2[nH]c2ccccc32)cn1,4.65,5.653400000000001,4
Fc1ccc(-c2c[nH]c(C3Cc4c([nH]c5ccccc45)C(C4CCOCC4)N3)n2)c(F)c1,6.2,6.057250000000002,4
FC1C=NC(c2c[nH]c(-c3cc4c([nH]c5ccccc54)c(C4CCOCC4)n3)n2)CC1,5.76,6.23725,4
FC1C=NC(c2c[nH]c(-c3cc4c([nH]c5ccccc54)c(C4CCCCC4)n3)n2)CC1,6.77,6.015250000000001,4
FC(F)(F)c1ccc(-c2c[nH]c(C3Cc4c([nH]c5ccccc45)C(C4CCOCC4)N3)n2)cc1,6.8,6.55215,4
CCn1cc(C2(c3nnc(C)o3)NC(c3nc(-c4ccc(F)cn4)c[nH]3)Cc3c2[nH]c2ccccc32)cn1,5.07,5.576300000000003,4
FC(F)(F)Oc1cccc(-c2c[nH]c(C3Cc4c([nH]c5ccccc45)C(C4CCOCC4)N3)n2)c1,7.24,6.4798500000000026,4
Cn1nc(C2(c3cn[nH]c3)NC(c3nc(-c4ccc(F)cn4)c[nH]3)Cc3c2[nH]c2ccccc32)oc1=O,4.67,5.677700000000002,4
Cn1cc(C2(c3noc(CN)n3)NC(c3nc(-c4ccc(F)cn4)c[nH]3)Cc3c2[nH]c2ccccc32)cn1,5.43,5.674500000000002,4
CCn1cc(C2(c3n[nH]c(=NC)o3)NC(c3nc(-c4ccc(F)cn4)c[nH]3)Cc3c2[nH]c2ccccc32)cn1,5.96,5.696800000000001,4
CCc1nnc(C2(c3cnn(C)c3)NC(c3nc(-c4ccc(F)cn4)c[nH]3)Cc3c2[nH]c2ccccc32)o1,5.37,5.6837000000000035,4
Cn1cc(C2(c3nn(C)c(=O)o3)NC(c3nc(-c4ccc(F)cn4)c[nH]3)Cc3c2[nH]c2ccccc32)cn1,4.59,5.676600000000002,4
Cn1cc(C2(c3nc(=O)o[nH]3)NC(c3nc(-c4ccc(F)cn4)c[nH]3)Cc3c2[nH]c2ccccc32)cn1,5.92,5.642800000000002,4
Cn1cc(C2(c3n[nH]c(=N)o3)NC(c3nc(-c4ccc(F)cn4)c[nH]3)Cc3c2[nH]c2ccccc32)cn1,4.45,6.469100000000002,4
Cn1cc(C2(c3ccc(C(=O)O)cn3)NC(c3nc(-c4ccc(F)cc4)c[nH]3)Cc3c2[nH]c2ccccc32)cn1,4.02,5.531400000000002,4
Clc1ccc(-c2c[nH]c(C3Cc4c([nH]c5ccccc45)C(C4CCOCC4)N3)n2)s1,6.28,6.147350000000004,4
Clc1ccc(-c2c[nH]c(C3Cc4c([nH]c5ccccc45)C(C4CCOCC4)N3)n2)cc1,6.84,6.175050000000003,4
ClC1C=NC(c2c[nH]c(-c3cc4c([nH]c5ccccc54)c(C4CCOCC4)n3)n2)CC1,6.33,6.301550000000002,4
Cc1nnc(C2(c3cnn(C)c3)NC(c3nc(-c4ccc(F)cn4)c[nH]3)Cc3c2[nH]c2ccccc32)o1,5.5,5.565600000000004,4
CCc1nc(C2(c3cnn(C)c3)NC(c3nc(-c4ccc(F)cn4)c[nH]3)Cc3c2[nH]c2ccccc32)no1,5.02,5.706800000000003,4
FC(F)(F)Oc1ccc(-c2c[nH]c(C3Cc4c([nH]c5ccccc45)C(C4CCOCC4)N3)n2)cc1,6.89,6.545850000000002,4
CCn1cc(C2(c3nnc(N(C)C)o3)NC(c3nc(-c4ccc(F)cn4)c[nH]3)Cc3c2[nH]c2ccccc32)cn1,5.26,5.855200000000002,4
CCn1cc(C2(c3nn(CC(=O)O)c(=O)o3)NC(c3nc(-c4ccc(F)cn4)c[nH]3)Cc3c2[nH]c2ccccc32)cn1,4.52,5.525550000000004,4
CCn1cc(C2(c3noc(C)n3)NC(c3nc(-c4ccc(F)cn4)c[nH]3)Cc3c2[nH]c2ccccc32)cn1,5.14,5.596400000000002,4
C1=NC(c2c[nH]c(-c3cc4c([nH]c5ccccc54)c(C4CCCCC4)n3)n2)CCC1,6.7,6.044050000000001,4
C1=NC(c2c[nH]c(-c3cc4c([nH]c5ccccc54)c(C4CCCCC4)n3)n2)CNC1,6.47,6.025050000000001,4
Fc1ccccc1-c1c[nH]c(C2Cc3c([nH]c4ccccc34)C(C3CCOCC3)N2)n1,6.3,6.071250000000003,4
C1=NC(c2c[nH]c(-c3cc4c([nH]c5ccccc54)c(C4CCOCC4)n3)n2)CCC1,5.39,6.25105,4
C1=NCCC(c2c[nH]c(-c3cc4c([nH]c5ccccc54)c(C4CCCCC4)n3)n2)C1,7.05,6.044050000000001,4
C1=NCCC(c2c[nH]c(-c3cc4c([nH]c5ccccc54)c(C4CCOCC4)n3)n2)C1,5.12,6.2520500000000006,4
c1ccc2c3c([nH]c2c1)C(C1CCOCC1)NC(c1nc(C2CCCCC2)c[nH]1)C3,6.87,6.067050000000003,4
c1ccc2c3c([nH]c2c1)C(C1CCOCC1)NC(c1nc(C24CC5CC(CC(C5)C2)C4)c[nH]1)C3,6.3,6.096750000000002,4
CCn1cc(C2(c3nnc(SC)o3)NC(c3nc(-c4ccc(F)cn4)c[nH]3)Cc3c2[nH]c2ccccc32)cn1,5.8,5.6411000000000024,4
c1ccc2c3c([nH]c2c1)C(C1CCOCC1)NC(c1nc(-c2csc4ccccc24)c[nH]1)C3,7.06,6.090750000000002,4
c1ccc2c3c([nH]c2c1)C(C1CCOCC1)NC(c1nc(-c2ccsc2)c[nH]1)C3,6.84,6.075050000000002,4
Cc1nc(C2(c3cn[nH]c3)NC(c3nc(-c4ccc(F)cn4)c[nH]3)Cc3c2[nH]c2ccccc32)no1,5.38,5.589050000000003,4
Cc1nc(C2(c3cnn(C)c3)NC(c3nc(-c4ccc(F)cc4)c[nH]3)Cc3c2[nH]c2ccccc32)no1,5.77,5.640300000000003,4
c1ccc(-c2ccc(-c3c[nH]c(C4Cc5c([nH]c6ccccc56)C(C5CCOCC5)N4)n3)cc2)cc1,7.77,6.092050000000001,4
c1ccc(-c2c[nH]c(C3Cc4c([nH]c5ccccc45)C(C4CCOCC4)N3)n2)cc1,6.42,6.069050000000003,4
c1ccc2c3c([nH]c2c1)C(C1CCOCC1)NC(c1nc(-c2cscn2)c[nH]1)C3,5.36,6.037050000000002,4
Fc1cccc(-c2c[nH]c(C3Cc4c([nH]c5ccccc45)C(C4CCOCC4)N3)n2)c1,6.59,6.1262500000000015,4
CCn1nc(C2(c3cnn(C)c3)NC(c3nc(-c4ccc(F)cn4)c[nH]3)Cc3c2[nH]c2ccccc32)oc1=O,4.29,5.621400000000002,4
CC(C)n1nc(C2(c3cnn(C)c3)NC(c3nc(-c4ccc(F)cn4)c[nH]3)Cc3c2[nH]c2ccccc32)oc1=O,4.55,5.65935,4
Fc1ccc(-c2c[nH]c(C3Cc4c([nH]c5ccccc45)C(C4CCOCC4)N3)n2)cc1F,6.46,6.100250000000001,4
Cc1nc(C2(c3cnn(C)c3)NC(c3nc(-c4ccc(F)cn4)c[nH]3)Cc3c2[nH]c2ccccc32)no1,5.07,5.585700000000003,4
CC1(c2nc(-c3ccccc3)c[nH]2)Cc2c([nH]c3ccccc23)C(C2CCOCC2)N1,5.725,6.092350000000002,4
Oc1ccc(-c2c[nH]c(C3Cc4c([nH]c5ccccc45)C(C4CCOCC4)N3)n2)cc1,6.33,6.067050000000002,4
O=C(O)c1cccc(-c2c[nH]c(C3Cc4c([nH]c5ccccc45)C(C4CCOCC4)N3)n2)c1,6.08,5.717600000000004,4
Cc1nc(C2(c3cnn(C)c3)NC(c3nc(-c4ccccc4)c[nH]3)Cc3c2[nH]c2ccccc32)no1,5.75,5.617100000000004,4
Cc1nc(C2(c3cnn(C)c3)NC(c3nc(-c4ccccn4)c[nH]3)Cc3c2[nH]c2ccccc32)no1,5.285,5.530500000000004,4
Fc1ccc(-c2c[nH]c(C3Cc4c([nH]c5ccccc45)C(C4CCOCC4)N3)n2)cc1,6.42,6.081550000000002,4
CNCc1ccc(Cl)cc1Oc1ccc(F)c(C)c1,5.52,5.953249999999997,5
CNCc1ccc(Cl)cc1Oc1ccc(F)c(C(F)(F)F)c1,6.06,6.279800000000002,5
CNCc1ccc(Cl)cc1Oc1ccc(Cl)cc1,6.19,5.958449999999998,5
CNCc1ccc(Cl)cc1Oc1ccc(Cl)c(F)c1,5.91,5.918399999999998,5
CNCc1ccc(Cl)cc1Oc1ccc(Cl)c(Cl)c1,5.91,5.956649999999997,5
CNCc1ccc(Cl)cc1Oc1ccc(F)c(Cl)c1,5.68,5.912399999999998,5
CNCc1ccc(Cl)cc1Oc1cccc(Cl)c1,5.68,5.952099999999997,5
CCc1cc(Oc2cc(Cl)ccc2CNC)ccc1Cl,5.94,5.9589,5
CNCc1ccc(OC)cc1Oc1ccc(Cl)c(Cl)c1,6.16,5.901399999999998,5
CNCc1ccccc1Oc1ccc(Cl)c(Cl)c1,5.41,5.875049999999999,5
CCc1cc(Oc2ccc(F)cc2CNC)ccc1Cl,5.34,5.860449999999998,5
CNCc1ccc(Cl)cc1Oc1ccc(Cl)c(C)c1,5.75,5.982549999999995,5
CSc1ccc(Oc2ccccc2CN(C)C)cc1,5.52,5.82115,5
Cc1ccc(Oc2ccc(Cl)c(Cl)c2)c(CN(C)C)c1,5.47,5.886899999999998,5
CC(c1ccccc1Oc1ccc(Cl)c(Cl)c1)N(C)C,6.05,5.5650999999999975,5
CNCc1ccc(F)cc1Oc1ccc(Cl)c(Cl)c1,5.52,5.974799999999997,5
CNCc1ccc(Cl)cc1Oc1ccc(C)cc1,5.79,5.9393499999999975,5
CNCc1cc(F)ccc1Oc1ccc(F)c(Cl)c1,5.08,5.8451499999999985,5
CNCc1ccc(Cl)cc1Oc1ccc(C)c(C)c1,5.76,5.977349999999996,5
CNCc1cc(C(F)(F)F)ccc1Oc1ccc(Cl)c(Cl)c1,5.88,6.429250000000004,5
CNCc1cc(C(F)(F)F)ccc1Oc1ccc(C)cc1,4.98,6.410050000000004,5
CNCc1cc(C#N)ccc1Oc1ccc(Cl)c(Cl)c1,5.34,6.47715,5
CNCc1cc(Br)ccc1Oc1ccc(Cl)c(Cl)c1,5.79,6.1845500000000015,5
CNC(C)c1ccccc1Oc1ccc(Cl)c(Cl)c1,5.42,5.550499999999999,5
CNC(C)c1ccc(OC)cc1Oc1ccc(Cl)c(Cl)c1,6.11,5.574049999999997,5
CNC(C)c1ccc(Cl)cc1Oc1ccc(C)cc1,5.43,5.5936999999999975,5
CNCc1ccc(Cl)cc1Oc1ccc(C)c(Cl)c1,5.97,5.981549999999995,5
CNC(C)c1cc(F)ccc1Oc1ccc(Cl)cc1,5.28,5.556699999999999,5
CNC(C)c1cc(F)ccc1Oc1ccc(Cl)c(Cl)c1,5.17,5.546099999999998,5
CNC(C)c1cc(C)ccc1Oc1ccc(Cl)c(Cl)c1,5.57,5.5638999999999985,5
CNC(C)c1cc(C(F)(F)F)ccc1Oc1ccc(Cl)c(Cl)c1,5.52,6.105850000000004,5
CN(C)Cc1ccc(C(F)(F)F)cc1Oc1ccc(Cl)c(Cl)c1,5.95,6.439150000000004,5
CN(C)Cc1ccccc1Oc1ccc(Cl)c(Cl)c1,5.67,5.8666,5
COc1ccc(CN(C)C)c(Oc2ccc(Cl)c(Cl)c2)c1,6.63,5.88925,5
CNCc1cc(C(N)=O)ccc1Oc1ccc(Cl)c(Cl)c1,5.26,5.70885,5
CNCc1cc(C)c(C)cc1Oc1ccc(Cl)c(Cl)c1,5.83,5.951099999999997,5
CNC(C)c1ccc(Cl)cc1Oc1ccc(C)c(C)c1,5.61,5.637599999999997,5
CNCc1cc(Cl)ccc1Oc1ccc(C)c(C)c1,5.28,5.974099999999996,5
CNCc1ccc(C(F)(F)F)cc1Oc1ccc(Cl)cc1,5.29,6.448050000000004,5
CNCc1ccc(C(F)(F)F)cc1Oc1ccc(Cl)c(Cl)c1,5.92,6.429250000000004,5
CNCc1ccc(C#N)cc1Oc1ccc(Cl)c(Cl)c1,5.88,6.47715,5
CNCc1ccc(Br)cc1Oc1ccc(Cl)c(Cl)c1,6.01,6.187800000000001,5
CNCc1cc(OC)c(OC)cc1Oc1ccc(Cl)c(Cl)c1,5.0,5.903749999999999,5
CNCc1cc(F)ccc1Oc1ccc(Cl)cc1,5.13,5.870749999999999,5
CNCc1cc(F)ccc1Oc1ccc(Cl)c(F)c1,5.33,5.851149999999999,5
CNCc1cc(F)ccc1Oc1ccc(Cl)c(Cl)c1,5.25,5.850949999999998,5
CNCc1cc(S(=O)(=O)NC)ccc1Oc1ccc(Cl)c(Cl)c1,5.32,5.753399999999999,5
CNCc1cc(Cl)ccc1Oc1ccc(Cl)cc1,5.32,5.955199999999999,5
CNCc1cc(F)c(Cl)cc1Oc1ccc(Cl)c(Cl)c1,5.49,5.888149999999999,5
CNCc1cc(Cl)ccc1Oc1ccc(Cl)c(Cl)c1,5.51,5.9533999999999985,5
CNCc1cc(F)c(OC)cc1Oc1ccc(Cl)c(Cl)c1,5.67,5.873249999999998,5
CNCc1cc(F)ccc1Oc1ccc(C)c(C)c1,4.7,5.802599999999997,5
COc1cc(N2C(=O)N(c3ccc(-c4ccc(C(=O)O)cc4F)cc3)C(=O)C23CCN(Cc2ncccc2C)CC3)ncn1,4.27,5.44615,6
COc1cc(N2C(=O)N(c3ccc(-c4ccc5[nH]ncc5c4)cc3)C(=O)C23CCN(Cc2ncccc2C)CC3)ncn1,5.33,5.6542,6
COc1cc(N2C(=O)N(c3ccc(-c4ccc5c[nH]nc5c4)cc3)C(=O)C23CCN(Cc2ncccc2C)CC3)ncn1,6.14,5.8776,6
COc1cc(N2C(=O)N(c3ccc(-c4cccc(C(=O)O)c4)cc3)C(=O)C23CCN(Cc2ncccc2C)CC3)ncn1,5.16,5.544,6
COc1cc(N2C(=O)N(c3ccc(-c4ccc(C(=O)O)cc4)nc3)C(=O)C23CCN(Cc2ncccc2C)CC3)ncn1,4.34,5.3464,6
Cc1cc(C(=O)O)ccc1-c1ccc(N2C(=O)N(c3cc(C(F)(F)F)ncn3)C3(CCN(Cc4ncccc4C)CC3)C2=O)cc1,4.68,5.6879,6
COc1cc(N2C(=O)N(c3ccc(-c4csc(C(=O)O)c4)cc3)C(=O)C23CCN(Cc2ncccc2C)CC3)ncn1,5.1,5.521499999999999,6
Cc1cc(C(=O)O)ccc1-c1ccc(N2C(=O)N(c3ccncn3)C3(CCN(Cc4ncccc4C)CC3)C2=O)cc1,4.66,5.47865,6
Cc1cc(C(=O)O)ccc1-c1ccc(N2C(=O)N(c3cnccn3)C3(CCN(Cc4ncccc4C)CC3)C2=O)cc1,5.14,5.2958500000000015,6
Cc1cc(C(=O)O)ccc1-c1ccc(N2C(=O)N(c3cnccn3)C3(CCN(Cc4ncccc4C)CC3)C2=O)cn1,5.6,5.297650000000001,6
Cc1cc(C(=O)O)ccc1-c1ccc(N2C(=O)N(c3cc(=O)[nH]cn3)C3(CCN(Cc4ncccc4C)CC3)C2=O)cn1,4.7,5.419950000000001,6
COc1cc(N2C(=O)N(c3ccc(-c4ccccc4C(=O)O)cc3)C(=O)C23CCN(Cc2ncccc2C)CC3)ncn1,5.62,5.49445,6
COc1cc(N2C(=O)N(c3ccc(-c4ccc5[nH]cnc5c4)cc3)C(=O)C23CCN(Cc2ncccc2C)CC3)ncn1,4.82,5.8776,6
COc1cc(N2C(=O)N(c3ccc(-c4ccc(C(N)=O)cc4)cc3)C(=O)C23CCN(Cc2ncccc2C)CC3)ncn1,6.19,5.5989499999999985,6
COc1cc(N2C(=O)N(c3ccc(-c4ccc(C(=O)O)s4)cc3)C(=O)C23CCN(Cc2ncccc2C)CC3)ncn1,4.92,5.508699999999999,6
COc1cc(N2C(=O)N(c3ccc(-c4ccc(-c5cc(=O)[nH][nH]5)cc4)cc3)C(=O)C23CCN(Cc2ncccc2C)CC3)ncn1,4.77,5.9527,6
COc1cc(N2C(=O)N(c3ccc(-c4ccc(C(=O)O)cc4C)nc3)C(=O)C23CCN(Cc2ncccc2C)CC3)ncn1,5.15,5.3488,6
Cc1cc(C(=O)O)ccc1-c1ccc(N2C(=O)N(c3ncccn3)C3(CCN(Cc4ncccc4C)CC3)C2=O)cc1,4.64,5.264850000000001,6
COc1cc(N2C(=O)N(c3ccc(-c4ccc(-c5cc[nH]n5)cc4)cc3)C(=O)C23CCN(Cc2ncccc2C)CC3)ncn1,5.7,5.889200000000001,6
COc1cc(N2C(=O)N(c3ccc(-c4ccc(C#N)cc4)cc3)C(=O)C23CCN(Cc2ncccc2C)CC3)ncn1,6.43,5.8332,6
COc1cc(N2C(=O)N(c3ccc(-c4ccc(C(=O)N(C)C)cc4)cc3)C(=O)C23CCN(Cc2ncccc2C)CC3)ncn1,5.05,5.63865,6
COc1cc(N2C(=O)N(c3ccc(-c4ccc(C(=O)O)c(C)c4)cc3)C(=O)C23CCN(Cc2ncccc2C)CC3)ncn1,4.64,5.5215999999999985,6
COc1cc(N2C(=O)N(c3ccc(-c4ccc(C(=O)O)c(Cl)c4)cc3)C(=O)C23CCN(Cc2ncccc2C)CC3)ncn1,5.24,5.580799999999998,6
COc1cc(N2C(=O)N(c3ccc(-c4ccc(C(=O)O)cc4)cc3)C(=O)C23CCN(Cc2ncccc2C)CC3)ncn1,5.19,5.514199999999999,6
COc1cc(N2C(=O)N(c3ccc(-c4ccc(C(=O)O)cc4C)cc3)C(=O)C23CCN(Cc2ncccc2C)CC3)ncn1,4.89,5.500399999999998,6
COc1nccnc1N1C(=O)N(c2ccc(-c3ccc(C(=O)O)cc3C)cc2)C(=O)C12CCN(Cc1ncccc1C)CC2,5.85,5.330299999999999,6
Cc1cc(C(=O)O)ccc1-c1ccc(N2C(=O)N(c3nccnc3C)C3(CCN(Cc4ncccc4C)CC3)C2=O)cc1,5.11,5.258050000000002,6
Cc1cccnc1CN1CCC2(CC1)C(=O)N(c1ccc(C3CCCCC3)cc1)C(=O)N2c1cc(=O)[nH]cn1,6.0,6.304350000000003,6
COCc1nc(-c2ccc(N3C(=O)N(c4cc(=O)[nH]cn4)C4(CCN(Cc5ncccc5C)CC4)C3=O)cc2)no1,5.11,5.9022000000000014,6
CNC(=O)c1ccc(-c2ccc(N3C(=O)N(c4cc(OC)ncn4)C4(CCN(Cc5ncccc5C)CC4)C3=O)cc2)cc1,5.07,5.638249999999999,6
Cc1nccc(N2C(=O)N(c3ccc(-c4ccc(C(=O)O)cc4C)cc3)C(=O)C23CCN(Cc2ncccc2C)CC3)n1,4.66,5.5297,6
Cc1cccnc1CN1CCC2(CC1)C(=O)N(c1ccc(N3CCC3=O)cc1)C(=O)N2c1cc(=O)[nH]cn1,4.57,5.854600000000001,6
Cc1nc(C)c(-c2ccc(N3C(=O)N(c4cc(=O)[nH]cn4)C4(CCN(Cc5ncccc5C)CC4)C3=O)cc2)s1,6.02,5.870350000000001,6
Cc1cccnc1CN1CCC2(CC1)C(=O)N(c1ccc(-c3ccc(-c4cc[nH]n4)cc3)cc1)C(=O)N2c1cc(=O)[nH]cn1,5.09,5.9398,6
Cc1cccnc1CN1CCC2(CC1)C(=O)N(c1ccc(-c3ccc(C(=O)O)cc3)cc1)C(=O)N2c1ccncn1,4.51,5.4955,6
Cc1cccnc1CN1CCC2(CC1)C(=O)N(c1ccc(-c3ccc(C(=O)O)cc3)cc1)C(=O)N2c1cnccn1,4.8,5.295700000000002,6
Cc1cc(N2C(=O)N(c3ccc(-c4ccc(C(=O)O)cc4C)cc3)C(=O)C23CCN(Cc2ncccc2C)CC3)ncn1,4.42,5.491650000000001,6
Cc1cccnc1CN1CCC2(CC1)C(=O)N(c1ccc(-c3ccc(N4CCOCC4)cc3)cc1)C(=O)N2c1cc(=O)[nH]cn1,4.89,6.356150000000005,6
Cc1cccnc1CN1CCC2(CC1)C(=O)N(c1ccc(-c3ccc4scnc4c3)cc1)C(=O)N2c1cc(=O)[nH]cn1,5.82,5.9393,6
Cc1cccnc1CN1CCC2(CC1)C(=O)N(c1ccc(-n3cccn3)cc1)C(=O)N2c1cc(=O)[nH]cn1,5.05,5.874600000000003,6
Cc1cccnc1CN1CCC2(CC1)C(=O)N(c1ccc(-c3ccccc3)cc1)C(=O)N2c1cc(=O)[nH]cn1,6.66,5.886600000000002,6
Cc1cccnc1CN1CCC2(CC1)C(=O)N(c1ccc(-c3ccno3)cc1)C(=O)N2c1cc(=O)[nH]cn1,4.66,5.876300000000002,6
Cc1cccnc1CN1CCC2(CC1)C(=O)N(c1ccc(-c3ccc(C(=O)O)cc3)cc1)C(=O)N2c1ncccn1,4.72,5.281700000000002,6
O=C1N(CCN2Cc3ccccc3C2)CCN1Cc1cccc(C(F)(F)F)c1,5.2,5.823200000000001,7
O=C1N(CCN2Cc3ccccc3C2)CCN1Cc1ccc(Cl)cc1,5.7,5.511100000000003,7
O=C1N(CCN2Cc3ccccc3C2)CCN1Cc1ccc(Cl)c(Cl)c1,6.1,5.592200000000003,7
O=C1N(CCN2Cc3ccccc3C2)CCN1Cc1cc(Cl)ccc1Cl,6.4,5.592000000000002,7
O=C1N(CCN2CCCc3sccc3C2)CCN1c1cccc(Cl)c1,6.1,5.566599999999999,7
O=C1N(CCN2CCCC(OCc3ccccc3)C2)CCN1c1cccc(Cl)c1,7.1,5.9663,7
COc1ccc(CCN(C)CCN2CCN(c3cccc(Cl)c3)C2=O)cc1OC,5.6,5.4102999999999986,7
CN1CCN(CCN2CCN(c3cccc(Cl)c3)C2=O)CC1,5.4,5.316800000000001,7
CN(CCN1CCN(c2cccc(C(F)(F)F)c2)C1=O)CC12CCC(CC1)C2(C)C,5.2,5.86305,7
CN(CCN1CCN(c2ccc3c(c2)OCO3)C1=O)CC12CCC(CC1)C2(C)C,5.2,5.631450000000002,7
CN(CCN1CCN(c2ccc(F)cc2)C1=O)CC12CCC(CC1)C2(C)C,5.5,5.526599999999999,7
CN(CCN1CCN(C2COOC2)C1=O)CC12CCC(CC1)C2(C)C,5.2,5.655350000000002,7
Cc1nc2cc(N3CCN(CCN4Cc5ccccc5C4)C3=O)ccc2s1,5.4,5.656000000000002,7
O=C1N(CCN2CCC(c3nnc(-c4ccccc4)o3)CC2)CCN1c1cccc(Cl)c1,6.6,5.992499999999999,7
O=C1N(CCN2Cc3ccccc3C2)CCN1Cc1cccc(Cl)c1,5.6,5.525900000000004,7
O=C1N(CCN2Cc3ccccc3C2)CCN1Cc1ccccc1Cl,5.7,5.582800000000003,7
O=C1N(CCN2Cc3ccccc3C2)CCN1c1cc(Cl)cc(Cl)c1,5.8,5.528900000000002,7
Cc1cccc(N2CCN(CCN(C)CC34CCC(CC3)C4(C)C)C2=O)c1,5.8,5.643250000000003,7
CN(CCN1CCN(c2ccccc2)C1=O)CC12CCC(CC1)C2(C)C,5.4,5.813750000000003,7
CN(CCN1CCN(c2cccc(Cl)c2)C1=O)Cc1cc2ccccc2s1,5.8,5.720200000000002,7
CN(CCN1CCN(c2cccc(Cl)c2)C1=O)CC12CCC(CC1)C2(C)C,5.5,5.670200000000002,7
O=C1N(CCN2Cc3ccccc3C2)CCN1c1csc2ccccc12,5.1,5.574600000000001,7
O=C1N(CCN2Cc3ccccc3C2)CCN1c1cccc(OC(F)(F)F)c1,6.2,5.772600000000001,7
O=C1N(CCN2Cc3ccccc3C2)CCN1c1cccc(Cl)c1,5.5,5.5225000000000035,7
O=C1N(CCN2Cc3ccccc3C2)CCN1c1cccc(C(F)(F)F)c1,6.1,5.818800000000001,7
O=C1N(CCN2Cc3ccccc3C2)CCN1c1ccc2sccc2c1,5.7,5.612700000000001,7
O=C1N(CCN2Cc3ccccc3C2)CCN1c1ccc2occc2c1,5.1,5.467800000000002,7
O=C1N(CCN2Cc3ccccc3C2)CCN1c1ccc(F)c(Cl)c1,5.3,5.499800000000001,7
O=C1N(CCN2Cc3ccccc3C2)CCN1c1ccc(Cl)c(Cl)c1,6.0,5.584800000000001,7
CCN(CC)CCN1CCN(c2cccc(Cl)c2)C1=O,5.5,5.468900000000001,7
CC(=O)n1ccc2cc(N3CCN(CCN4Cc5ccccc5C4)C3=O)ccc21,5.0,5.303900000000001,7
O=C1N(CCN2Cc3ccccc3C2)CCN1c1cc(Cl)ccc1F,4.7,5.454200000000003,7
O=C1N(CCN2Cc3ccccc3C2)CCN1Cc1ccccc1,4.6,5.659700000000002,7
O=C1N(CCN2Cc3ccccc3C2)CCN1c1cc(F)cc(Cl)c1,5.5,5.473600000000002,7
Cc1cc(CN(C)CCN2CCN(c3cccc(Cl)c3)C2=O)on1,4.3,5.4196500000000025,7
COCC1CCCN1N1CCN(c2cccc(Cl)c2)C1=O,5.3,5.742850000000001,7
CC(C)N1CCN(CCN2CCN(c3cccc(C#N)c3)C2=O)CC1,4.9,5.794700000000001,7
CC(C)N1CCN(CCN2CCN(c3cccc(Cl)c3)C2=O)CC1,5.2,5.3762,7
CC(C)N1CCN(CCN2CCN(c3cccc(Cl)c3F)C2=O)CC1,4.7,5.344100000000001,7
CC(C)N1CCN(CCN2CCN(c3cccc(OC(F)(F)F)c3)C2=O)CC1,5.8,5.639499999999999,7
CC(C)Oc1cccc(N2CCN(CCN3Cc4ccccc4C3)C2=O)c1,5.4,5.497900000000003,7
CC(C)c1cccc(N2CCN(CCN3Cc4ccccc4C3)C2=O)c1,5.3,5.440900000000002,7
CC1CCCCN1CCN1CCN(c2cccc(Cl)c2)C1=O,5.7,5.8036,7
CC12CCC(CN(CCN3CCN(c4cccc(Cl)c4)C3=O)C1)C2(C)C,5.9,5.584500000000003,7
CC12CC(c3ccccc3)CC(C1)N(CCN1CCN(c3cccc(Cl)c3)C1=O)C2,7.2,5.695600000000002,7
CC(c1cccc(C(F)(F)F)c1)N1CCN(CCN2Cc3ccccc3C2)C1=O,5.9,5.776099999999999,7
Cc1ccc(N2CCN(CCN3Cc4ccccc4C3)C2=O)s1,4.5,5.575300000000003,7
Cc1ccc(N2CCN(CCN3Cc4ccccc4C3)C2=O)cn1,4.5,5.409000000000005,7
Cc1ccc(N2CCN(CCN(C)CC34CCC(CC3)C4(C)C)C2=O)cc1,5.6,5.636000000000003,7
N#Cc1cc(N2CCN(CCN3CCC(C(F)(F)F)CC3)C2=O)ccc1F,5.2,6.373049999999994,7
N#Cc1cc(N2CCN(CCN3Cc4ccccc4C3)C2=O)ccc1F,5.0,6.310399999999998,7
N#Cc1cccc(N2CCN(CCN3CCC(C(F)(F)F)CC3)C2=O)c1,5.1,6.082099999999997,7
CC1(C)CC2CC(C)(CN2CCN2CCN(c3cccc(Cl)c3)C2=O)C1,5.9,5.336950000000002,7
N#Cc1cccc(N2CCN(CCN3Cc4ccccc4C3)C2=O)c1,5.5,5.901999999999998,7
CC1(C)C2CCC13CCN(CCN1CCN(c4cccc(Cl)c4)C1=O)C3C2,6.1,5.660300000000001,7
CC(C)N1CCN(CCN2CCN(c3ccc(F)c(C#N)c3)C2=O)CC1,4.8,6.219699999999997,7
COCC1C2CCC1CN(CCN1CCN(c3cccc(Cl)c3)C1=O)C2,6.0,5.663100000000001,7
COc1cccc(N2CCN(CCN3CCN(C(C)C)CC3)C2=O)c1,4.2,5.424600000000001,7
COc1cccc(N2CCN(CCN(C)CC34CCC(CC3)C4(C)C)C2=O)c1,5.7,5.6982500000000025,7
CC1CCN(CCN2CCN(c3cccc(Cl)c3)C2=O)CC1,5.8,5.5996999999999995,7
O=C1N(CCN2CCC(c3ccc(Cl)cc3)CC2)CCN1c1cccc(Cl)c1,8.1,5.7689499999999985,7
O=C1N(CCN2CCC(C(F)(F)F)CC2)CCN1c1cccc(OC(F)(F)F)c1,5.4,5.92745,7
CC1CCCN(CCN2CCN(c3cccc(Cl)c3)C2=O)C1,5.5,5.694599999999999,7
O=C1N(CCN2CCC(C(F)(F)F)CC2)CCN1c1cccc(O)c1,4.8,5.653649999999996,7
COc1cccc(N2CCN(CCN3CCC(C(F)(F)F)CC3)C2=O)c1,4.6,5.8186,7
CC(C)(C)c1ccc(N2CCN(CCN3Cc4ccccc4C3)C2=O)cc1,6.0,5.590500000000002,7
O=C1N(CCN2CCC(C(F)(F)F)CC2)CCN1c1cccc(I)c1,6.7,5.820099999999997,7
O=C1N(CCN2CCC(C(F)(F)F)CC2)CCN1c1cccc(Cl)c1,5.9,5.8272999999999975,7
O=C1N(CCN2CC3CCC2Cc2ccccc2C3)CCN1c1cccc(Cl)c1,7.2,5.813300000000001,7
O=C1N(CCN2CC3CCC2C3)CCN1c1cccc(Cl)c1,4.9,5.779250000000001,7
O=C1N(CCN2CC3CCC(CC3)C2)CCN1c1cccc(Cl)c1,6.4,5.692499999999999,7
O=C1N(CCN2C3CCCC2CC3)CCN1c1cccc(Cl)c1,5.8,6.0179,7
COc1cccc(C2CCCN(CCN3CCN(c4cccc(Cl)c4)C3=O)C2)c1,6.7,5.817800000000001,7
COc1cccc(CCN(C)CCN2CCN(c3cccc(Cl)c3)C2=O)c1,6.2,5.5111,7
O=C1N(CCN2CCC(C(F)(F)F)CC2)CCN1c1cccc(Cl)c1F,4.9,5.808149999999999,7
FC(F)(F)c1cc(COCC2(c3ccccc3)CCNCC2)nc(C2CC2)c1,5.26,6.2375000000000025,8
FC(F)(F)c1cc(COCC2(c3ccccc3)CCNCC2)nc(N2CCCC2)c1,5.64,6.008400000000002,8
Fc1ccc(C2(COCc3cc(C(F)(F)F)cc(Cl)n3)CCNCC2)cc1,4.7,5.779899999999997,8
FC(F)(F)c1cc(Cl)cc(COCC2(c3ccccc3)CCNCC2)n1,4.6,5.9961,8
FC(F)(F)c1cc(Cl)nc(COCC2(c3ccccc3)CCNCC2)c1,4.55,5.9643999999999995,8
FC(F)(F)c1cc(Cl)cc(COCC2(c3ccccc3)CCNCC2)c1,5.14,5.9468999999999985,8
Clc1cc(COCC2(c3ccccc3)CCNCC2)cc(Cl)n1,4.48,5.766200000000002,8
Brc1cncc(COCC2(c3ccccc3)CCNCC2)c1,4.82,5.79595,8
CN1CCC(COCc2cc(C(F)(F)F)ccn2)(c2ccc(F)cc2)CC1,4.54,5.567299999999998,8
CC(C)CN(CC(C)C)c1cc(C(F)(F)F)cc(COCC2(c3ccc(F)cc3)CCN(C)CC2)n1,5.02,5.8553999999999995,8
CC(C)Cc1cc(C(F)(F)F)cc(COCC2(c3ccc(F)cc3)CCN(C)CC2)n1,4.92,5.657499999999998,8
CCC(CC)N=c1cc(C(F)(F)F)cc(COCC2(c3ccc(F)cc3)CCN(C)CC2)[nH]1,5.15,5.650449999999998,8
CN1CCC(COCc2cc(C(F)(F)F)cc(C3CC3(C)C)n2)(c2ccc(F)cc2)CC1,5.05,5.6877999999999975,8
CN1CCC(COCc2cc(C(F)(F)F)cc(C3(F)CC3)n2)(c2ccccc2)CC1,4.92,5.7901,8
CN1CCC(COCc2cc(C(F)(F)F)cc(C3(F)CC3)n2)(c2ccc(F)cc2)CC1,5.37,5.658399999999998,8
CN1CCC(COCc2cc(C(F)(F)F)cc(N3CCCC3)n2)(c2ccccc2)CC1,5.13,5.873599999999999,8
CN1CCC(COCc2cc(C(F)(F)F)cc(C#N)n2)(c2ccccc2)CC1,4.48,6.529299999999999,8
CC(C)c1cc(C(F)(F)F)cc(COCC2(c3ccc(F)cc3)CCN(C)CC2)n1,4.58,5.6564999999999985,8
CN1CCC(COCc2cc(C#N)cc(C3CC3)n2)(c2ccc(F)cc2)CC1,4.77,5.949,8
CN(C)c1cc(C(F)(F)F)cc(COCC2(c3ccc(F)cc3)CCNCC2)n1,5.08,5.9927,8
CC1CC1c1cc(C(F)(F)F)cc(COCC2(c3ccc(F)cc3)CCN(C)CC2)n1,4.47,5.685799999999997,8
COc1cc(C(F)(F)F)cc(COCC2(c3ccc(F)cc3)CCN(C)CC2)n1,5.0,5.89,8
CCN=c1cc(C(F)(F)F)cc(COCC2(c3ccc(F)cc3)CCN(C)CC2)[nH]1,4.1,5.659149999999999,8
CCN(CC)c1cc(C(F)(F)F)cc(COCC2(c3ccc(F)cc3)CCN(C)CC2)n1,4.85,5.8595,8
CCN(C)c1cc(C(F)(F)F)cc(COCC2(c3ccc(F)cc3)CCN(C)CC2)n1,5.21,5.854699999999998,8
CC=Cc1cc(C(F)(F)F)cc(COCC2(c3ccc(F)cc3)CCN(C)CC2)n1,4.89,5.663299999999998,8
CC(C)=Cc1cc(C(F)(F)F)cc(COCC2(c3ccc(F)cc3)CCN(C)CC2)n1,4.75,5.645399999999999,8
CN1CCC(COCc2cc(C(F)(F)F)cc(C3CC3)n2)(c2ccc(F)cc2)CC1,4.89,6.004499999999999,8
CN1CCC(COCc2cc(C(F)(F)F)cc(C3CC3)n2)(c2ccc(Cl)cc2)CC1,5.51,6.3126999999999995,8
CN1CCC(COCc2cc(C(F)(F)F)cc(N3CCC(C#N)CC3)n2)(c2ccc(F)cc2)CC1,5.11,5.656399999999999,8
CN1CCN(c2cc(C(F)(F)F)cc(COCC3(c4ccccc4)CCNCC3)n2)CC1,4.8,5.909099999999999,8
CN1CCC(COCc2cc(C(F)(F)F)cc(C3CC3)n2)(c2cccc(F)c2)CC1,5.05,6.101500000000001,8
CN1CCC(COCc2cc(C(F)(F)F)cc(Cl)n2)(c2ccccc2F)CC1,4.37,5.792199999999998,8
CN1CCC(COCc2cc(C(F)(F)F)cc(C3CC3)n2)(c2ccccc2)CC1,5.05,6.1414500000000025,8
CN1CCC(COCc2cc(C(F)(F)F)cc(C3CCCC3)n2)(c2ccc(F)cc2)CC1,4.92,6.1018,8
CN1CCC(COCc2cncc(Br)c2)(c2ccccc2)CC1,4.89,5.714449999999999,8
CN1CCC(COCc2cc(Cl)cc(C(F)(F)F)n2)(c2ccccc2)CC1,4.92,5.881799999999998,8
CN1CCC(COCc2cc(C(F)(F)F)cc(N3CCC4CC43)n2)(c2ccc(F)cc2)CC1,4.92,5.732749999999998,8
CN1CCC(COCc2cc(C(F)(F)F)cc(Cl)n2)(c2ccccc2)CC1,4.6,5.864199999999998,8
CN1CCC(COCc2cc(C(F)(F)F)cc(Cl)n2)(c2ccc(Cl)cc2)CC1,4.64,5.832299999999998,8
CN1CCC(COCc2cc(C(F)(F)F)cc(Cl)n2)(c2ccc(F)cc2)CC1,5.22,5.7148999999999965,8
CN1CCC(COCc2cc(C3CC3)cc(C3CC3)n2)(c2ccc(F)cc2)CC1,4.77,6.1447,8
CN1CCC(COCc2cc(C(F)(F)F)cc(N3CCC(C#N)C3)n2)(c2ccc(F)cc2)CC1,5.08,5.703899999999997,8
CN1CCC(COCc2cc(C(F)(F)F)cc(N3CC=CC3)n2)(c2ccc(F)cc2)CC1,5.06,5.706899999999998,8
CN1CCC(COCc2cc(C(F)(F)F)cc(C3CC3)n2)(c2cccc(Cl)c2)CC1,5.04,6.2063,8
CCC(CC)CN=c1c(C(N)=O)c[nH]c2ccc(-c3ccc(CS(C)(=O)=O)cc3)cc12,5.68,5.296300000000001,9
CCC(CC)CN=c1c(C(N)=O)c[nH]c2ccc(-c3ccc(CO)nc3)cc12,5.51,5.2341000000000015,9
COCc1ccc(-c2ccc3[nH]cc(C(N)=O)c(=NC(C)c4ccn(C)n4)c3c2)c(F)n1,4.85,5.190949999999999,9
COCc1ccc(-c2ccc3[nH]cc(C(N)=O)c(=NC(C)C4CCOCC4)c3c2)cn1,5.35,5.508750000000003,9
COc1ccccc1-c1cc2c(=NC3CCC(C)(N)C3(C)C)c(C(N)=O)c[nH]n2c1,5.12,5.4613,9
COCc1ccc(-c2cc3c(=NC(C)c4ccn(C)n4)c(C(N)=O)c[nH]c3cc2F)cn1,4.66,5.116349999999998,9
COCc1ccc(-c2cc3c(=NC(C)c4ccn(C)n4)c(C(N)=O)c[nH]c3cc2F)c(F)n1,4.62,5.154249999999998,9
COCc1ccc(-c2cc3c(=NC(C)C4CCOCC4)c(C(N)=O)c[nH]c3cc2F)cn1,5.05,5.48405,9
NC(=O)c1c[nH]c2c(Cl)cc(-c3cccnc3)cc2c1=NC1CCOCC1,5.96,5.843550000000002,9
CCC(CC)CN=c1c(C(N)=O)c[nH]c2ccc(-c3ccc(COC)cc3)cc12,4.75,5.2769,9
CCC(CC)CN=c1c(C(N)=O)c[nH]c2ccc(-c3ccc(COC)nc3)cc12,5.6,5.249300000000001,9
CCC(CC)CN=c1c(C(N)=O)c[nH]c2ccc(-c3cccnc3)cc12,6.17,5.528650000000004,9
CCC(CC)CN=c1c(C(N)=O)c[nH]c2ccc(-c3ccc(CS(C)(=O)=O)nc3)cc12,5.72,5.230500000000002,9
COCc1ccc(-c2cc3c(=NC(C)c4nn(C)cc4C)c(C(N)=O)c[nH]c3cc2F)cn1,4.77,5.124249999999998,9
CCC(CC)CN=c1c(C(N)=O)c[nH]c2ccc(-c3ccc(C)nc3)cc12,5.48,5.168150000000001,9
Cc1cc(-c2cc3c(=NC4CCC(C)(N)C4(C)C)c(C(N)=O)c[nH]n3c2)ccn1,4.52,5.4007000000000005,9
CCC(CC)CN=c1c(C(N)=O)c(C)[nH]c2ccc(-c3cccnc3)cc12,6.17,5.5266500000000045,9
CC1(N)CCC(N=c2c(C(N)=O)c[nH]n3cc(-c4ccc(C#N)cc4)cc23)C1(C)C,4.92,5.713700000000001,9
CC1(N)CCC(N=c2c(C(N)=O)c[nH]n3cc(-c4ccc(C#N)nc4)cc23)C1(C)C,5.39,6.437699999999999,9
CC1(N)CCC(N=c2c(C(N)=O)c[nH]n3cc(-c4ccc(F)cc4)cc23)C1(C)C,4.99,5.181099999999999,9
CC1(N)CCC(N=c2c(C(N)=O)c[nH]n3cc(-c4cncnc4)cc23)C1(C)C,5.07,5.407900000000001,9
CC1(N)CCC(N=c2c(C(N)=O)c[nH]n3cc(-c4cncc(F)c4)cc23)C1(C)C,5.3,5.3164,9
CC1(N)CCC(N=c2c(C(N)=O)c[nH]n3cc(-c4ccnc(F)c4)cc23)C1(C)C,4.39,5.342,9
CC1(N)CCC(N=c2c(C(N)=O)c[nH]n3cc(-c4ccccc4F)cc23)C1(C)C,5.02,5.330799999999999,9
NC(=O)c1c[nH]c2c(F)cc(-c3cccnc3)cc2c1=NC1CCOCC1,5.0,5.754950000000003,9
CC1(N)CCC(N=c2c(C(N)=O)c[nH]n3cc(-c4ccccc4)cc23)C1(C)C,5.42,5.655400000000004,9
CC1(N)CCC(N=c2c(C(N)=O)c[nH]n3cc(-c4cccc(F)c4)cc23)C1(C)C,5.12,5.494450000000004,9
Cc1ccc(-c2cc3c(=NC4CCC(C)(N)C4(C)C)c(C(N)=O)c[nH]n3c2)cn1,5.1,5.349000000000001,9
CC1(N)CCC(N=c2c(C(N)=O)c[nH]n3cc(-c4cccc(Cl)c4)cc23)C1(C)C,5.22,5.647650000000001,9
CC1(N)CCC(N=c2c(C(N)=O)c[nH]n3cc(-c4ccc(F)nc4)cc23)C1(C)C,4.46,5.3591,9
CCC(CC)CN=c1c(C(N)=O)c[nH]c2c(C)cc(-c3cccnc3)cc12,6.44,5.810100000000003,9
NC(=O)c1c[nH]c2cc(Cl)c(-c3cccnc3)cc2c1=NC1CCOCC1,5.92,5.701100000000002,9
CC(N=c1c(C(N)=O)c[nH]c2ccc(-c3cccnc3)cc12)c1ccn(C)n1,5.255,5.518550000000006,9
NC(=O)c1c[nH]c2ccc(-c3cccnc3)c(F)c2c1=NC1CCOCC1,4.89,5.6232500000000005,9
COc1ccc(-c2cc3c(=NC4CCC(C)(N)C4(C)C)c(C(N)=O)c[nH]n3c2)cc1,4.86,5.472500000000001,9
CCOc1ccc(-c2cc3c(=NC4CCC(C)(N)C4(C)C)c(C(N)=O)c[nH]n3c2)cn1,4.77,5.6930999999999985,9
NC(=O)c1c[nH]c2cc(F)c(-c3cccnc3)cc2c1=NC1CCOCC1,5.7,5.590650000000002,9
CC(C)Oc1ccc(-c2cc3c(=NC4CCC(C)(N)C4(C)C)c(C(N)=O)c[nH]n3c2)cn1,5.28,5.4106,9
Cc1ccncc1-c1cc2c(=NC3CCC(C)(N)C3(C)C)c(C(N)=O)c[nH]n2c1,4.75,5.392199999999999,9
Cc1cccc(-c2cc3c(=NC4CCC(C)(N)C4(C)C)c(C(N)=O)c[nH]n3c2)c1,5.11,5.657700000000005,9
Cc1ccccc1-c1cc2c(=NC3CCC(C)(N)C3(C)C)c(C(N)=O)c[nH]n2c1,5.31,5.4077,9
CCC(CC)COc1c(C(N)=O)cnc2ccc(-c3cccnc3)cc12,5.68,5.560350000000003,9
CCC(CC)CN=c1c(C(N)=O)c[nH]c2ccc(-c3cnn(C)c3)cc12,5.92,5.201250000000001,9
CCC(CC)CN=c1c(C(N)=O)c[nH]c2ccc(-c3cncnc3)cc12,6.12,5.262200000000002,9
CCC(CC)CN=c1c(C(N)=O)c[nH]c2ccc(C#N)cc12,5.64,5.327500000000002,9
COc1cccc(-c2cc3c(=NC4CCC(C)(N)C4(C)C)c(C(N)=O)c[nH]n3c2)c1,5.14,5.623700000000003,9
NC(=O)c1c[nH]c2ccc(-c3cccnc3)cc2c1=NC1CCCC1,6.24,5.705900000000005,9
NC(=O)c1c[nH]c2ccc(-c3cccnc3)cc2c1=NC1CCOCC1,5.68,5.697300000000002,9
NC(=O)c1c[nH]c2ccc(-c3cccnc3)cc2c1=NCC1CCCCC1,6.08,5.767950000000004,9
NC(=O)c1c[nH]c2ccc(-c3cccnc3)cc2c1=NCC1CCOCC1,5.64,5.698900000000002,9
CCC(CC)CN=c1c(C(N)=O)c[nH]c2ccc(-c3ccnnc3)cc12,5.8,5.229850000000002,9
CCC(CC)CN=c1c(C(N)=O)c[nH]c2ccc(-c3cccnn3)cc12,5.64,5.3388500000000025,9
NC(=O)c1cnc2ccc(-c3cccnc3)cc2c1SC1CCCC1,5.29,5.705600000000004,9
CC(N=c1c(C(N)=O)c[nH]c2ccc(-c3cccnc3)cc12)C1CCOCC1,5.405,5.700850000000003,9
CCC(CC)CN=c1c(C(N)=O)c[nH]c2ccc(-c3ccncc3)cc12,6.21,5.2619500000000015,9
N#Cc1ccc(=NC(=O)C(CN2CC(O)C2)Oc2ncnc3c2cnn3-c2c(Cl)cccc2C#N)[nH]c1,5.1,5.951600000000002,10
N#Cc1cc(C2CCC(C(N)=O)N2)ccc1OCc1ccccc1F,4.8,5.229149999999997,10
N#Cc1cc(=NCC(=O)NC2CN(C3CCC(O)(c4cncs4)CC3)C2)c2cc(C(F)(F)F)ccc2[nH]1,4.46,5.46065,10
Cc1nc(=NCC(=O)NC2CN(C3CCC(O)(c4cncs4)CC3)C2)c2cc(C(F)(F)F)ccc2[nH]1,4.59,5.446550000000001,10
Cc1ncccc1C(=O)N1CCC(NCc2cncn2Cc2ccc(C#N)cc2)C1=O,5.0,5.288150000000002,10
N#Cc1ccc(=NC(=O)C(CN2CC(O)C2)Oc2ncnc3c2cnn3-c2c(Cl)cccc2Cl)[nH]c1,5.2,5.889600000000002,10
N#Cc1ccc(=NC(=O)C(CN2CC(O)C2)Oc2ncnc3c2cnn3-c2ccccc2Cl)[nH]c1,5.0,5.900000000000002,10
Fc1ccccc1C(Cc1ccccc1OC(F)F)N1CCNCC1,5.19,5.41575,10
CN1C(C(N)=O)CCC1c1ccc(OCc2ccccc2F)cc1,4.3,4.999899999999999,10
Fc1ccccc1C(Cc1ccccc1OC(F)(F)F)N1CCNCC1,5.69,5.493949999999999,10
N#Cc1ccc(=NC(=O)C(COCCO)Oc2ncnc3c2cnn3-c2ncccc2Cl)[nH]c1,4.3,5.819250000000003,10
Fc1cccc(OC(F)F)c1CC(c1ccccc1)N1CCNCC1,4.98,5.40615,10
CCOc1cc(C(O)(CCN(C)C)C(c2ccc(N(CC)CC)nc2)c2cc3cc(Br)ccc3nc2OC)cc(OCC)n1,5.0,5.9533000000000005,10
Fc1cccc(C(Cc2ccccc2OC(F)(F)F)N2CCNCC2)c1,5.21,5.545399999999998,10
N#Cc1ccc(COc2ccc(C3CCC(C(N)=O)N3)cc2)cc1,5.1,5.425799999999998,10
Cn1c(=O)n(Cc2nccc3ccccc23)c(=O)c2c1c(C#N)c(N1CCCC(N)C1)n2Cc1ccccc1,5.55,5.4289999999999985,10
Cn1c(=O)c2c(c(C#N)c(N3CCCC(N)C3)n2Cc2ccccc2)n(C)c1=O,5.37,5.462,10
CCCCN(Cc1cncn1Cc1ccc(C#N)cc1)C1CCN(Cc2ccccc2)C1=O,6.72,5.488100000000002,10
CCCOc1ccccc1CC(c1ccccc1)N1CCNCC1,5.23,5.438000000000001,10
CCOc1cc(C(O)(CCN(C)C)C(c2cc3cc(Br)ccc3nc2OC)c2cccc(OC)c2F)cc(OCC)n1,5.0,5.748699999999997,10
CC1c2ccc(C#N)c(c2)Oc2cccc(c2)CN2CCC(NCc3cncn31)C2=O,4.890000000000001,5.7192500000000015,10
CCOc1cc(C(O)(CCN(C)C)C(c2cc3cc(Br)ccc3nc2OC)c2cccc(OC)c2OC)cc(OCC)n1,5.26,5.7774,10
FC(F)Oc1ccccc1CC(c1ccccc1)N1CCNCC1,4.9,5.516250000000001,10
CCOc1cc(C(O)(CCN(C)C)C(c2cc3cc(Br)ccc3nc2OC)c2cccc3c2OCCO3)cc(OCC)n1,4.88,5.8264999999999985,10
CCOc1cc(C(O)(CCN(C)C)C(c2cc3cc(C#N)ccc3nc2OC)c2cccc3c2OCCO3)cc(OCC)n1,5.35,5.848099999999997,10
Fc1ccc(C(Cc2ccccc2OC(F)(F)F)N2CCNCC2)cc1,5.09,5.521149999999999,10
Fc1ccc(C(Cc2ccccc2OC(F)F)N2CCNCC2)cc1,5.04,5.442300000000001,10
CCOc1ccccc1CC(c1ccccc1)N1CCNCC1,5.16,5.437800000000001,10
CCSc1ncccc1C(=O)N1CCC(NCc2cncn2Cc2ccc(C#N)cc2)C1=O,4.85,5.353000000000001,10
Fc1cccc(C(Cc2ccccc2OC(F)F)N2CCNCC2)c1,5.08,5.4258500000000005,10
N#Cc1ccc(Cn2cncc2CN(CCCN)C2CCN(Cc3ccccc3)C2=O)cc1,6.32,5.420350000000002,10
FC(F)(F)Oc1ccccc1CC(c1ccccc1)N1CCNCC1,4.96,5.708650000000002,10
N#Cc1ccc(Cn2cncc2CN(CCN2CCNCC2)C2CCN(Cc3ccccc3)C2=O)cc1,5.96,5.361550000000001,10
CC(C)Oc1ccccc1CC(c1ccccc1)N1CCNCC1,5.2,5.39595,10
CC(C)c1ncc(C2(O)CCC(N3CC(NC(=O)CN=c4[nH]cnc5ccc(C(F)(F)F)cc45)C3)CC2)s1,4.43,5.355249999999999,10
O=C(N=c1cccc[nH]1)C(CN1CC(O)C1)Oc1ncnc2c1cnn2-c1c(F)cccc1Cl,4.1,5.649649999999999,10
O=C(N=c1ccc(F)c[nH]1)C(COCCO)Oc1ncnc2c1cnn2-c1ccccc1Cl,4.4,5.5400500000000035,10
O=C(N=c1ccc(F)c[nH]1)C(COCCO)Oc1ncnc2c1cnn2-c1c(F)cccc1Cl,4.5,5.584550000000002,10
O=C(N=c1ccc(F)c[nH]1)C(COCCO)Oc1ncnc2c1cnn2-c1c(Cl)cccc1Cl,4.7,5.579150000000002,10
O=C(N=c1ccc(F)c[nH]1)C(CN1CC(O)C1)Oc1ncnc2c1cnn2-c1ccccc1Cl,4.42,5.581150000000001,10
O=C(N=c1ccc(F)c[nH]1)C(CN1CC(O)C1)Oc1ncnc2c1cnn2-c1c(F)cccc1Cl,4.6,5.612250000000001,10
O=C(N=c1ccc(F)c[nH]1)C(CN1CC(O)C1)Oc1ncnc2c1cnn2-c1c(Cl)cccc1Cl,4.71,5.6075500000000025,10
CC(C)OCC(Oc1ncnc2c1cnn2-c1ncccc1Cl)C(=O)N=c1ccc(F)c[nH]1,4.1,5.543800000000001,10
O=C(N=c1ccc(Cl)c[nH]1)C(COCCO)Oc1ncnc2c1cnn2-c1ncccc1Cl,4.3,5.791350000000002,10
O=C(N=c1ccc(Cl)c[nH]1)C(CN1CC(O)C1)Oc1ncnc2c1cnn2-c1ncccc1Cl,4.3,5.860600000000002,10
O=C(N=c1ccc(Cl)c[nH]1)C(CN1CC(O)C1)Oc1ncnc2c1cnn2-c1ccccc1Cl,5.0,5.900700000000001,10
O=C(CN=c1cc[nH]c2ccc(C(F)(F)F)cc12)NC1CN(C2CCC(O)(c3cncs3)CC2)C1,4.95,5.4147,10
O=C(CN=c1cc(C(F)(F)F)[nH]c2ccc(C(F)(F)F)cc12)NC1CN(C2CCC(O)(c3cncs3)CC2)C1,4.44,5.43205,10
O=C(CN=c1[nH]cnc2ccc(C(F)(F)F)cc12)NC1CN(C2CCC(c3cccnc3)CC2)C1,4.8,6.085250000000001,10
O=C(CN=c1[nH]cnc2ccc(C(F)(F)F)cc12)NC1CN(C2CCC(c3ccccn3)CC2)C1,5.12,5.875100000000001,10
O=C(CN=c1[nH]cnc2ccc(C(F)(F)F)cc12)NC1CN(C2CCC(c3ccccc3O)CC2)C1,5.18,5.854600000000001,10
O=C(CN=c1[nH]cnc2ccc(C(F)(F)F)cc12)NC1CN(C2CCC(c3ccccc3)CC2)C1,5.28,6.260200000000003,10
O=C(CN=c1[nH]cnc2ccc(C(F)(F)F)cc12)NC1CN(C2CCC(c3ccc(O)cn3)CC2)C1,4.89,5.784500000000003,10
O=C(N=c1ccc(Cl)c[nH]1)C(COCCO)Oc1ncnc2c1cnn2-c1ccccc1Cl,4.8,5.798550000000002,10
CC(C)OCC(Oc1ncnc2c1cnn2-c1ncccc1Cl)C(=O)N=c1ccc(Cl)c[nH]1,4.2,5.772250000000001,10
CC(C)OCC(Oc1ncnc2c1cnn2-c1ncccc1Cl)C(=O)N=c1ccc(C#N)c[nH]1,4.3,5.796050000000001,10
CC(C)OCC(Oc1ncnc2c1cnn2-c1ccccc1Cl)C(=O)N=c1ccc(Cl)c[nH]1,4.8,5.762500000000001,10
CC#CCn1c(N2CCCC(N)C2)c(C#N)c2c1c(=O)n(CC(=O)c1cccc(OC)c1)c(=O)n2C,5.89,7.3127999999999975,10
CC#CCn1c(N2CCCC(N)C2)c(C#N)c2c1c(=O)n(Cc1nc(C)c3ccccc3n1)c(=O)n2C,4.66,5.495399999999998,10
CC#CCn1c(N2CCCC(N)C2)c(C#N)c2c1c(=O)n(Cc1nccc3ccccc13)c(=O)n2C,4.55,5.475099999999997,10
CC#CCn1c(N2CCCNCC2)c(C#N)c2c1c(=O)n(Cc1c(C#N)cnc3ccccc13)c(=O)n2C,5.36,6.837749999999997,10
CC#CCn1c(N2CCCNCC2)c(C#N)c2c1c(=O)n(Cc1nc(C)c3ccccc3n1)c(=O)n2C,4.92,5.412899999999999,10
c1ccc(C(Cc2ccccc2OCC2CC2)N2CCNCC2)cc1,5.53,5.493949999999999,10
c1ccc(C(Cc2ccccc2OC2CC2)N2CCNCC2)cc1,5.19,5.521249999999998,10
c1ccc(C(Cc2cccc3c2OCC3)N2CCNCC2)cc1,4.67,5.416199999999999,10
CC#CCn1c(N2CCCNCC2)c(C#N)c2c1c(=O)n(Cc1ncc3ccccc3c1C#N)c(=O)n2C,4.92,5.396099999999999,10
CC#CCn1c(N2CCCNCC2)c(C#N)c2c1c(=O)n(Cc1nccc3ccccc13)c(=O)n2C,5.47,5.394499999999998,10
CC(C)(C)OC(=O)NCCCN(Cc1cncn1Cc1ccc(C#N)cc1)C1CCN(Cc2ccccc2)C1=O,6.96,5.364550000000001,10
CC(C)=CCn1c(N2CCCC(N)C2)c(C#N)c2c1c(=O)n(Cc1cnc3ccccc3n1)c(=O)n2C,5.3,5.473699999999997,10
CC(C)=CCn1c(N2CCCC(N)C2)c(C#N)c2c1c(=O)n(Cc1nc(C)c3ccccc3n1)c(=O)n2C,5.17,5.484349999999998,10
CC(C)=CCn1c(N2CCCC(N)C2)c(C#N)c2c1c(=O)n(Cc1nccc3ccccc13)c(=O)n2C,5.05,5.4721999999999955,10
CC(C)=CCn1c(N2CCCC(N)C2)c(C#N)c2c1c(=O)n(Cc1ncccc1C#N)c(=O)n2C,4.77,5.495349999999998,10
CC(C)=CCn1c(N2CCCC(N)C2)c(C#N)c2ncn(Cc3ccnc4ccccc34)c(=O)c21,5.38,5.8683,10
CC(C)=CCn1c(N2CCCNCC2)c(C#N)c2c1c(=O)n(Cc1c(C#N)cnc3ccccc13)c(=O)n2C,6.05,6.838999999999998,10
CC(C)=CCn1c(N2CCCNCC2)c(C#N)c2c1c(=O)n(Cc1cn3ccccc3n1)c(=O)n2C,5.75,5.388299999999999,10
CC(C)=CCn1c(N2CCCNCC2)c(C#N)c2c1c(=O)n(Cc1nc(C)c3ccccc3n1)c(=O)n2C,5.7,5.399099999999999,10
CC(C)=CCn1c(N2CCCNCC2)c(C#N)c2c1c(=O)n(Cc1ncc3ccccc3c1C#N)c(=O)n2C,5.75,5.395349999999999,10
CC(C)=CCn1c(N2CCCNCC2)c(C#N)c2c1c(=O)n(Cc1nccc3ccccc13)c(=O)n2C,5.72,5.390249999999998,10
O=C(CN=c1[nH]cnc2ccc(C(F)(F)F)cc12)NC1CN(C2CCC(O)(c3ccns3)CC2)C1,4.55,5.2869,10
O=C(CN=c1[nH]cnc2ccc(C(F)(F)F)cc12)NC1CN(C2CCC(O)(c3ccccc3)CC2)C1,4.77,5.389400000000002,10
O=C(CN=c1[nH]ccc2ccc(C(F)(F)F)cc12)NC1CN(C2CCC(O)(c3cncs3)CC2)C1,4.48,5.420099999999998,10
O=C(CN=c1[nH]c(C(F)(F)F)nc2ccc(C(F)(F)F)cc12)NC1CN(C2CCC(O)(c3cncs3)CC2)C1,4.49,5.4616999999999996,10
N#Cc1ccc2cc1Oc1cccc(c1)C(c1cccc(Cl)c1)N1CCC(NCc3cncn3C2)C1=O,6.6850000000000005,5.860650000000004,10
N#Cc1ccc2cc1Oc1cccc(c1)-c1ccccc1N1CCC(NCc3cncn3C2)C1=O,5.58,5.658850000000001,10
N#Cc1ccc2cc1Oc1ccc3cccc(c3c1)N1CCC(NCc3cncn3C2)C1=O,5.03,5.533250000000001,10
N#Cc1ccc2cc1Oc1ccc3cccc(c3c1)N1CCC(NCCc3cncn3C2)C1=O,5.885,5.640750000000001,10
N#Cc1ccc2cc1Oc1ccc3cccc(c3c1)N1CCC(NC(=O)Cc3cncn3C2)C1=O,5.0,5.520650000000001,10
N#Cc1ccc2cc1Oc1ccc3c(c1)C(CCO3)N1CCC(NCc3cncn3C2)C1=O,6.82,5.5211000000000015,10
N#Cc1ccc2cc1Oc1ccc3c(c1)C(CCC3)N1CCC(NCc3cncn3C2)C1=O,5.16,5.6246,10
N#Cc1ccc2cc1Oc1ccc3c(c1)C(CC3)N1CCC(NCc3cncn3C2)C1=O,5.57,5.504050000000001,10
N#Cc1ccc2cc1Oc1ccc(Br)c(c1)CN1CCC(NCc3cncn3C2)C1=O,5.34,5.548350000000002,10
N#Cc1ccc2cc1Oc1cc(Cl)cc(c1)CN1CCC(NCc3cncn3C2)C1=O,6.66,5.756850000000001,10
N#Cc1ccc(Cn2cncc2CNC2CCN(c3cccc4ncccc34)C2=O)cc1,5.09,5.4834000000000005,10
N#Cc1ccc(Cn2cncc2CNC2CCN(Cc3ccccc3)C2=O)cc1,5.14,5.44085,10
N#Cc1ccc(Cn2cncc2CNC2CCN(Cc3cccc(Cl)c3)C2=O)cc1,6.36,5.690800000000001,10
N#Cc1ccc(Cn2cncc2CNC2CCN(C(=O)c3cncc(Br)c3)C2=O)cc1,5.22,5.4966,10
N#Cc1ccc(Cn2cncc2CNC2CCN(C(=O)c3cccc(Cl)c3)C2=O)cc1,5.24,5.5764999999999985,10
N#Cc1ccc(Cn2cncc2CNC2CCN(C(=O)c3cccc(Cl)c3)C2)cc1,5.24,5.7311999999999985,10
N#Cc1ccc(Cn2cncc2CNC2CCN(C(=O)c3ccc[nH]c3=S)C2=O)cc1,4.96,5.364249999999999,10
N#Cc1ccc(Cn2cncc2CNC2CCN(C(=O)c3ccc[nH]c3=O)C2=O)cc1,4.3,5.364249999999999,10
N#Cc1ccc(Cn2cncc2CNC2CCN(C(=O)c3ccc[nH]c3=N)C2=O)cc1,4.3,5.672549999999998,10
N#Cc1ccc(Cn2cncc2CN(Cc2cccnc2)C2CCN(Cc3ccccc3)C2=O)cc1,6.06,5.419150000000001,10
N#Cc1ccc(Cn2cncc2CN(CCN2CCOCC2)C2CCN(Cc3ccccc3)C2=O)cc1,6.72,5.396650000000001,10
N#Cc1ccc2cc1Oc1cccc(c1)C(c1ccccc1)N1CCC(NCc3cncn3C2)C1=O,6.02,5.667900000000002,10
N#Cc1ccc(Cn2cncc2CN(CCCc2ccccc2)C2CCN(Cc3ccccc3)C2=O)cc1,7.62,5.445150000000002,10
N#Cc1ccc2cc1Oc1cccc(c1)CN1CCC(NCc3cncn3C2)C1=O,5.145,5.574050000000002,10
N#Cc1cccc(Cl)c1-n1ncc2c(OC(CN3CC(O)C3)C(=O)N=c3ccc(F)c[nH]3)ncnc21,4.3,5.670850000000002,10
Nc1cnccc1C1CCC(N2CC(NC(=O)CN=c3[nH]cnc4ccc(C(F)(F)F)cc34)C2)CC1,4.34,5.854450000000002,10
Nc1cccnc1C1CCC(N2CC(NC(=O)CN=c3[nH]cnc4ccc(C(F)(F)F)cc34)C2)CC1,5.08,5.8207,10
CC(CO)OCC(Oc1ncnc2c1cnn2-c1ncccc1Cl)C(=O)N=c1ccc(C#N)c[nH]1,4.2,5.782550000000001,10
CC(Oc1ccc(C2CCC(C(N)=O)N2)cc1)c1ccccc1,5.4,5.668499999999999,10
NC(=O)C1CSCC(c2ccc(OCc3cccc(F)c3)cc2)N1,4.6,5.212049999999998,10
NC(=O)C1CCCC(c2ccc(OCc3cccc(F)c3)cc2)N1,5.0,5.364849999999999,10
NC(=O)C1CCC(c2cccc(Oc3ccccc3)c2)N1,4.2,5.747049999999999,10
NC(=O)C1CCC(c2cccc(OCc3ccccc3)c2)N1,4.6,5.43325,10
NC(=O)C1CCC(c2ccc(Oc3ccccc3)cc2)N1,4.9,5.67585,10
NC(=O)C1CCC(c2ccc(Oc3cccc(F)c3)cc2)N1,5.1,5.405799999999998,10
NC(=O)C1CCC(c2ccc(Oc3ccc(F)cc3)cc2)N1,5.3,5.3770500000000006,10
NC(=O)C1CCC(c2ccc(OCc3ccccc3F)cn2)N1,4.8,5.1451,10
NC(=O)C1CCC(c2ccc(OCc3ccccc3F)cc2F)N1,4.9,5.144599999999998,10
NC(=O)C1CCC(c2ccc(OCc3ccccc3F)cc2)N1,5.1,5.224249999999999,10
NC(=O)C1CCC(c2ccc(OCc3ccccc3)cc2)N1,5.1,5.389550000000002,10
NC(=O)C1CCC(c2ccc(OCc3cccc(F)c3)cc2)N1,5.5,5.237649999999998,10
NC(=O)C1CCC(c2ccc(OCc3ccc(F)cc3)cc2)N1,5.1,5.219849999999999,10
N#Cc1ccccc1Oc1ccc(C2CCC(C(N)=O)N2)cc1,5.4,5.701699999999999,10
N#Cc1ccccc1COc1ccc(C2CCC(C(N)=O)N2)cc1,4.8,5.437449999999999,10
N#Cc1ccccc1C1CCC(N2CC(NC(=O)CN=c3[nH]cnc4ccc(C(F)(F)F)cc34)C2)CC1,5.68,5.942700000000001,10
N#Cc1cccc(Cl)c1-n1ncc2c(OC(COCCO)C(=O)N=c3ccc(F)c[nH]3)ncnc21,4.2,5.633750000000004,10
N#Cc1cccc(COc2ccc(C3CCC(C(N)=O)N3)cc2)c1,4.9,5.434500000000001,10
N#Cc1ccc(Cn2cncc2CNC2CCN(c3ccncc3)C2=O)cc1,5.5,5.575249999999999,10
COc1nc2ccc(Br)cc2cc1C(c1ccccc1)C(O)(CCN(C)C)c1cccc2ccccc12,5.8,5.853550000000001,10
COc1cc(-c2cn(C3CC(c4ccccc4)CCN(CC(F)(F)F)C3=O)nn2)ccc1-n1cnc(C)c1,5.65,6.2044999999999995,10
COc1ncccc1C(=O)N1CCC(NCc2cncn2Cc2ccc(C#N)cc2)C1=O,4.68,5.44845,10
COc1cc(C(=O)N2CCOCC2)ccc1N=c1nc(-c2cnc3ccccn23)c(Cl)c[nH]1,5.57,5.6534,10
COc1cc(-c2cn(CC(=O)NC3C4CC5CC(C4)CC3C5)nn2)ccc1-n1cnc(C)c1,5.39,5.404600000000001,10
CSc1ncccc1C(=O)N1CCC(NCc2cncn2Cc2ccc(C#N)cc2)C1=O,5.11,5.32615,10
Cc1c[nH]c(=NC(=O)C(CN2CC(O)C2)Oc2ncnc3c2cnn3-c2c(Cl)cccc2Cl)cn1,4.21,5.730400000000002,10
COc1cc(-c2cn(CC(=O)N3CCC(c4nc5ccccc5o4)CC3)nn2)ccc1-n1cnc(C)c1,4.99,5.636900000000001,10
COc1cc(C2CCC(C(N)=O)N2)ccc1OCc1ccccc1F,5.4,5.18325,10
COc1cc(C2CCN(C(C)=O)CC2)ccc1N=c1nc(-c2cnc3ccccn23)c(Cl)c[nH]1,4.92,6.373200000000002,10
COc1cc(C2CCNCC2)ccc1N=c1nc(-c2cnc3ccccn23)c(Cl)c[nH]1,5.04,6.380400000000001,10
COc1cc(C(O)(CCN(C)C)C(c2cc(OC(C)C)cnc2OC)c2cc3cc(C#N)ccc3nc2OC)cc(OC)n1,5.62,5.797500000000001,10
COc1cc(CC(=O)N2CCOCC2)ccc1N=c1nc(-c2cnc3ccccn23)c(Cl)c[nH]1,5.06,5.6522000000000014,10
COc1cc(N2CC3CN(CCO)CC(C2)O3)ccc1N=c1nc(-c2cnc3ccccn23)c(Cl)c[nH]1,5.82,5.747000000000001,10
COc1cc(N2CC3CNCC(C2)O3)ccc1N=c1nc(-c2cnc3ccccn23)c(Cl)c[nH]1,5.28,5.728850000000001,10
COc1cc(N2CC3COCC(C2)N3)ccc1N=c1nc(-c2cnc3ccccn23)c(Cl)c[nH]1,5.0,5.798650000000001,10
COc1cc(N2CCCN(C(C)=O)CC2)ccc1N=c1nc(-c2cnc3ccccn23)c(Cl)c[nH]1,4.96,5.5857,10
COc1cc(N2CCN(C(=O)C(C)N)CC2)ccc1N=c1nc(-c2cnc3ccccn23)c(Cl)c[nH]1,4.94,5.527049999999999,10
COc1cc(N2CCN(C(=O)C(C)O)CC2)ccc1N=c1nc(-c2cnc3ccccn23)c(Cl)c[nH]1,4.955,5.551749999999999,10
COc1cc(N2CCN(C(=O)CN)CC2)ccc1N=c1nc(-c2cnc3ccccn23)c(Cl)c[nH]1,4.8,5.548400000000002,10
COc1cc(N2CCN(C(=O)CO)CC2)ccc1N=c1nc(-c2cnc3ccccn23)c(Cl)c[nH]1,4.85,5.558900000000002,10
COc1cccc(C2(O)CCC(N3CC(NC(=O)CN=c4[nH]cnc5ccc(C(F)(F)F)cc45)C3)CC2)n1,4.87,5.3933,10
COc1cc(CN2CCOCC2)ccc1N=c1nc(-c2cnc3ccccn23)c(Cl)c[nH]1,5.0,5.763650000000004,10
COc1cc(N2CCN(CC(=O)N(C)C)CC2)ccc1N=c1nc(-c2cnc3ccccn23)c(Cl)c[nH]1,4.92,5.526400000000001,10
COc1cc(C(O)(CCN(C)C)C(c2cc(OC)c(OC)nc2OC)c2cc3cc(Br)ccc3nc2OC)cc(OC)n1,5.23,5.783300000000002,10
COc1cc(C(O)(CCN(C)C)C(c2cc(OC)nc(OC(C)C)c2)c2cc3cc(C#N)ccc3nc2OC)cc(OC)n1,4.97,5.780950000000002,10
COc1cc(C(O)(CCn2ccnc2)C(c2cc3cc(Br)ccc3nc2OC)c2cccc(OC)c2OC)cc(OC)n1,4.96,5.7422,10
COc1cccc(C(=O)Cn2c(=O)c3c(c(C#N)c(N4CCCNCC4)n3CC=C(C)C)n(C)c2=O)c1,5.96,7.280699999999997,10
COc1cccc(C(=O)Cn2c(=O)c3c(c(C#N)c(N4CCCC(N)C4)n3Cc3ccccc3)n(C)c2=O)c1,7.0,7.316899999999997,10
COc1cccc(C(=O)Cn2c(=O)c3c(c(C#N)c(N4CCCC(N)C4)n3CC=C(C)C)n(C)c2=O)c1,5.8,7.3127999999999975,10
COc1cc(C(O)(CCN(C)C)C(c2cccnc2OC)c2cc3cc(Br)ccc3nc2OC)cc(OC)n1,5.77,5.769150000000001,10
COc1cccc(F)c1CC(c1ccccc1)N1CCNCC1,5.07,5.301449999999997,10
COc1cc(C(O)(CCN(C)C)C(c2cc3cc(C#N)ccc3nc2OC)c2cccc3c2OCO3)cc(OC)n1,5.8,5.82465,10
COc1cc(C(O)(CCN(C)C)C(c2cc3cc(C#N)ccc3nc2OC)c2cccc3c2OCCO3)cc(OC)n1,5.36,5.8473500000000005,10
COc1cc(C(O)(CCN(C)C)C(c2cc3cc(C#N)ccc3nc2OC)c2cccc3c2CCC3)cc(OC)n1,5.35,5.863450000000001,10
COc1cc(C(O)(CCN(C)C)C(c2cc(OC)nc(N(C)C)c2)c2cc3cc(C#N)ccc3nc2OC)cc(OC)n1,5.03,6.062100000000002,10
COc1cc(C(O)(CCN(C)C)C(c2cc3cc(Br)ccc3nc2OC)c2ccnc(OC)c2OC)cc(OC)n1,5.58,5.7622500000000025,10
COc1ccccc1CC(c1ccccc1)N1CCNCC1,4.41,5.409350000000001,10
COc1ccccc1CC(c1ccccc1F)N1CCNCC1,4.4,5.285349999999999,10
COc1cnc(OC)c(C(c2cc3cc(Br)ccc3nc2OC)C(O)(CCN(C)C)c2cc(OC)nc(OC)c2)c1,5.66,5.828850000000002,10
COc1cnc(OC)c(C(c2cc3cc(C#N)ccc3nc2OC)C(O)(CCN(C)C)c2cc(OC)nc(OC)c2)c1,5.51,5.8206000000000016,10
CNCC(=O)N1CCN(c2ccc(N=c3nc(-c4cnc5ccccn45)c(Cl)c[nH]3)c(OC)c2)CC1,5.02,5.548000000000001,10
COc1cc(-c2cn(C3CCC(c4ccccc4)CN(Cc4ccccc4)C3=O)nn2)ccc1-n1cnc(C)c1,6.7,6.059500000000002,10
COc1cc(C(O)(CCN(C)C)C(c2cc3cc(Br)ccc3nc2OC)c2cccc(OC)c2OC)cc(OC)n1,5.66,5.789800000000002,10
COc1cnccc1C1CCC(N2CC(NC(=O)CN=c3[nH]cnc4ccc(C(F)(F)F)cc34)C2)CC1,4.7,5.8922500000000015,10
COc1cc(C(O)(CCN(C)C)C(c2cc3cc(Br)ccc3nc2OC)c2cccc(OC)c2F)cc(OC)n1,4.89,5.6348,10
COc1ccccc1CC(c1ccc(F)cc1)N1CCNCC1,4.8,5.272199999999999,10
COc1cc(N2CCN(CCO)CC2)ccc1N=c1nc(-c2cnc3ccccn23)c(Cl)c[nH]1,5.43,5.573400000000003,10
COc1cc(N2CCN(C(=O)N(C)C)CC2)ccc1N=c1nc(-c2cnc3ccccn23)c(Cl)c[nH]1,4.8,5.576300000000001,10
COc1cc(N2CCNCC2)ccc1N=c1nc(-c2cnc3ccccn23)c(Cl)c[nH]1,5.34,5.696550000000003,10
COc1ccc(N2CCNCC2)cc1N=c1nc(-c2cnc3ccccn23)c(Cl)c[nH]1,5.32,5.626300000000002,10
COc1ccc(N2CCN(C(C)=O)CC2)cc1N=c1nc(-c2cnc3ccccn23)c(Cl)c[nH]1,5.37,5.492100000000001,10
COc1cc(-c2cn(CC(=O)N(C(C)c3ccccc3)C(C)c3ccccc3)nn2)ccc1-n1cnc(C)c1,6.08,5.399350000000002,10
CNC(=O)C1CCC(c2ccc(OCc3ccccc3F)cc2)N1,4.6,5.20295,10
CN1Cc2cncn2Cc2ccc(C#N)c(c2)Oc2ccc3cccc(c3c2)N2CCC1C2=O,5.36,5.427749999999999,10
CN1Cc2cncn2Cc2ccc(C#N)c(c2)Oc2ccc3c(c2)C(CC3)N2CCC1C2=O,5.58,5.425049999999998,10
COc1cc(-c2cn(C3CC(C(F)(F)F)CCN(Cc4ccccc4)C3=O)nn2)ccc1-n1cnc(C)c1,5.26,5.368400000000001,10
CN1CCc2cncn2Cc2ccc(C#N)c(c2)Oc2ccc3cccc(c3c2)N2CCC1C2=O,6.029999999999999,5.539649999999999,10
COc1cc(-c2cn(C3CC(C(F)(F)F)CN(CC(F)(F)F)C3=O)nn2)ccc1-n1cnc(C)c1,4.88,5.5155,10
COc1cc(-c2cn(C3CC(C)(C)CCNC3=O)nn2)ccc1-n1cnc(C)c1,4.68,5.329549999999999,10
COc1cc(-c2cn(C3CC(C4CCCCC4)CCNC3=O)nn2)ccc1-n1cnc(C)c1,5.43,5.684400000000002,10
COc1cc(-c2cn(C3CC([Si](C)(C)C)CCN(Cc4ccccc4)C3=O)nn2)ccc1-n1cnc(C)c1,4.39,5.41235,10
COc1cc(-c2cn(C3CCCCNC3=O)nn2)ccc1-n1cnc(C)c1,4.36,5.484300000000001,10
COc1ccc(C2(O)CCC(N3CC(NC(=O)CN=c4[nH]cnc5ccc(C(F)(F)F)cc45)C3)CC2)cn1,4.54,5.314799999999999,10
COc1ccc(C(=O)N2CCOCC2)cc1N=c1nc(-c2cnc3ccccn23)c(Cl)c[nH]1,5.89,5.586200000000002,10
COc1cc(-c2cn(C3CCCCN(CC(F)(F)F)C3=O)nn2)ccc1-n1cnc(C)c1,4.66,5.5078,10
COc1cc(-c2cn(C3CCCC(C(C)(C)C)NC3=O)nn2)ccc1-n1cnc(C)c1,4.36,5.5204,10
COc1cc(-c2cn(C3CCC4CCCCC4NC3=O)nn2)ccc1-n1cnc(C)c1,4.68,5.606800000000002,10
COc1cc(-c2cn(C3CC([Si](C)(C)C)CCNC3=O)nn2)ccc1-n1cnc(C)c1,5.2,5.410599999999999,10
COc1ccc(N2CCOCC2)cc1N=c1nc(-c2cnc3ccccn23)c(Cl)c[nH]1,5.29,5.759300000000001,10
COc1cc(N2CCN(CCS(C)(=O)=O)CC2)ccc1N=c1nc(-c2cnc3ccccn23)c(Cl)c[nH]1,5.03,5.5418,10
COc1cc(-c2cn(CC(=O)N(C3CCCCC3)C3CCCCC3)nn2)ccc1-n1cnc(C)c1,5.86,5.382900000000001,10
COc1cc(-c2cn(C3C(=O)NC4CCC3C4)nn2)ccc1-n1cnc(C)c1,5.27,5.504550000000002,10
COc1cc(N2CCOCC2)ccc1N=c1nc(-c2cnc3ccccn23)c(Cl)c[nH]1,5.5,5.832350000000003,10
COc1cc(OC2CCN(C(C)=O)CC2)ccc1N=c1nc(-c2cnc3ccccn23)c(Cl)c[nH]1,5.0,5.666849999999999,10
COc1cc(OC2CCNCC2)ccc1N=c1nc(-c2cnc3ccccn23)c(Cl)c[nH]1,5.32,5.873099999999999,10
COc1cc(OC2CNC2)ccc1N=c1nc(-c2cnc3ccccn23)c(Cl)c[nH]1,5.23,5.879200000000001,10
COc1cc(-c2cn(CC(=O)N(c3ccccc3)c3ccccc3)nn2)ccc1-n1cnc(C)c1,5.52,5.3766500000000015,10
COc1cc(-c2cn(CC(=O)N(c3ccccc3)C3CCCCC3)nn2)ccc1-n1cnc(C)c1,6.1,5.4952000000000005,10
COc1cc(-c2cn(CC(=O)N(Cc3ccccc3)Cc3ccccc3)nn2)ccc1-n1cnc(C)c1,6.06,5.3613500000000025,10
COc1cc(-c2cn(CC(=O)N(Cc3ccccc3)CC(F)(F)F)nn2)ccc1-n1cnc(C)c1,5.54,5.42645,10
COc1cc(-c2cn(CC(=O)N(Cc3ccccc3)C(C)c3ccccc3)nn2)ccc1-n1cnc(C)c1,6.37,5.377800000000002,10
COc1cc(-c2cn(CC(=O)N(Cc3ccc(F)cc3)C3C4CC5CC(C4)CC3C5)nn2)ccc1-n1cnc(C)c1,6.6,5.1423000000000005,10
COc1c(F)cccc1CC(c1ccccc1)N1CCNCC1,4.68,5.2944499999999985,10
COc1cc(-c2cn(C3CC(C(F)(F)F)CCN(CC(F)(F)F)C3=O)nn2)ccc1-n1cnc(C)c1,4.5,5.366700000000001,10
COc1cc(C(O)(CCn2ccnc2)C(c2cc3cc(Br)ccc3nc2OC)c2ccnc(OC)c2OC)cc(OC)n1,5.24,5.7208000000000006,10
COc1cc(-c2cn(C3CC(C(C)(C)C)CCN(CC(C)(C)C)C3=O)nn2)ccc1-n1cnc(C)c1,5.68,5.3833,10
COc1cc(-c2cn(CC(=O)N(CC(F)(F)F)c3ccc4ccccc4c3)nn2)ccc1-n1cnc(C)c1,6.2,5.3924499999999975,10
COc1cc(-c2cn(C3CC(C(C)(C)C)CCN(CC(F)(F)F)C3=O)nn2)ccc1-n1cnc(C)c1,5.27,5.4034,10
COc1cc(-c2cn(C3CC(C(C)(C)C)CCN(CC45CC6CC(CC(C6)C4)C5)C3=O)nn2)ccc1-n1cnc(C)c1,6.06,5.331450000000001,10
COc1cc(-c2cn(CC(=O)N(CC(F)(F)F)c3ccc4c(c3)OC(F)(F)O4)nn2)ccc1-n1cnc(C)c1,5.72,5.327849999999999,10
COc1cc(-c2cn(CC(=O)N(CC(F)(F)F)c3ccc4c(c3)CCC4)nn2)ccc1-n1cnc(C)c1,5.83,5.333099999999998,10
COc1cc(-c2cn(CC(=O)N(CC(F)(F)F)c3cccc4ccccc34)nn2)ccc1-n1cnc(C)c1,6.1,5.48845,10
Cc1cc(OC2CC3CCC(C2)N3Cc2ccccc2)cc(C(N)=O)c1,6.18,5.3324,11
Cc1c(OC2CC3CCC(C2)N3Cc2ccccc2)cccc1C(N)=O,5.96,5.0637,11
CC(c1ccnc(Cl)c1)N1C2CCC1CC(Oc1cccc(C(N)=O)c1)C2,7.89,5.2174000000000005,11
Cc1ccccc1CN1C2CCC1CC(Oc1cccc(C(N)=O)c1)C2,9.21,5.3437,11
CC(c1ccncc1)N1C2CCC1CC(Oc1cccc(C(N)=O)c1)C2,8.43,5.200699999999999,11
CS(=O)(=O)Cc1ccc(CN2C3CCC2CC(Oc2cccc(C(N)=O)c2)C3)cc1,8.18,5.2722000000000016,11
Cc1cc(CN(C)C)ccc1OC1CN(C(=O)c2nnc(-c3ccccc3)o2)C1,5.07,5.51085,11
Cc1cc(C(N)=O)ccc1OC1CC2CCC(C1)N2Cc1ccccc1,6.0,5.389799999999999,11
Cc1ccccc1C(C)N1C2CCC1CC(Oc1cccc(C(N)=O)c1)C2,8.31,5.357799999999998,11
NC(=O)c1cc(F)cc(OC2CC3CCC(C2)N3Cc2ccccc2)c1,6.17,5.220199999999998,11
O=C(c1nnc(-c2ccc(OC(F)F)cc2)o1)N1CCC(Oc2ccc(CN3CCCC3)cc2)CC1,5.38,5.1636000000000015,11
O=C(c1nnc(-c2ccccc2)o1)N1CC(Oc2ccc(CN3CC4(CCCO4)C3)cc2)C1,5.05,5.423300000000001,11
O=C(c1nnc(-c2ccccc2)o1)N1CC(Oc2ccc(CN3CC4(CCOC4)C3)cc2)C1,4.8,5.346400000000002,11
O=C(c1nnc(-c2ccccc2)o1)N1CC(Oc2ccc(CN3CC4(COC4)C3)cc2)C1,4.55,5.323150000000001,11
O=C(c1nnc(-c2ccccc2)o1)N1CCC(Oc2ccc(CN3CCC(O)C3)cc2)CC1,4.51,5.319400000000001,11
O=C(c1nnc(-c2ccccc2)o1)N1CCC(Oc2ccc(CN3CCCC3)cc2)CC1,4.96,5.368149999999999,11
O=C(c1nnc(-c2ccccc2Cl)o1)N1CCC(Oc2ccc(CN3CCCC3)cc2)CC1,5.28,5.250700000000002,11
O=C(c1noc(-c2ccccc2)n1)N1CCC(Oc2ccc(CN3CCCC3)cc2)CC1,5.12,5.3415,11
COc1ccc(-c2nnc(C(=O)N3CC(Oc4ccc(CN(C)C)c(C)c4)C3)o2)cc1,5.0,5.329500000000003,11
COc1ccc(-c2nnc(C(=O)N3CC(Oc4ccc(CN(C)C)c(F)c4)C3)o2)cc1,4.82,5.270800000000003,11
COc1ccc(-c2nnc(C(=O)N3CC(Oc4ccc(CN(C)C)cc4)C3)o2)cc1,4.68,5.357300000000004,11
COc1ccc(-c2nnc(C(=O)N3CC(Oc4ccc(CN(C)CC5(C)COC5)cc4)C3)o2)cc1,4.8,5.367200000000002,11
COc1ccc(-c2nnc(C(=O)N3CC(Oc4ccc(CN5CC(OC)C5)cc4)C3)o2)cc1,5.07,5.119300000000003,11
COc1ccc(-c2nnc(C(=O)N3CC(Oc4ccc(CN5CC6(CCCO6)C5)cc4)C3)o2)cc1,4.89,5.280700000000003,11
COc1ccc(-c2nnc(C(=O)N3CC(Oc4ccc(CN5CC6(CCOC6)C5)cc4)C3)o2)cc1,4.8,5.1754000000000016,11
COc1ccc(-c2nnc(C(=O)N3CC(Oc4ccc(CN5CC6(COC6)C5)cc4)C3)o2)cc1,4.66,5.1594000000000015,11
COc1ccc(-c2nnc(C(=O)N3CC(Oc4ccc(CN5CCC(C)(O)C5)cc4)C3)o2)cc1,4.58,5.025650000000003,11
COc1ccc(-c2nnc(C(=O)N3CC(Oc4ccc(CN5CCCC5)cc4)C3)o2)cc1,5.26,5.135500000000003,11
CC(C)(c1ccccc1)N1C2CCC1CC(Oc1cccc(C(N)=O)c1)C2,8.33,5.355499999999998,11
COc1ccc(-c2nnc(C(=O)N3CC(Oc4ccc(CN5CCCC56COC6)cc4)C3)o2)cc1,4.92,5.170700000000003,11
Oc1cccc(OC2CC3CCC(C2)N3Cc2ccccc2)c1,5.8,5.17325,11
COc1ccc(-c2nnc(C(=O)N3CC(Oc4ccc(CN5CCCOCC5)cc4)C3)o2)cc1,4.6,5.235450000000002,11
COc1ccc(-c2nnc(C(=O)N3CC(Oc4ccc(CN5CCOCC5)c(OC)c4)C3)o2)cc1,5.01,5.27485,11
COc1ccc(-c2nnc(C(=O)N3CCC(Oc4ccc(CN5CCOCC5)cc4)CC3)o2)cc1,4.8,5.248850000000001,11
COc1ccc(-c2nnc(C(=O)N3CCC(Oc4ccc(CN5CCN(C)CC5)cc4)CC3)o2)cc1,4.82,5.1842000000000015,11
COc1ccc(-c2nnc(C(=O)N3CCC(Oc4ccc(CN5CCCC5)nc4)CC3)o2)cc1,4.6,5.2134,11
COc1ccc(-c2nnc(C(=O)N3CCC(Oc4ccc(CN5CCCC5)cc4)CC3)o2)cc1,4.96,5.200000000000001,11
O=C(c1nnc(-c2ccc(F)cc2)o1)N1CCC(Oc2ccc(CN3CCCC3)cc2)CC1,5.21,5.1727000000000025,11
O=C(c1nnc(-c2ccc(Cl)cc2)o1)N1CCC(Oc2ccc(CN3CCCC3)cc2)CC1,5.26,5.379050000000004,11
O=C(c1nc(-c2ccccc2)no1)N1CCC(Oc2ccc(CN3CCCC3)cc2)CC1,5.75,5.3185,11
O=C(c1cc(-c2ccccc2)on1)N1CCC(Oc2ccc(CN3CCCC3)cc2)CC1,5.48,5.405899999999998,11
NC(=O)c1cc(OC2CC3CCC(C2)N3Cc2ccccc2)ccn1,5.8,5.1225,11
NC(=O)c1ccc(OC2CC3CCC(C2)N3Cc2ccccc2)c(F)c1,5.85,5.182299999999997,11
NC(=O)c1ccc(OC2CC3CCC(C2)N3Cc2ccccc2)cc1,6.17,5.491600000000001,11
NC(=O)c1ccc(OC2CC3CCC(C2)N3Cc2ccccc2)nc1,5.89,5.277300000000001,11
NC(=O)c1cccc(CC2CC3CCC(C2)N3Cc2ccccc2)c1,6.21,5.3711,11
NC(=O)c1cccc(NC2CC3CCC(C2)N3Cc2ccccc2)c1,5.96,5.327000000000001,11
NC(=O)c1cccc(OC2CC3CCC(C2)N3C2(c3ccccc3)CC2)c1,8.32,5.2955999999999985,11
NC(=O)c1cccc(OC2CC3CCC(C2)N3C2CCCCC2)c1,7.82,5.372000000000003,11
NC(=O)c1cccc(OC2CC3CCC(C2)N3C2CCCc3ccccc32)c1,9.02,5.2654,11
NC(=O)c1cccc(OC2CC3CCC(C2)N3CC(=O)Nc2ccccc2)c1,9.14,5.509599999999999,11
NC(=O)c1cccc(OC2CC3CCC(C2)N3CC2CCCCC2)c1,7.199999999999999,5.367600000000003,11
NC(=O)c1cccc(OC2CC3CCC(C2)N3CCCc2ccccc2)c1,9.6,5.712999999999997,11
NC(=O)c1cccc(OC2CC3CCC(C2)N3CCc2ccccc2)c1,9.42,5.438799999999999,11
COc1cccc(C(C)N2C3CCC2CC(Oc2cccc(C(N)=O)c2)C3)c1,8.34,5.371499999999998,11
NC(=O)c1cccc(OC2CC3CCC(C2)N3Cc2ccc3c(c2)OCO3)c1,9.21,5.281350000000001,11
NC(=O)c1cccc(OC2CC3CCC(C2)N3Cc2ccccc2)n1,6.0,5.116900000000001,11
NC(=O)c1cccc(OC2CC3CCC(C2)N3Cc2ccccn2)c1,8.72,5.2785,11
NC(=O)c1cccc(OC2CC3CCC(C2)N3Cc2cccnc2)c1,8.46,5.2936999999999985,11
NC(=O)c1cccc(OC2CC3CCC(C2)N3Cc2cccs2)c1,9.37,5.312300000000002,11
NC(=O)c1cccc(OC2CC3CCC(C2)N3Cc2ccncc2)c1,8.82,5.182299999999999,11
NC(=O)c1cccc(SC2CC3CCC(C2)N3Cc2ccccc2)c1,5.96,5.368,11
NC(=O)c1cccc([S+]([O-])C2CC3CCC(C2)N3Cc2ccccc2)c1,4.7,5.3678,11
NC(=O)c1ccccc1OC1CC2CCC(C1)N2Cc1ccccc1,6.47,5.0679,11
NC(=O)c1ccnc(OC2CC3CCC(C2)N3Cc2ccccc2)c1,6.0,5.273299999999999,11
NC(=O)c1cncc(OC2CC3CCC(C2)N3Cc2ccccc2)c1,5.82,5.314799999999999,11
NC(=O)c1cncc(OC2CC3CCC(C2)N3Cc2ccccc2)n1,4.82,5.102100000000002,11
CC(c1ccccc1)N1C2CCC1CC(Oc1cccc(C(N)=O)c1)C2,8.22,5.373599999999997,11
CC(c1ccc(Cl)nc1)N1C2CCC1CC(Oc1cccc(C(N)=O)c1)C2,8.48,5.259900000000001,11
NC(=O)c1cccc(OC2CC3CCC(C2)N3Cc2ccccc2)c1,6.21,5.3279,11
NC(=O)c1cccc(OC2CC3CCC(C2)N3CC2CC2)c1,8.14,5.293700000000001,11
COc1ccc(-c2nnc(C(=O)N3CCC(Oc4ccc(CN5CCC(O)C5)cc4)CC3)o2)cc1,4.62,5.128750000000004,11
Cc1ccc(C(C)N2C3CCC2CC(Oc2cccc(C(N)=O)c2)C3)s1,8.675,5.284300000000002,11
Cn1nc(C(=O)N2CCC(Oc3ccc(CN4CCCC4)cc3)CC2)cc1-c1ccccc1,5.13,5.182849999999999,11
Cc1oc(-c2ccccc2)nc1C(=O)N1CCC(Oc2ccc(CN3CCCC3)cc2)CC1,5.52,5.34045,11
CN(Cc1ccc(OC2CN(C(=O)c3nnc(-c4ccccc4)o3)C2)cc1)CC1(C)COC1,4.85,5.506150000000002,11
Cc1ccc(CN2C3CCC2CC(Oc2cccc(C(N)=O)c2)C3)s1,8.085,5.2737000000000025,11
Cc1ccc(CN2C3CCC2CC(Oc2cccc(C(N)=O)c2)C3)o1,8.55,5.2458,11
Cc1ccc(C(C)N2C3CCC2CC(Oc2cccc(C(N)=O)c2)C3)cn1,8.52,5.2898000000000005,11
COc1ccc(-c2nnc(C(=O)N3CCC(Oc4ccc(CN5CC(O)C(C)(C)C5)cc4)CC3)o2)cc1,5.0,5.117550000000003,11
Cc1ccc(CN2C3CCC2CC(Oc2cccc(C(N)=O)c2)C3)cc1,9.85,5.279900000000001,11
Cc1cccc(CN2C3CCC2CC(Oc2cccc(C(N)=O)c2)C3)c1,9.28,5.307900000000002,11
N=c1nc(N2CCC(N(Cc3ccccc3)C(CO)Cc3ccc(Cl)cc3)CC2)[nH][nH]1,5.54,5.518450000000002,12
N=c1nc(N2CCC(N(CCc3ccc(Cl)cc3)Cc3ccncc3Cl)CC2)[nH][nH]1,5.19,6.1657,12
N=c1nc(N2CCC(N(CCc3ccc(Cl)cc3)Cc3ccccc3O)CC2)[nH][nH]1,7.0,5.97245,12
N=c1nc(N2CCC(N(CCc3ccc(Cl)cc3)Cc3ccccc3Cl)CC2)[nH][nH]1,5.7,6.0021,12
N=c1nc(N2CCC(N(CCc3ccc(Cl)cc3)Cc3cccc(O)c3)CC2)[nH][nH]1,6.82,5.968150000000001,12
N=c1nc(N2CCC(N(CCc3ccc(Cl)cc3)Cc3cccc(Cl)c3)CC2)[nH][nH]1,5.43,6.046450000000004,12
N=c1nc(N2CCC(N(CCc3ccc(Cl)cc3)Cc3cccc(C(F)(F)F)c3)CC2)[nH][nH]1,5.57,5.936499999999999,12
N=c1nc(N2CCC(N(CCO)CCc3ccc(Cl)cc3)CC2)[nH][nH]1,5.2,5.8987000000000025,12
N=c1nc(N2CCC(N(CCc3ccc(Cl)cc3)Cc3ccc(Cl)cc3)CC2)[nH][nH]1,6.4,5.959200000000002,12
N=c1nc(N2CCC(N3CC(O)CC3Cc3ccc(Cl)cc3)CC2)[nH][nH]1,4.57,5.3941,12
COC1CN(C2CCN(c3nc(=N)[nH][nH]3)CC2)C1Cc1ccc(Cl)cc1,6.47,5.298199999999997,12
N=c1nc(N2CCC(N(CCc3ccc(Cl)cc3)Cc3cc(F)ccc3F)CC2)[nH][nH]1,5.47,5.6973,12
N=c1nc(N2CCC(N(CCc3ccc(Cl)cc3)CC3CCCO3)CC2)[nH][nH]1,4.82,5.8450000000000015,12
N=c1nc(N2CCC(N(CCc3ccc(Cl)cc3)CC3CCCCO3)CC2)[nH][nH]1,4.96,5.8450000000000015,12
N=c1nc(N2CCC(N(CCc3ccc(Cl)cc3)CC(=O)O)CC2)[nH][nH]1,5.1,5.299200000000002,12
N=c1nc(N2CCC(N(CCc3ccc(Cl)cc3)C3COC3)CC2)[nH][nH]1,5.36,5.675150000000001,12
N=c1nc(N2CCC(N(CCc3ccc(Cl)cc3)Cc3ccc(F)cc3Cl)CC2)[nH][nH]1,5.4,5.812600000000001,12
N=c1nc(N2CCC(N3Cc4cc(Cl)cc(Cl)c4OCC3Cc3ccc(Cl)cc3)CC2)[nH][nH]1,5.22,5.517299999999999,12
N=c1nc(N2CCC(N3CCCCC3Cc3ccc(Cl)cc3)CC2)[nH][nH]1,5.08,5.4566,12
CC(=O)NCCN(CCc1ccc(Cl)cc1)C1CCN(c2nc(=N)[nH][nH]2)CC1,5.48,5.456700000000003,12
CC(C)(O)CN(CCc1ccc(Cl)cc1)C1CCN(c2nc(=N)[nH][nH]2)CC1,4.72,5.819000000000001,12
CNC(=O)CN(CCc1ccc(Cl)cc1)C1CCN(c2nc(=N)[nH][nH]2)CC1,5.58,5.428400000000003,12
CNC(=O)NCCN(CCc1ccc(Cl)cc1)C1CCN(c2nc(=N)[nH][nH]2)CC1,5.75,5.445200000000003,12
CN1CC(Cc2ccc(Cl)cc2)N(C2CCN(c3nc(=N)[nH][nH]3)CC2)Cc2ccccc21,5.5,5.257449999999998,12
CC(C)CN(CCc1ccc(Cl)cc1)C1CCN(c2nc(=N)[nH][nH]2)CC1,5.1,5.795500000000001,12
CN1CC(Cc2ccc(Cl)cc2)N(C2CCN(c3nc(=N)[nH][nH]3)CC2)Cc2cc(Cl)ccc21,6.1,5.344499999999997,12
CC(O)CN(CCc1ccc(Cl)cc1)C1CCN(c2nc(=N)[nH][nH]2)CC1,5.029999999999999,5.757250000000003,12
N=c1nc(N2CCC(N3CCCC3Cc3ccc(Cl)cc3)CC2)[nH][nH]1,5.4,5.410099999999997,12
CNS(=O)(=O)CCN(CCc1ccc(Cl)cc1)C1CCN(c2nc(=N)[nH][nH]2)CC1,4.8,5.844000000000001,12
COC(C)CN(CCc1ccc(Cl)cc1)C1CCN(c2nc(=N)[nH][nH]2)CC1,4.970000000000001,5.701600000000002,12
N=c1nc(N2CCC(N3Cc4cnccc4OCC3Cc3ccc(Cl)cc3)CC2)[nH][nH]1,4.77,5.510649999999999,12
COC1CC(Cc2ccc(Cl)cc2)N(C2CCN(c3nc(=N)[nH][nH]3)CC2)C1,4.76,5.310899999999997,12
N=c1nc(N2CCC(N3Cc4ccccc4OCC3Cc3ccc(Cl)cc3)CC2)[nH][nH]1,4.66,5.500000000000001,12
N=c1nc(N2CCC(N3Cc4cc(F)ccc4OCC3Cc3ccc(Cl)cc3)CC2)[nH][nH]1,5.17,5.375249999999998,12
N=c1nc(N2CCC(N3Cc4cc(Cl)ccc4OCC3Cc3ccc(Cl)cc3)CC2)[nH][nH]1,5.17,5.757550000000001,12
COCCN(CCc1ccc(Cl)cc1)C1CCN(c2nc(=N)[nH][nH]2)CC1,5.55,5.7516,12
N=c1nc(N2CCC(N3CCOCC3Cc3ccc(Cl)cc3)CC2)[nH][nH]1,4.41,5.47595,12
COC(C)(C)CN(CCc1ccc(Cl)cc1)C1CCN(c2nc(=N)[nH][nH]2)CC1,5.46,5.769699999999999,12
CS(=O)(=O)NCCN(CCc1ccc(Cl)cc1)C1CCN(c2nc(=N)[nH][nH]2)CC1,5.14,5.844000000000001,12
N=c1nc(N2CCC(N3Cc4ccncc4OCC3Cc3ccc(Cl)cc3)CC2)[nH][nH]1,4.3,5.510649999999999,12
N#Cc1ccc2c(c1)CN(C1CCN(c3nc(=N)[nH][nH]3)CC1)C(Cc1ccc(Cl)cc1)CO2,4.64,5.62005,12
CS(=O)(=O)c1ccc(CCN2CCN(CCc3ccc([N+](=O)[O-])cc3)CC2)cc1,6.82,5.165099999999998,13
COc1ccc(CCN2CCN(CCc3ccc([N+](=O)[O-])cc3)CC2)cc1,8.15,5.084699999999999,13
Cc1cc2c(cc1CCN1CCN(C(=O)Cc3ccc(-n4cnnn4)cc3)CC1)COC2=O,4.85,5.140550000000002,13
N#Cc1ccc(CCN2CCN(C(=O)Cc3ccc(-n4cnnn4)cc3)CC2)cc1,6.38,5.062800000000003,13
N#Cc1ccc(CCN2CCN(CCc3ccc(C#N)cc3)CC2)cc1,7.92,5.288849999999997,13
N#Cc1ccc(CCN2CCN(CCc3ccc([N+](=O)[O-])cc3)CC2)cc1,8.05,5.285649999999997,13
N#Cc1ccc(CCN2CCN(CCc3ccc4c(c3)COC4=O)CC2)cc1,6.37,5.334799999999998,13
COc1cc2c(cc1CCN1CCN(C(=O)Cc3ccc(-n4cnnn4)cc3)CC1)COC2=O,5.25,5.1407500000000015,13
O=C1CCc2cc(CCN3CCN(C(=O)Cc4ccc(-n5cnnn5)cc4)CC3)ccc21,5.19,5.071900000000003,13
CS(=O)(=O)c1cc(CCN2CCN(CCc3ccc4c(c3)COC4=O)CC2)ccc1C#N,5.33,5.191799999999997,13
O=C(Cc1ccc2c(O)occ2c1)N1CCN(CCc2ccc([N+](=O)[O-])cc2)CC1,5.89,5.013300000000001,13
N#Cc1ccc(CCN2CCN(CCc3ccc4c(c3)COC4=O)CC2)cc1Br,6.25,5.236199999999997,13
O=C(Cc1ccc(-n2cnnn2)cc1)N1CCN(CCc2ccc3nonc3c2)CC1,5.89,5.106650000000001,13
O=C(Cc1ccc(-n2cnnn2)cc1)N1CCN(CCc2ccc3c(c2)COC3)CC1,5.6,5.1174500000000025,13
O=C(Cc1ccc(-n2cnnn2)cc1)N1CCN(CCc2ccc([N+](=O)[O-])cc2)CC1,6.8,5.095200000000002,13
CCc1c(CCN2CCN(C(=O)Cc3ccc(-n4cnnn4)cc3)CC2)ccc2c1COC2=O,4.57,5.086050000000001,13
COc1cc(CCN2CCN(CCc3ccc4c(c3)COC4=O)CC2)ccc1C#N,5.8,5.1328999999999985,13
CCOc1cc(CCN2CCN(CCc3ccc4c(c3)COC4=O)CC2)ccc1C#N,6.17,5.162799999999997,13
COc1cc(CC(=O)N2CCN(CCc3ccc4c(c3)COC4=O)CC2)ccc1-n1cnnn1,5.09,5.13245,13
CC(CN1CCN(CCc2ccc([N+](=O)[O-])cc2)CC1)c1ccc([N+](=O)[O-])cc1,8.51,5.127849999999999,13
CC(Cc1ccc([N+](=O)[O-])cc1)N1CCN(CCc2ccc([N+](=O)[O-])cc2)CC1,8.41,5.057649999999998,13
O=C1OCCc2cc(CCN3CCN(C(=O)Cc4ccc(-n5cnnn5)cc4)CC3)ccc21,4.37,5.091750000000002,13
O=C1OCc2c1ccc(CCN1CCN(C(=O)Cc3ccc(-n4cnnn4)cc3)CC1)c2C1CC1,4.92,5.177950000000001,13
O=C1OCc2c1ccc(CCN1CCN(C(=O)Cc3ccc(-n4cnnn4)cc3)CC1)c2Cl,4.77,5.089900000000001,13
O=C1OCc2c1ccc(CCN1CCN(C(=O)Cc3ccc(-n4cnnn4)cc3)CC1)c2F,4.51,5.0114,13
N#Cc1cc(CC(=O)N2CCN(CCc3ccc4c(c3)COC4=O)CC2)ccc1-n1cnnn1,5.15,5.111250000000002,13
c1cc2nonc2cc1CCN1CCN(CCc2ccc3nonc3c2)CC1,7.17,5.243449999999998,13
O=[N+]([O-])c1ccc(CCN2CCNCC2)cc1,6.72,5.232149999999999,13
O=[N+]([O-])c1ccc(CCN2CCN(CCc3ccc4nonc4c3)CC2)cc1,7.6,5.254549999999998,13
O=[N+]([O-])c1ccc(CCN2CCN(CCc3ccc([N+](=O)[O-])cc3)CC2)cc1,8.3,5.185049999999998,13
O=[N+]([O-])c1ccc(CCN2CCN(CCc3ccc(F)cc3)CC2)cc1,7.64,5.168949999999999,13
O=[N+]([O-])c1ccc(CCN2CCN(CCc3ccc(-n4cnnn4)cc3)CC2)cc1,7.96,5.182399999999998,13
O=[N+]([O-])c1ccc(CCN2CCN(CCc3ccc(-c4ncco4)cc3)CC2)cc1,7.33,5.152499999999999,13
O=C1OCc2ccc(CCN3CCN(C(=O)Cc4ccc(-n5cnnn5)cc4)CC3)cc21,4.5,5.113150000000002,13
N#Cc1ccc(CCN2CCN(CCc3ccc4c(c3)COC4=O)CC2)cc1Cl,6.92,5.265099999999998,13
O=C1OCc2cc(CCN3CCN(CCc4ccc5nonc5c4)CC3)ccc21,6.55,5.205199999999998,13
O=C1OCc2cc(CCN3CCN(C(=O)Cc4ccc(-n5cnnn5)cc4C4CC4)CC3)ccc21,5.52,5.222250000000002,13
O=C1OCc2cc(CCN3CCN(C(=O)Cc4ccc(-n5cnnn5)cc4C(F)(F)F)CC3)ccc21,5.16,5.0705500000000026,13
O=C1OCc2cc(CCN3CCN(C(=O)Cc4ccc(-n5cnnn5)cc4)CC3)ccc21,4.85,5.098950000000002,13
O=C1OCc2cc(CCN3CCN(C(=O)Cc4ccc(-n5cnnn5)cc4)CC3)cc(F)c21,4.89,5.026000000000001,13
O=C1OCc2cc(CCN3CCN(C(=O)Cc4ccc(-n5cnnn5)cc4)CC3)cc(Cl)c21,5.47,5.150900000000003,13
O=C1OCc2cc(CCN3CCN(C(=O)Cc4ccc(-n5cnnn5)cc4)CC3)c(F)cc21,4.58,5.033200000000001,13
O=C1OCc2cc(CCN3CCN(C(=O)Cc4ccc(-n5cnnn5)c(F)c4)CC3)ccc21,4.57,5.0099,13
O=C1OCc2cc(CCN3CCN(C(=O)Cc4ccc(-n5cnnn5)c(C(F)(F)F)c4)CC3)ccc21,5.29,5.0580500000000015,13
O=C1OCc2c1cccc2-c1ccc(CCN2CCN(CCc3ccc([N+](=O)[O-])cc3)CC2)cc1,6.82,5.1709499999999995,13
O=C1OCc2cc(CCN3CCN(CCc4ccc5c(c4)COC5=O)CC3)ccc21,5.72,5.215199999999998,13
CCOC(=O)c1ccc(CCN2CCN(CCc3ccc([N+](=O)[O-])cc3)CC2)cc1,7.72,5.399350000000001,13
O=C(Cc1ccc([N+](=O)[O-])cc1)N1CCN(CCc2ccc([N+](=O)[O-])cc2)CC1,7.34,5.086200000000001,13
N#Cc1ccc(CCN2CCN(CCc3ccc4nonc4c3)CC2)cc1,7.38,5.383849999999999,13
N#Cc1ccc(CCN2CCN(CCc3ccc4c(c3)COC4=O)CC2)cc1F,6.77,5.108799999999997,13
CSc1cc(CCN2CCN(CCc3ccc4c(c3)COC4=O)CC2)ccc1C#N,6.34,5.189699999999998,13
Cc1c(CCN2CCN(C(=O)Cc3ccc(-n4cnnn4)cc3)CC2)ccc2c1COC2=O,4.7,5.057250000000002,13
N#Cc1ccc(CCN2CCN(CCc3ccc4c(c3)COC4=O)CC2)cc1OC(F)(F)F,6.96,5.328199999999998,13
CNc1cc(CCN2CCN(CCc3ccc4c(c3)COC4=O)CC2)ccc1C#N,6.17,5.176799999999998,13
N#Cc1cccc(CCN2CCN(CCc3ccc([N+](=O)[O-])cc3)CC2)c1,7.66,5.224849999999999,13
N#Cc1ccc(CCN2CCN(CCc3ccc4c(c3)COC4=O)CC2)cc1OC1CC1,6.33,5.197799999999998,13
Cc1cc(-n2cnnn2)ccc1CC(=O)N1CCN(CCc2ccc3c(c2)COC3=O)CC1,5.85,5.130850000000002,13
COc1c(CCN2CCN(C(=O)Cc3ccc(-n4cnnn4)cc3)CC2)ccc2c1COC2=O,4.4,5.020750000000001,13
CC1CN(CCc2ccc([N+](=O)[O-])cc2)CCN1CCc1ccc([N+](=O)[O-])cc1,9.12,5.19255,13
Cc1cc(CCN2CCN(C(=O)Cc3ccc(-n4cnnn4)cc3)CC2)cc2c1C(=O)OC2,5.0,5.132550000000001,13
N#Cc1cccc(CCN2CCN(C(=O)Cc3ccc(-n4cnnn4)cc3)CC2)c1,5.57,5.139700000000001,13
O=C(NC(C1CC1)C1C2CC(n3cnc4cc(F)c(F)cc43)CC21)c1ccc(Cl)cc1,6.25,5.197900000000001,14
CC(C)(NC(=O)c1ccc(Cl)cc1)C1C2CC(n3cnc4cc(F)c(F)cc43)CC21,5.8,5.2051,14
O=C(NCC1C2CC(n3cnc4cc(F)c(F)cc43)CC12)c1ccc(Cl)cc1,5.32,5.172200000000001,14
CCC(NC(=O)C12CC(F)(C1)C2)C1C2CC(n3cnc4cc(F)c(F)cc43)CC21,4.32,5.097600000000001,14
CCC(NC(=O)c1ccc(C#N)cc1)C1C2CC(n3cnc4ccc(C#N)cc43)CC21,5.92,5.336800000000002,14
CC(NC(=O)c1ccc(C#N)cc1)C1C2CC(n3cnc4cc(F)c(F)cc43)CC21,5.89,5.1484000000000005,14
CC(NC(=O)c1ccc(Cl)cc1)C1C2CC(n3cnc4cc(F)c(F)cc43)CC21,6.28,5.2026,14
CCC(NC(=O)c1ccc(C#N)cc1)C1C2CC(n3cnc4cc(F)c(F)cc43)CC21,5.96,5.1431000000000004,14
Fc1cc2ncn(C3CC4C(CNC(c5ccc(Cl)cc5)C(F)(F)F)C4C3)c2cc1F,6.34,5.256550000000001,14
CCC(NC(=O)c1ccc(C#N)cc1)C1C2CC(n3cnc4ccc(Cl)cc43)CC21,6.3,5.413400000000001,14
CCC(NC(=O)c1ccc(Cl)cc1)C1C2CC(n3c(C)nc4ccc(F)cc43)CC21,5.69,5.365900000000003,14
CCC(NC(=O)c1ccc(Cl)cc1)C1C2CC(n3cnc4ccccc43)CC21,6.11,5.338000000000002,14
CCC(NC(=O)c1ccc(Cl)cc1)C1C2CC(n3cnc4c(F)cccc43)CC21,6.0,5.191900000000001,14
CCC(NC(=O)c1ccc(Cl)cc1)C1C2CC(n3cnc4cc(Cl)c(Cl)cc43)CC21,5.02,5.404200000000003,14
CCC(NC(=O)c1ccc(Cl)cc1)C1C2CC(n3cnc4ccc(F)c(F)c43)CC21,5.27,5.191100000000002,14
CCC(NC(=O)c1ccc(Cl)cc1)C1C2CC(n3cnc4cccnc43)CC21,4.96,5.314800000000002,14
CCC(NC(=O)c1ccc(Cl)cc1)C1C2CC(n3cnc4ccc(Cl)cc43)CC21,5.64,5.404200000000002,14
CCC(NC(=O)c1ccc(Cl)cc1)C1C2CC(n3cnc4ccncc43)CC21,5.92,5.1935,14
CCC(NC(=O)c1ccc(Cl)cc1)C1C2CC(n3cnc4c(F)cc(F)cc43)CC21,5.72,5.202700000000002,14
CCC(NC(=O)c1ccc(Cl)cc1)C1C2CC(n3cnc4cc(C#N)ccc43)CC21,6.82,5.374400000000001,14
CCC(NC(=O)c1ccc(Cl)cc1)C1C2CC(n3cnc4cccc(F)c43)CC21,5.68,5.202800000000003,14
CCC(NC(=O)c1ccc(Cl)cc1)C1C2CC(n3cnc4cc(F)c(F)cc43)CC21,5.46,5.204200000000002,14
CCC(NC(=O)c1ccc(Cl)cc1)C1C2CC(n3cnc4cnccc43)CC21,7.23,5.1935,14
CCC(NC(=O)c1ccc(Cl)cc1)C1C2CC(n3cnc4ncc(C#N)cc43)CC21,5.28,5.340300000000002,14
CCC(NC(=O)c1ccc(Cl)cc1)C1C2CC(n3cnc4ccc(C#N)cc43)CC21,5.28,5.377500000000001,14
CCC(NC(=O)c1ccc(Cl)cc1)C1C2CC(n3cnc4cc(F)cnc43)CC21,5.68,5.273800000000002,14
CCC(NC(=O)c1ccc(Cl)c(F)c1)C1C2CC(n3cnc4cc(F)c(F)cc43)CC21,5.6,5.164300000000001,14
CCC(NC(=O)c1ccc(Cl)cc1)C1C2CC(n3cnc4cc(C#N)cnc43)CC21,6.16,5.358500000000001,14
CCC(NC(=O)c1ccc(Cl)cc1)C1C2CC(n3cnc4cc(F)ccc43)CC21,6.75,5.309600000000002,14
CCC(NC(=O)c1ccc(Cl)cc1)C1C2CC(n3cnc4cc(F)cc(F)c43)CC21,6.24,5.213800000000003,14
CCC(NC(=O)c1ccc(Cl)cc1)C1C2CC(n3cnc4ccc(F)cc43)CC21,5.27,5.312700000000002,14
CN1CCNC(C(=O)N2CCN(C(=O)Nc3ccc(Cl)c(Cl)c3)CC2)C1,4.7,5.200000000000001,15
Cc1nc(-c2ccc(CN3CCC(N(C)C(=O)Cc4ccc(-n5cnnn5)cc4)CC3)cc2)no1,5.19,5.388300000000002,15
Cn1cnc(-c2cnc(OC3CCN(C(=O)Cc4ccc(OC(F)(F)F)cc4)CC3)c(C(N)=O)c2)c1,5.35,5.038700000000002,15
Cc1ccccc1-c1nc2cn(-c3cccc(C#N)c3)nc2c(=O)n1CC1CCCN(C(C)C)C1,4.66,5.182500000000001,15
Cn1cnc(-c2cnc(OC3CCN(C(=O)Cc4ccc(OC(F)(F)F)cc4)CC3F)c(C(N)=O)c2)c1,4.949999999999999,5.023200000000002,15
CC(C)(O)COc1ccc(C(N)=O)c(OC2CCN(C(=O)Cc3ccc(OC(F)(F)F)cc3)CC2F)c1,4.42,4.939000000000002,15
Cc1cc2c(s1)=Nc1ccccc1NC=2N1CCN(C)CC1,6.64,5.3278,15
CC(C)(CO)Oc1ccc(C(N)=O)c(OC2CCN(C(=O)Cc3ccc(OC(F)(F)F)cc3)CC2F)c1,4.46,4.978200000000002,15
CC(C)(C)c1ccc(C(O)CCCN2CCC(C(O)(c3ccccc3)c3ccccc3)CC2)cc1,6.67,5.76635,15
CC(C)(C)OCCN1CCC(CNC(=O)c2cc(Cl)cc(Cl)c2)CC1,5.9,5.3486,15
CN1CCN(C)C(C(=O)N2CCN(C(=O)Nc3ccc(Cl)c(Cl)c3)CC2)C1,4.89,5.148249999999999,15
CC(C)(C)CCN1CCC(CNC(=O)c2cccc(Cl)c2)CC1,5.32,5.419100000000002,15
CC(C)(C)CCN1CCC(CNC(=O)c2ccc(Cl)c(Cl)c2)CC1,5.98,5.399,15
CC(C)(C)CCN1CCC(CNC(=O)c2cc(Cl)cc(Cl)c2)CC1,5.71,5.341900000000002,15
CC(C)(C)CCN1CCC(CNC(=O)c2cc(Cl)cc(Cl)c2)C(F)C1,5.455,5.333000000000003,15
CN1CCN(C2=Nc3cc(Cl)ccc3Nc3ccccc32)CC1,6.5,5.49295,15
COc1ccc(CN2CCC(NC(=O)c3cc(=O)c4ccc(F)cc4o3)CC2)c(F)c1,7.83,4.98005,15
CNC(=O)c1c(-c2ccc(O)c(C)c2)oc2ccc(O)c(CN3CCC4(COC4)C3)c12,4.78,4.912650000000004,15
COc1ccc(CN2CCC(NC(=O)c3cc(=O)c4ccc(F)cc4o3)CC2)cc1F,8.07,5.012550000000001,15
CN(C(=O)Cc1ccccc1)C1CCN(Cc2ccc(C(F)(F)F)cc2)CC1,5.8,5.2003999999999975,15
CN(C)C(=O)c1c(-c2ccc(O)cc2)oc2ccc(O)c(CN3CCC4(COC4)C3)c12,4.97,4.872000000000003,15
CC1CCCN1CCN1CCc2cc(-c3ccc(C(=O)N4CCCC4)cc3)ccc2C1=O,5.02,5.245599999999999,15
COc1cc2oc(C(=O)NC3CCN(Cc4ccc5c(c4)OCO5)CC3)cc(=O)c2cc1F,7.8,5.036149999999999,15
CN(C)C(=O)c1ccc(-c2ccc3c(c2)CCN(CCN2CCCC2)C3=O)c(F)c1,4.49,5.0380999999999965,15
CN(C)C(=O)c1ccc(-c2ccc3c(c2)CCN(CCN2CCCC2)C3=O)cc1,4.96,5.159199999999999,15
CNC(=O)c1c(-c2ccc(O)cc2)oc2ccc(O)c(CN3CC4(CCOC4)C3)c12,4.63,4.887800000000004,15
CC1CCCN1CCN1CCc2cc(-c3ccc(F)cc3)ccc2C1=O,6.52,5.350649999999998,15
CNC(=O)c1c(-c2ccc(O)cc2)oc2ccc(O)c(CN3CC4(CCO4)C3)c12,4.67,5.166850000000002,15
CC(C)NC(=O)c1ccc(-c2ccc3c(c2)CCN(CCN2CCCC2)C3=O)cc1,5.21,5.236949999999997,15
CC(C)N1CCOC(CN2CCN(C(=O)Nc3ccc(Cl)c(Cl)c3)CC2)C1,5.2,5.151099999999998,15
CC(C)N1CCNC(CN2CCN(C(=O)Nc3ccc(Cl)c(Cl)c3)CC2)C1,5.25,5.208499999999999,15
CC(C)N1CCNC(C(=O)N2CCN(C(=O)Nc3ccc(Cl)c(Cl)c3)CC2)C1,4.77,5.223649999999999,15
CC(C)N1CCCC(CN2CCN(C(=O)Nc3ccc(Cl)c(Cl)c3)CC2)C1,5.89,5.19035,15
Cc1ccccc1-c1nc2cn(-c3cccc(Cl)c3)nc2c(=O)n1CC1CCCN(C(C)C)C1,5.0,5.360400000000001,15
CCC(C)C(C)CN1CCC(CNC(=O)c2cc(Cl)cc(Cl)c2)CC1,6.05,5.36005,15
CC(C)CN(C(=O)c1cccc(Cl)c1Cl)C1CCNC1,4.7,5.274949999999999,15
COc1ccc2c(=O)cc(C(=O)NC3CCN(Cc4ccc5c(c4)OCO5)CC3)oc2c1,7.94,5.07745,15
CNC(=O)c1c(-c2ccc(O)c(F)c2)oc2ccc(O)c(CN3CCC4(COC4)C3)c12,5.57,4.746850000000004,15
CC(C)(C)CCN1CCC(CNC(=O)c2cc(C(F)(F)F)cc(C(F)(F)F)c2)CC1,5.75,5.2512,15
Cc1ccc(CN2CCC(CNC(=O)c3cc(Cl)cc(Cl)c3)CC2)cc1,6.87,5.311200000000001,15
COc1ccc(CN2CCC(NC(=O)c3cc(=O)c4ccc(F)cc4o3)CC2)cc1,8.27,5.011950000000001,15
CC(C)(C)CCN1CCC(CNC(=O)Nc2cccc(Cl)c2)(c2ccccc2)CC1,7.06,5.365500000000001,15
CC(=O)c1c(-c2ccc(O)cn2)oc2ccc(O)c(CN3CCCC3)c12,4.69,4.968800000000001,15
CC(C)(C)CCN1CCC(CNC(=O)C2(c3ccc(F)cc3)CCCCC2)CC1,5.43,5.1750000000000025,15
COC1CN(Cc2ccc(C(F)(F)F)cc2)CCC1N(C)C(=O)Cc1ccc(-n2cnnn2)cc1,5.8100000000000005,5.157500000000002,15
COCC(=O)OC1(CCN(C)CCCc2nc3ccccc3[nH]2)CCc2cc(F)ccc2C1C(C)C,6.09,5.517649999999999,15
CC1(C)CC(CN2CCC(F)(CNC(=O)c3cc(Cl)cc(Cl)c3)CC2)CCO1,5.42,5.386550000000003,15
Cn1cc(-c2ccc(OC3CCN(C(=O)Cc4ccc(OC(F)(F)F)cc4)C3)c(C(N)=O)n2)cn1,5.17,4.840899999999999,15
Cn1cc(-c2ccc(OC3CCN(C(=O)Cc4ccc(OC(F)(F)F)cc4)CC3)c(C(N)=O)c2)cn1,5.35,4.8839999999999995,15
Cn1cc(-c2ccc(OC3CCN(C(=O)Cc4ccc(OC(F)(F)F)cc4)CC3)c(C(N)=O)n2)cn1,5.28,4.872799999999999,15
Cn1cc(-c2ccc(OC3CCN(C(=O)Nc4ccc(OC(F)(F)F)cc4)CC3)c(C(N)=O)c2)cn1,5.42,4.898499999999999,15
O=c1[nH]c2ccccc2n1C1CCN(CCCC(c2ccc(F)cc2)c2ccc(F)cc2)CC1,7.26,5.4625,15
Oc1cc2cc(CCN3CCN(c4nsc5ccccc45)CC3)c(Cl)cc2[nH]1,6.9,6.2019,15
COCCN1CCCC(Cn2c(-c3ccccc3C)nc3cn(-c4ccc(Cl)cc4)nc3c2=O)C1,5.6,5.375250000000001,15
CC(=O)N1CCN(c2ccc(OCC3COC(Cn4ccnc4)(c4ccc(Cl)cc4Cl)O3)cc2)CC1,5.72,5.246150000000001,15
CN1CCCCC1CCN1c2ccccc2Sc2ccc([S+](C)[O-])cc21,6.5,5.250199999999996,15
CN1CCCC(CN2CCN(C(=O)Nc3ccc(Cl)c(Cl)c3)CC2)C1,5.8,5.2025000000000015,15
Cc1cccc(CCN2CCC(C(=O)c3ccc(NS(C)(=O)=O)cc3)CC2)n1,7.74,5.189099999999999,15
COCCN1CCCC(Cn2c(-c3ccccc3C)nc3cc(-c4ccc(Cl)cc4)sc3c2=O)C1,5.68,5.490300000000002,15
Cc1ccccc1-c1nc2cc(-c3ccc(Cl)cc3)sc2c(=O)n1CC1CCCN(C(C)C)C1,5.68,5.331999999999999,15
COc1ccc(-n2cc3nc(-c4cccnc4C)n(CC4CCCN(CC5CCCO5)C4)c(=O)c3n2)cc1,5.39,5.084799999999998,15
COc1ccc(-n2cc3nc(-c4ccccc4C)n(CC4CCCN(C(C)C)C4)c(=O)c3n2)cc1,4.96,5.049850000000001,15
Cc1ccccc1-c1nc2ccc(-c3ccc(Cl)cc3)cc2c(=O)n1CC1CCCN(C(C)C)C1,5.06,5.314,15
Cc1ccccc1-c1nc2cn(-c3ccc(Cl)cc3)nc2c(=O)n1CC1CCCN(C(C)C)C1,5.46,5.2417,15
Oc1ccc(-c2cc3c(CN4CCC5(COC5)C4)c(O)ccc3o2)cc1,5.37,5.253850000000003,15
CSc1ccc2c(c1)N(CCC1CCCCN1C)c1ccccc1S2,7.48,5.335099999999998,15
COCCN1CCCC(Cn2c(-c3ccccc3C)nc3nc(-c4ccc(Cl)cc4)sc3c2=O)C1,5.43,5.446300000000003,15
Cc1[nH]cnc1CN1CCc2c(c3ccccc3n2C)C1=O,5.5,5.1191,15
CC(C)(C)C(O)CN1CCC(CNC(=O)c2cc(Cl)cc(Cl)c2)CC1,5.32,5.1697000000000015,15
CC(C)(C)C(F)CN1CCC(CNC(=O)c2cc(Cl)cc(Cl)c2)CC1,5.33,5.275900000000002,15
CC(C)(C)C(=O)CN1CCC(CNC(=O)c2cc(Cl)cc(Cl)c2)CC1,5.69,5.307200000000002,15
CC(C(=O)N1CCC(Oc2ccc(-c3cn(C)cn3)cc2C(N)=O)CC1)c1ccc(OC(F)(F)F)cc1,5.285,5.1793000000000005,15
CC(=O)c1ccc(CN2CCC(NC(=O)c3cc(=O)c4ccc(F)cc4o3)CC2)cc1,7.69,5.14545,15
CC(=O)c1c(-c2ccc(O)cc2)oc2ccc(O)c(CN3CCC4(COC4)C3)c12,5.58,4.890400000000003,15
CC(=O)c1c(-c2cc(C)c(O)cn2)oc2ccc(O)c(CN3CCC3)c12,4.91,5.006550000000002,15
CC(=O)Nc1cccc(N2CCN(CCCCNS(=O)(=O)c3ccc(C)cc3)CC2)c1,6.52,5.4363,15
CC(=O)Nc1cccc(N2CCN(CCCCNS(=O)(=O)CC3CCCCC3)CC2)c1,5.42,5.4682,15
CC(=O)Nc1ccc(CN2CCC(NC(=O)c3cc(=O)c4ccc(F)cc4o3)CC2)cc1,7.32,5.097150000000002,15
CC(=O)Nc1ccc(CC(=O)N(C)C2CCN(Cc3ccc(C(F)(F)F)cc3)CC2)cc1,5.35,5.130800000000001,15
Cc1cc2c(s1)=Nc1ccccc1NC=2N1CCNCC1,4.85,5.3301,15
O=C1NCCN1CCN1CCC(c2cn(-c3ccc(F)cc3)c3ccc(Cl)cc23)CC1,7.83,6.297150000000003,15
Cn1cnc(-c2ccc(OC3CCN(C(=O)Cc4ccc(OC(F)(F)F)cc4)CC3)c(C(N)=O)c2)c1,4.75,5.161750000000001,15
CN(C(=O)Cc1ccc(S(C)(=O)=O)cc1F)C1CCN(Cc2ccc(C(F)(F)F)cc2)CC1,5.58,5.057400000000001,15
N#Cc1ccc2c(=O)cc(C(=O)NC3CCN(Cc4ccc5c(c4)OCO5)CC3)oc2c1,8.3,5.196100000000001,15
N#Cc1ccc2c(c1)CCN(CCC1CCC(NC(=O)c3ccnc4ccccc34)CC1)C2,5.7,5.325349999999999,15
Cn1cnc(-c2c[nH]c(=N)c(OC3CN(C(=O)Cc4ccc(OC(F)(F)F)cc4)CC3F)c2)c1,4.8100000000000005,4.9639000000000015,15
Cn1cnc(-c2c[nH]c(=N)c(OC3CN(C(=O)Cc4ccc(OC(F)(F)F)cc4)CC3(F)F)c2)c1,4.82,4.941700000000001,15
COCCN1CCCC(Cn2c(-c3cccnc3C)nc3cn(-c4cccc(OC)c4)nc3c2=O)C1,4.37,5.208499999999999,15
COCCN1CCCC(Cn2c(-c3cccnc3C)nc3cn(-c4ccc(C#N)cc4)nc3c2=O)C1,4.68,5.524849999999999,15
CC(C)(C)CCN1CCC(CNC(=O)Cc2ccc(C(C)(C)C)cc2)CC1,5.99,5.235,15
CN(C(=O)Cc1ccc(S(C)(=O)=O)cc1)C1CCN(Cc2nc3ccccc3s2)CC1F,4.8,5.071200000000001,15
CC(CC(C)(C)C)N1CCC(CNC(=O)c2cc(Cl)cc(Cl)c2)CC1,5.66,5.3235,15
CN(C(=O)Cc1ccc(S(C)(=O)=O)cc1)C1CCN(Cc2ccc(C(F)(F)F)cc2)CC1F,5.38,5.0882,15
CNC(=O)c1c(-c2ccc(OC)cc2)oc2ccc(O)c(CN3CCC4(COC4)C3)c12,5.75,4.862600000000003,15
O=C(CCCN1CCC(O)(c2ccc(Cl)cc2)CC1)c1ccc(F)cc1,7.57,5.139699999999998,15
CNC(=O)c1c(-c2ccc(O)cc2C)oc2ccc(O)c(CN3CCC4(COC4)C3)c12,4.52,4.935400000000003,15
COc1ccccc1N1CCN(CCCCNS(=O)(=O)c2ccc(C)cc2)CC1,5.3,5.3096000000000005,15
CNC(=O)c1c(-c2ccc(O)cc2)oc2ccc(O)c(CN3CCCCC3)c12,5.16,5.055700000000001,15
COc1cc(N)c(Cl)cc1C(=O)NC1CCN(CCCOc2ccc(F)cc2)CC1OC,8.17,5.426999999999998,15
CCOc1cccc(-n2cc3nc(-c4cccnc4C)n(CC4CCCN(CC5CCCO5)C4)c(=O)c3n2)c1,4.85,5.269149999999997,15
CNC(=O)c1c(-c2ccc(O)cc2)oc2ccc(O)c(CN3CCCC3)c12,4.82,5.0104000000000015,15
CNC(=O)c1c(-c2ccc(O)cc2)oc2ccc(O)c(CN3CCC4(CCO4)C3)c12,4.71,5.162350000000003,15
Clc1ccc2c(c1)N=C(N1CCNCC1)c1ccccc1N2,5.35,5.5084500000000025,15
CCc1ccc2c(=O)cc(C(=O)NC3CCN(Cc4ccc5c(c4)OCO5)CC3)oc2c1,8.13,5.15005,15
Cc1ccc(NC(=O)N2CCN(CC3CCCN(C4CC4)C3)CC2)cc1Cl,5.15,5.1245,15
CC1CCCN1C(=O)c1ccc(-c2ccc3c(c2)CCN(CCN2CCCC2)C3=O)cc1,4.95,5.234599999999998,15
CN(C(=O)Cc1ccc(-n2cnnn2)cc1)C1CCN(Cc2ccc(C(F)(F)F)c(F)c2)CC1,5.55,5.088000000000001,15
CN(C(=O)Cc1ccc(-n2cnnn2)cc1)C1CCN(Cc2ccc(C(F)(F)F)cc2)CC1,5.92,5.1583000000000006,15
CN(C(=O)Cc1ccc(-n2cnnn2)cc1)C1CCN(Cc2ccc(C(F)(F)F)cc2)CC1F,5.57,5.133000000000001,15
CN(C(=O)Cc1ccc(-n2cnnn2)cc1)C1CCN(Cc2ccc(C(F)(F)F)cn2)CC1,5.38,5.100700000000001,15
CNC(=O)c1c(-c2ccc(O)cc2)oc2ccc(O)c(CN3CCC(F)CC3)c12,5.16,4.925100000000003,15
CN(C(=O)Cc1ccc(-n2cnnn2)cc1)C1CCN(Cc2ccc(C(F)(F)F)cn2)CC1F,5.0,5.070600000000001,15
CN(C(=O)Cc1ccc(-n2cnnn2)cc1)C1CCN(Cc2ccc(C(F)(F)F)nc2)CC1,4.89,5.11,15
Cc1ncccc1-c1nc2cn(-c3ccccc3)nc2c(=O)n1CC1CCCN(CC2CCCO2)C1,4.92,5.197949999999999,15
CNC(=O)c1c(-c2ccc3[nH]ccc3c2)oc2ccc(O)c(CN3CCC4(COC4)C3)c12,5.04,4.935850000000003,15
CNCCCN1c2ccccc2CCc2ccccc21,5.86,5.339350000000003,15
COc1cccc(-n2cc3nc(-c4ccccc4C)n(CC4CCCN(C(C)C)C4)c(=O)c3n2)c1,4.82,5.0043999999999995,15
COc1cccc(-n2cc3nc(-c4cccnc4C)n(CC4CCCN(C(C)C)C4)c(=O)c3n2)c1,4.33,4.9919,15
COc1cccc(CN2CCC(NC(=O)c3cc(=O)c4ccc(F)cc4o3)CC2)c1,7.98,5.171450000000001,15
CCCOc1cccc(-n2cc3nc(-c4cccnc4C)n(CC4CCCN(CC5CCCO5)C4)c(=O)c3n2)c1,5.14,5.240249999999998,15
CNC(=O)c1ccc(CC(=O)N(C)C2CCN(Cc3ccc(C(F)(F)F)cc3)CC2)cc1,5.68,5.1584,15
CCCc1nn(C)c2c(=O)[nH]c(-c3cc(S(=O)(=O)N4CCN(C)CC4)ccc3OCC)nc12,5.48,5.3186500000000025,15
CCN(C(=O)Cc1ccc(S(C)(=O)=O)cc1)C1CCN(Cc2ccc(C(F)(F)F)cc2)CC1,5.6,5.1129999999999995,15
CNC(=O)c1ccc(-c2ccc3c(c2)CCN(CCN2CCCC2C)C3=O)cc1,4.77,5.219299999999997,15
CNC(=O)c1ccc(-c2ccc3c(c2)CCN(CCN2CCCC2)C3=O)cc1,4.54,5.2060999999999975,15
CCN1CCCC(C(=O)N2CCN(C(=O)Nc3ccc(Cl)c(Cl)c3)CC2)C1,5.3,5.148900000000002,15
CCN1CCCC(CN2CCN(C(=O)Nc3ccc(Cl)c(Cl)c3)CC2)C1,5.525,5.148800000000002,15
CCN1CCNC(C(=O)N2CCN(C(=O)Nc3ccc(Cl)c(Cl)c3)CC2)C1,5.0,5.165800000000002,15
Cc1ncccc1-c1nc2cn(-c3cccc(OC(F)F)c3)nc2c(=O)n1CC1CCCN(CC2CCCO2)C1,5.08,5.261549999999997,15
CCN1CCNC(CN2CCN(C(=O)Nc3ccc(Cl)c(Cl)c3)CC2)C1,5.05,5.171900000000001,15
CCN1CCOC(CN2CCN(C(=O)Nc3ccc(Cl)c(Cl)c3)CC2)C1,5.1,5.1198,15
CNC(=O)c1ccc(-c2ccc3c(c2)CCN(CCN2CCCC2)C3=O)c(F)c1,5.43,5.0894999999999975,15
CCNC(=O)c1c[nH]c(=N)c(OC2CN(C(=O)Cc3ccc(OC(F)(F)F)cc3)CC2(F)F)c1,4.37,5.033000000000001,15
CCNC(=O)c1ccc(-c2ccc3c(c2)CCN(CCN2CCCC2)C3=O)cc1,4.8,5.233499999999998,15
COc1cccc(-n2cc3nc(CC(C)C)n(CC4CCCN(CC5CCCO5)C4)c(=O)c3n2)c1,5.5,5.08655,15
CCNC(=O)c1ccc(-c2ccc3c(c2)CCN(CCN2CCCC2C)C3=O)cc1,5.13,5.243499999999999,15
CNC(=O)c1c[nH]c(=N)c(OC2CN(C(=O)Cc3ccc(OC(F)(F)F)cc3)CC2(F)F)c1,4.1,5.014900000000002,15
CNC(=O)c1c(-c2ccccc2)oc2ccc(O)c(CN3CCC4(COC4)C3)c12,5.41,4.9334000000000024,15
COc1cccc(-n2cc3nc(C)n(CC4CCCN(CC5CCCO5)C4)c(=O)c3n2)c1,5.54,5.140249999999998,15
COc1cccc(-n2cc3nc(-c4cccnc4C)n(CC4CCCN(CC5CCCO5)C4)c(=O)c3n2)c1,4.36,5.135749999999998,15
CCN1CCOC(C(=O)N2CCN(C(=O)Nc3ccc(Cl)c(Cl)c3)CC2)C1,5.3,5.124700000000001,15
Cc1ncccc1-c1nc2cn(-c3cccc(OC(C)C)c3)nc2c(=O)n1CC1CCCN(CC2CCCO2)C1,5.17,5.2243499999999985,15
CN(C(=O)Cc1ccc(-n2cnnn2)cc1)C1CCN(Cc2ccc(C(F)(F)F)nc2)CC1F,4.82,5.0807,15
O=C(NC1CC1)c1ccc(-c2ccc3c(c2)CCN(CCN2CCCC2)C3=O)cc1,4.96,5.213699999999999,15
O=C(Nc1ccc(Cl)c(Cl)c1)N1CCN(CC2CCCN(Cc3ccccc3)C2)CC1,6.25,5.327999999999999,15
O=C(Nc1ccc(Cl)c(Cl)c1)N1CCN(CC2CCCNC2)CC1,5.8,5.2255,15
O=C(Nc1ccc(Cl)c(Cl)c1)N1CCN(CC2CN(C3CC3)CCO2)CC1,4.8,5.150000000000001,15
O=C(Nc1ccc(Cl)cc1)N1CCN(CC2CCCN(C3CC3)C2)CC1,4.85,5.147299999999999,15
O=C(Nc1ccc(F)c(Cl)c1)N1CCN(CC2CCCN(C3CC3)C2)CC1,4.85,5.0472,15
O=C(Nc1cccc(C(F)(F)F)c1)N1CCN(CC2CCCN(C3CC3)C2)CC1,4.89,5.093600000000001,15
O=C(Nc1cccc(Cl)c1)N1CCN(CC2CCCN(C3CC3)C2)CC1,4.55,5.223700000000003,15
Cc1nc2n(c(=O)c1CCN1CCC(c3noc4cc(F)ccc34)CC1)CCCC2O,5.89,6.076900000000003,15
O=C(c1c(-c2ccc(O)cc2)oc2ccc(O)c(CN3CCC4(COC4)C3)c12)N1CC(F)C1,5.0,4.814400000000002,15
O=C(c1c(-c2ccc(O)cc2)oc2ccc(O)c(CN3CCC4(COC4)C3)c12)N1CCC1,5.16,4.892500000000002,15
O=C(Nc1ccc(Cl)c(Cl)c1)N1CCN(CC2CCCN(CCCc3ccccc3)C2)CC1,6.4,5.888999999999997,15
O=C(c1c(-c2ccc(O)cn2)oc2ccc(O)c(CN3CCCCC3)c12)N1CC(F)C1,5.13,4.949299999999999,15
Cc1nc2n(c(=O)c1CCN1CCC(c3noc4cc(F)ccc34)CC1)CCCC2,6.83,6.1369000000000025,15
O=C(c1ccc(-c2ccc3c(c2)CCN(CCN2CCCC2)C3=O)c(F)c1)N1CCCC1,4.95,5.1348999999999965,15
O=C(c1ccc(-c2ccc3c(c2)CCN(CCN2CCCC2)C3=O)cc1)N1CCCC1,5.06,5.230999999999998,15
O=C(c1ccc(-c2ccc3c(c2)CCN(CCN2CCCC2)C3=O)cc1Cl)N1CCCC1,5.03,5.18,15
O=C(c1ccc(-c2ccc3c(c2)CCN(CCN2CCCC2)C3=O)cc1F)N1CCCC1,5.06,4.985699999999998,15
CN(C(=O)Cc1ccc(-n2cnnn2)cc1)C1CCN(Cc2nc3c(s2)CCCC3)CC1,5.12,5.2469,15
CN(C(=O)Cc1ccc(-n2cnnn2)cc1)C1CCN(Cc2nc3cc(F)ccc3s2)CC1,5.89,5.213000000000003,15
CN(C(=O)Cc1ccc(-n2cnnn2)cc1)C1CCN(Cc2nc3cc(F)ccc3s2)CC1F,5.33,5.1727000000000025,15
CN(C(=O)Cc1ccc(S(C)(=O)=O)c(F)c1)C1CCN(Cc2ccc(C(F)(F)F)cc2)CC1,5.54,5.051100000000001,15
CN(C(=O)Cc1ccc(S(C)(=O)=O)cc1)C1CCN(Cc2ccc(C(F)(F)F)cc2)CC1,5.52,5.1194999999999995,15
O=C(c1c(-c2ccc(O)cn2)oc2ccc(O)c(CN3CCCCC3)c12)N1CCC1,4.88,5.0072,15
CN(C(=O)Cc1ccc(S(C)(=O)=O)cc1)C1CCN(Cc2nc3cc(F)ccc3s2)CC1F,5.16,5.157000000000002,15
O=C(Nc1ccc(Cl)c(Cl)c1)N1CCN(CC2CCCN(CC3CC3)C2)CC1,6.03,5.171900000000003,15
O=C(Nc1ccc(Cl)c(Cl)c1)N1CCN(C(=O)C2CN(C3CC3)CCN2)CC1,4.72,5.221000000000003,15
O=C(NC1CCC1)c1ccc(-c2ccc3c(c2)CCN(CCN2CCCC2)C3=O)cc1,5.6,5.213699999999999,15
O=C(NC1CCCC1)c1ccc(-c2ccc3c(c2)CCN(CCN2CCCC2)C3=O)cc1,5.09,5.213699999999999,15
O=C(NC1CCN(Cc2cc3c(cc2Cl)OCO3)CC1)c1cc(=O)c2ccc(F)cc2o1,7.87,5.1243500000000015,15
O=C(NC1CCN(Cc2ccc3c(c2)OC(F)(F)O3)CC1)c1cc(=O)c2ccc(F)cc2o1,8.25,5.049900000000001,15
O=C(NC1CCN(Cc2ccc3c(c2)OCCO3)CC1)c1cc(=O)c2ccc(F)cc2o1,7.91,5.132600000000001,15
O=C(NC1CCN(Cc2ccc3c(c2)OCO3)CC1)c1cc(=O)c2cc(Cl)c(Cl)cc2o1,8.85,5.261850000000002,15
O=C(NC1CCN(Cc2ccc3c(c2)OCO3)CC1)c1cc(=O)c2cc(F)c(Cl)cc2o1,7.98,5.120750000000002,15
O=C(NC1CCN(Cc2ccc3c(c2)OCO3)CC1)c1cc(=O)c2cc(F)c(F)cc2o1,8.21,5.045,15
O=C(NC1CCN(Cc2ccc3c(c2)OCO3)CC1)c1cc(=O)c2cc(F)ccc2o1,8.4,5.1207,15
O=C(NC1CCN(Cc2ccc3c(c2)OCO3)CC1)c1cc(=O)c2ccc(Br)cc2o1,8.6,5.163900000000002,15
O=C(Nc1ccc(Cl)c(Cl)c1)N1CCN(CC2CCCN(C3CC3)C2)CC1,5.7,5.194100000000002,15
CC1CCCN1CCN1CCc2cc(-c3ccc(C#N)cc3)ccc2C1=O,6.85,5.663100000000001,15
O=C(NC1CCN(Cc2ccc3c(c2)OCO3)CC1)c1cc(=O)c2ccc(OC(F)F)cc2o1,8.44,5.1508,15
O=C(NC1CCN(Cc2ccc3c(c2)OCO3)CC1)c1cc(=O)c2ccccc2o1,8.17,5.174900000000001,15
O=C(NC1CCN(Cc2cccc(F)c2)CC1)c1cc(=O)c2ccc(F)cc2o1,7.67,5.235600000000001,15
O=C(NC1CCN(Cc2ccccc2)CC1)c1cc(=O)c2ccc(F)cc2o1,7.7,5.234899999999998,15
O=C(NCC1CCN(Cc2ccc(Br)nc2)CC1)c1cc(Cl)cc(Cl)c1,6.18,5.306700000000002,15
O=C(NCC1CCN(Cc2cccc(C(F)(F)F)c2)CC1)c1cc(Cl)cc(Cl)c1,6.32,5.330400000000001,15
O=C(Nc1ccc(Br)cc1)N1CCN(CC2CCCN(C3CC3)C2)CC1,5.15,5.0446,15
O=C(Nc1ccc(C(F)(F)F)c(Cl)c1)N1CCN(CC2CCCN(C3CC3)C2)CC1,6.05,5.142100000000002,15
O=C(Nc1ccc(C(F)(F)F)cc1)N1CCN(CC2CCCN(C3CC3)C2)CC1,5.2,5.0741000000000005,15
O=C(Nc1ccc(Cl)c(C(F)(F)F)c1)N1CCN(CC2CCCN(C3CC3)C2)CC1,5.2,5.192800000000002,15
O=C(NC1CCN(Cc2ccc3c(c2)OCO3)CC1)c1cc(=O)c2ccc(O)cc2o1,7.2,5.037900000000002,15
O=C(NC1CCN(Cc2ccc3c(c2)OCO3)CC1)c1cc(=O)c2ccc(Cl)cc2o1,8.44,5.280000000000002,15
