Standardized_SMILES,True Values,Predictions,Sort By
CC1CN(CCc2ccc([N+](=O)[O-])cc2)CCN1CCc1ccc([N+](=O)[O-])cc1,9.12,7.405199999999997,9.12
CC1c2ccc(C#N)c(c2)Oc2cccc(c2)CN2CCC(NCc3cncn31)C2=O,4.890000000000001,5.3917500000000045,4.890000000000001
CC=Cc1cc(C(F)(F)F)cc(COCC2(c3ccc(F)cc3)CCN(C)CC2)n1,4.89,4.733700000000001,4.89
CCC(C)C(C)CN1CCC(CNC(=O)c2cc(Cl)cc(Cl)c2)CC1,6.05,5.509699999999999,6.05
CCC(CC)CN=c1c(C(N)=O)c(C)[nH]c2ccc(-c3cccnc3)cc12,6.17,5.264149999999997,6.17
CCC(CC)CN=c1c(C(N)=O)c[nH]c2c(C)cc(-c3cccnc3)cc12,6.44,5.2015499999999975,6.44
CCC(CC)CN=c1c(C(N)=O)c[nH]c2ccc(-c3ccc(C)nc3)cc12,5.48,5.139199999999997,5.48
CCC(CC)CN=c1c(C(N)=O)c[nH]c2ccc(-c3ccc(CO)nc3)cc12,5.51,5.062749999999999,5.51
CCC(CC)CN=c1c(C(N)=O)c[nH]c2ccc(-c3ccc(COC)cc3)cc12,4.75,5.095850000000001,4.75
CCC(CC)CN=c1c(C(N)=O)c[nH]c2ccc(-c3ccc(COC)nc3)cc12,5.6,5.126399999999998,5.6
CCC(CC)CN=c1c(C(N)=O)c[nH]c2ccc(-c3ccc(CS(C)(=O)=O)cc3)cc12,5.68,5.1179000000000014,5.68
CCC(CC)CN=c1c(C(N)=O)c[nH]c2ccc(-c3ccc(CS(C)(=O)=O)nc3)cc12,5.72,5.147149999999998,5.72
CCC(CC)CN=c1c(C(N)=O)c[nH]c2ccc(-c3cccnc3)cc12,6.17,5.220949999999997,6.17
CCC(CC)CN=c1c(C(N)=O)c[nH]c2ccc(-c3cccnn3)cc12,5.64,5.143549999999999,5.64
CCC(CC)CN=c1c(C(N)=O)c[nH]c2ccc(-c3ccncc3)cc12,6.21,5.118399999999999,6.21
CCC(CC)CN=c1c(C(N)=O)c[nH]c2ccc(-c3ccnnc3)cc12,5.8,5.153699999999998,5.8
CCC(CC)CN=c1c(C(N)=O)c[nH]c2ccc(-c3cncnc3)cc12,6.12,5.1283999999999965,6.12
CCC(CC)CN=c1c(C(N)=O)c[nH]c2ccc(-c3cnn(C)c3)cc12,5.92,4.9494500000000015,5.92
CCC(CC)CN=c1c(C(N)=O)c[nH]c2ccc(C#N)cc12,5.64,5.113750000000002,5.64
CCC(CC)COc1c(C(N)=O)cnc2ccc(-c3cccnc3)cc12,5.68,5.267049999999997,5.68
CCC(CC)N=c1cc(C(F)(F)F)cc(COCC2(c3ccc(F)cc3)CCN(C)CC2)[nH]1,5.15,4.848100000000001,5.15
CCC(NC(=O)C12CC(F)(C1)C2)C1C2CC(n3cnc4cc(F)c(F)cc43)CC21,4.32,5.598499999999999,4.32
CCC(NC(=O)c1ccc(C#N)cc1)C1C2CC(n3cnc4cc(F)c(F)cc43)CC21,5.96,5.917599999999996,5.96
CCC(NC(=O)c1ccc(C#N)cc1)C1C2CC(n3cnc4ccc(C#N)cc43)CC21,5.92,5.892999999999996,5.92
CCC(NC(=O)c1ccc(C#N)cc1)C1C2CC(n3cnc4ccc(Cl)cc43)CC21,6.3,5.928849999999996,6.3
CCC(NC(=O)c1ccc(Cl)c(F)c1)C1C2CC(n3cnc4cc(F)c(F)cc43)CC21,5.6,5.878349999999995,5.6
CCC(NC(=O)c1ccc(Cl)cc1)C1C2CC(n3c(C)nc4ccc(F)cc43)CC21,5.69,5.753349999999998,5.69
CCC(NC(=O)c1ccc(Cl)cc1)C1C2CC(n3cnc4c(F)cc(F)cc43)CC21,5.72,5.864849999999994,5.72
CCC(NC(=O)c1ccc(Cl)cc1)C1C2CC(n3cnc4c(F)cccc43)CC21,6.0,5.845649999999995,6.0
CCC(NC(=O)c1ccc(Cl)cc1)C1C2CC(n3cnc4cc(C#N)ccc43)CC21,6.82,5.878149999999996,6.82
CCC(NC(=O)c1ccc(Cl)cc1)C1C2CC(n3cnc4cc(C#N)cnc43)CC21,6.16,5.797799999999995,6.16
CCC(NC(=O)c1ccc(Cl)cc1)C1C2CC(n3cnc4cc(Cl)c(Cl)cc43)CC21,5.02,5.9108999999999945,5.02
CCC(NC(=O)c1ccc(Cl)cc1)C1C2CC(n3cnc4cc(F)c(F)cc43)CC21,5.46,5.937249999999994,5.46
CCC(NC(=O)c1ccc(Cl)cc1)C1C2CC(n3cnc4cc(F)cc(F)c43)CC21,6.24,5.8834499999999945,6.24
CCC(NC(=O)c1ccc(Cl)cc1)C1C2CC(n3cnc4cc(F)ccc43)CC21,6.75,5.884249999999996,6.75
CCC(NC(=O)c1ccc(Cl)cc1)C1C2CC(n3cnc4cc(F)cnc43)CC21,5.68,5.854649999999996,5.68
CCC(NC(=O)c1ccc(Cl)cc1)C1C2CC(n3cnc4ccc(C#N)cc43)CC21,5.28,5.8986499999999955,5.28
CCC(NC(=O)c1ccc(Cl)cc1)C1C2CC(n3cnc4ccc(Cl)cc43)CC21,5.64,5.896149999999995,5.64
CCC(NC(=O)c1ccc(Cl)cc1)C1C2CC(n3cnc4ccc(F)c(F)c43)CC21,5.27,5.855849999999993,5.27
CCC(NC(=O)c1ccc(Cl)cc1)C1C2CC(n3cnc4ccc(F)cc43)CC21,5.27,5.899849999999995,5.27
CCC(NC(=O)c1ccc(Cl)cc1)C1C2CC(n3cnc4cccc(F)c43)CC21,5.68,5.864249999999994,5.68
CCC(NC(=O)c1ccc(Cl)cc1)C1C2CC(n3cnc4ccccc43)CC21,6.11,5.886249999999995,6.11
CCC(NC(=O)c1ccc(Cl)cc1)C1C2CC(n3cnc4cccnc43)CC21,4.96,5.819599999999995,4.96
CCC(NC(=O)c1ccc(Cl)cc1)C1C2CC(n3cnc4ccncc43)CC21,5.92,5.821699999999995,5.92
CCC(NC(=O)c1ccc(Cl)cc1)C1C2CC(n3cnc4cnccc43)CC21,7.23,5.821699999999995,7.23
CCC(NC(=O)c1ccc(Cl)cc1)C1C2CC(n3cnc4ncc(C#N)cc43)CC21,5.28,5.791399999999995,5.28
CCCCN(Cc1cncn1Cc1ccc(C#N)cc1)C1CCN(Cc2ccccc2)C1=O,6.72,6.520050000000001,6.72
CCCOc1cccc(-n2cc3nc(-c4cccnc4C)n(CC4CCCN(CC5CCCO5)C4)c(=O)c3n2)c1,5.14,5.26055,5.14
CCCOc1ccccc1CC(c1ccccc1)N1CCNCC1,5.23,5.443599999999998,5.23
CCCc1nc2cc3c(cc2o1)CCN(CCCSc1nnc(-c2cccc4nc(C)ccc24)n1C)CC3,6.2,5.381950000000001,6.2
CCCc1nn(C)c2c(=O)[nH]c(-c3cc(S(=O)(=O)N4CCN(C)CC4)ccc3OCC)nc12,5.48,5.220150000000001,5.48
CCN(C(=O)Cc1ccc(S(C)(=O)=O)cc1)C1CCN(Cc2ccc(C(F)(F)F)cc2)CC1,5.6,5.968750000000004,5.6
CCN(C)c1cc(C(F)(F)F)cc(COCC2(c3ccc(F)cc3)CCN(C)CC2)n1,5.21,4.7951999999999995,5.21
CCN(CC)CCN1CCN(c2cccc(Cl)c2)C1=O,5.5,5.695049999999998,5.5
CCN(CC)c1cc(C(F)(F)F)cc(COCC2(c3ccc(F)cc3)CCN(C)CC2)n1,4.85,4.7996,4.85
CCN1CCCC(C(=O)N2CCN(C(=O)Nc3ccc(Cl)c(Cl)c3)CC2)C1,5.3,5.412049999999998,5.3
CCN1CCCC(CN2CCN(C(=O)Nc3ccc(Cl)c(Cl)c3)CC2)C1,5.525,5.564549999999997,5.525
CCN1CCNC(C(=O)N2CCN(C(=O)Nc3ccc(Cl)c(Cl)c3)CC2)C1,5.0,5.204799999999998,5.0
CCN1CCNC(CN2CCN(C(=O)Nc3ccc(Cl)c(Cl)c3)CC2)C1,5.05,5.3364,5.05
CCN1CCOC(C(=O)N2CCN(C(=O)Nc3ccc(Cl)c(Cl)c3)CC2)C1,5.3,5.368249999999998,5.3
CCN1CCOC(CN2CCN(C(=O)Nc3ccc(Cl)c(Cl)c3)CC2)C1,5.1,5.368949999999999,5.1
CCN=c1cc(C(F)(F)F)cc(COCC2(c3ccc(F)cc3)CCN(C)CC2)[nH]1,4.1,4.838500000000002,4.1
CCNC(=O)c1c[nH]c(=N)c(OC2CN(C(=O)Cc3ccc(OC(F)(F)F)cc3)CC2(F)F)c1,4.37,5.321550000000002,4.37
CCNC(=O)c1ccc(-c2ccc3c(c2)CCN(CCN2CCCC2)C3=O)cc1,4.8,5.340899999999996,4.8
CCNC(=O)c1ccc(-c2ccc3c(c2)CCN(CCN2CCCC2C)C3=O)cc1,5.13,5.8215999999999966,5.13
CCOC(=O)C(CC12CCC(NCc3ccc4c(n3)NC(=O)CO4)(CC1)CO2)c1c(F)cnc2ccc(OC)nc12,5.08,5.345249999999997,5.08
CCOC(=O)C(F)(F)CCOc1ccc2ncc(F)c(CCC34CCC(NCc5ccc6c(n5)NC(=O)CO6)(CC3)CO4)c2n1,4.59,5.2157500000000026,4.59
CCOC(=O)CCCOc1ccc2ncc(F)c(CCC34CCC(NCc5ccc6c(n5)NC(=O)CO6)(CC3)CO4)c2n1,6.0,5.4357999999999995,6.0
CCOC(=O)COc1ccc2ncc(F)c(CCC34CCC(NCc5ccc6c(n5)NC(=O)CO6)(CC3)CO4)c2n1,5.07,5.3534999999999995,5.07
CCOC(=O)c1c(OC)cnc2c(CCC34CCC(NCc5ccc6c(n5)NC(=O)CO6)(CC3)CO4)ccnc12,8.1,5.46935,8.1
CCOC(=O)c1ccc(CCN2CCN(CCc3ccc([N+](=O)[O-])cc3)CC2)cc1,7.72,7.397099999999997,7.72
CCOc1cc(C(O)(CCN(C)C)C(c2cc3cc(Br)ccc3nc2OC)c2cccc(OC)c2F)cc(OCC)n1,5.0,5.127900000000002,5.0
CCOc1cc(C(O)(CCN(C)C)C(c2cc3cc(Br)ccc3nc2OC)c2cccc(OC)c2OC)cc(OCC)n1,5.26,5.172150000000001,5.26
CCOc1cc(C(O)(CCN(C)C)C(c2cc3cc(Br)ccc3nc2OC)c2cccc3c2OCCO3)cc(OCC)n1,4.88,5.1415500000000005,4.88
CCOc1cc(C(O)(CCN(C)C)C(c2cc3cc(C#N)ccc3nc2OC)c2cccc3c2OCCO3)cc(OCC)n1,5.35,5.262750000000002,5.35
CCOc1cc(C(O)(CCN(C)C)C(c2ccc(N(CC)CC)nc2)c2cc3cc(Br)ccc3nc2OC)cc(OCC)n1,5.0,5.406950000000002,5.0
CCOc1cc(C)c2ncc(F)c(CCC34CCC(NCc5ccc6c(n5)NC(=O)CO6)(CC3)CO4)c2n1,8.92,5.344650000000001,8.92
CCOc1cc(CCN2CCN(CCc3ccc4c(c3)COC4=O)CC2)ccc1C#N,6.17,5.836649999999997,6.17
CCOc1ccc(-c2cc3c(=NC4CCC(C)(N)C4(C)C)c(C(N)=O)c[nH]n3c2)cn1,4.77,5.145349999999995,4.77
CCOc1ccc2ncc(F)c(CCC34CCC(NCc5ccc6c(n5)NC(=O)CO6)(CC3)CO4)c2n1,6.4,5.351199999999999,6.4
CCOc1cccc(-n2cc3nc(-c4cccnc4C)n(CC4CCCN(CC5CCCO5)C4)c(=O)c3n2)c1,4.85,5.26055,4.85
CCOc1ccccc1CC(c1ccccc1)N1CCNCC1,5.16,5.443599999999998,5.16
CCSc1ncccc1C(=O)N1CCC(NCc2cncn2Cc2ccc(C#N)cc2)C1=O,4.85,6.156450000000002,4.85
CCc1c(CCN2CCN(C(=O)Cc3ccc(-n4cnnn4)cc3)CC2)ccc2c1COC2=O,4.57,5.721349999999998,4.57
CCc1cc(Oc2cc(Cl)ccc2CNC)ccc1Cl,5.94,5.624150000000001,5.94
CCc1cc(Oc2ccc(F)cc2CNC)ccc1Cl,5.34,5.521550000000003,5.34
CCc1ccc2c(=O)cc(C(=O)NC3CCN(Cc4ccc5c(c4)OCO5)CC3)oc2c1,8.13,6.177050000000003,8.13
CCc1nc(C2(c3cnn(C)c3)NC(c3nc(-c4ccc(F)cn4)c[nH]3)Cc3c2[nH]c2ccccc32)no1,5.02,4.794300000000005,5.02
CCc1nc2c3c(ccc2o1)CCN(CCCSc1nnc(-c2cccc4nc(C)ccc24)n1C)CC3,5.2,5.33445,5.2
CCc1nc2c3c(ccc2o1)CCN(CCCSc1nnc(-c2ocnc2C)n1C)CC3,5.3,5.4052,5.3
CCc1nc2cc3c(c(Br)c2o1)CCN(C(C)CCSc1nnc(-c2cccc4nc(C)ccc24)n1C)CC3,5.5,5.14365,5.5
CCc1nc2cc3c(c(Br)c2o1)CCN(CCCCSc1nnc(-c2cccc4nc(C)ccc24)n1C)CC3,5.8,5.34275,5.8
CCc1nc2cc3c(c(Br)c2o1)CCN(CCCSc1nnc(-c2cccc4nc(C)ccc24)n1C)CC3,5.9,5.34275,5.9
CCc1nc2cc3c(c(Br)c2o1)CCN(CCSc1nnc(-c2cccc4nc(C)ccc24)n1C)CC3,5.6,5.27685,5.6
CCc1nc2cc3c(c(C)c2o1)CCN(C(C)CCSc1nnc(-c2cccc4nc(C)ccc24)n1C)CC3,5.4,5.145550000000001,5.4
CCc1nc2cc3c(c(C)c2o1)CCN(CCCCSc1nnc(-c2cccc4nc(C)ccc24)n1C)CC3,5.8,5.348949999999999,5.8
CCc1nc2cc3c(c(C)c2o1)CCN(CCCSc1nnc(-c2cccc4nc(C)ccc24)n1C)CC3,6.3,5.348949999999999,6.3
CCc1nc2cc3c(c(C)c2o1)CCN(CCSc1nnc(-c2cccc4nc(C)ccc24)n1C)CC3,5.6,5.283049999999999,5.6
CCc1nc2cc3c(cc2o1)CCN(CCCSc1nnc(-c2ccc(C(F)(F)F)cc2)n1C)CC3,6.6,5.608899999999998,6.6
CCc1nc2cc3c(cc2o1)CCN(CCCSc1nnc(-c2ccc(F)c(F)c2)n1C)CC3,5.9,5.396699999999999,5.9
CCc1nc2cc3c(cc2o1)CCN(CCCSc1nnc(-c2cccc4nc(C)ccc24)n1C)CC3,5.3,5.348949999999999,5.3
CCc1nc2cc3c(cc2o1)CCN(CCCSc1nnc(-c2cccnc2)n1C)CC3,4.8,5.433399999999998,4.8
CCc1nc2cc3c(cc2o1)CCN(CCCSc1nnc(-c2ocnc2C)n1C)CC3,5.2,5.4203,5.2
CCc1nc2cc3c(cc2s1)CCN(CCCSc1nnc(-c2cccc4nc(C)ccc24)n1C)CC3,6.6,5.38215,6.6
CCc1nc2cc3c(cc2s1)CCN(CCCSc1nnc(-c2ocnc2C)n1C)CC3,5.9,5.4524,5.9
CCc1nc2ccc3c(c2s1)CCN(CCCSc1nnc(-c2cccc4nc(C)ccc24)n1C)CC3,6.8,5.367650000000001,6.8
CCc1nc2ccc3c(c2s1)CCN(CCCSc1nnc(-c2ocnc2C)n1C)CC3,5.5,5.439400000000001,5.5
CCc1nn(C)c2cc3c(cc12)CCN(CCCSc1nnc(-c2cccc4nc(C)ccc24)n1C)CC3,6.0,5.36855,6.0
CCc1nnc(C2(c3cnn(C)c3)NC(c3nc(-c4ccc(F)cn4)c[nH]3)Cc3c2[nH]c2ccccc32)o1,5.37,4.787000000000005,5.37
CCc1noc2cc3c(cc12)CCN(CCCSc1nnc(-c2cccc4nc(C)ccc24)n1C)CC3,6.0,5.381950000000001,6.0
CCn1cc(C2(c3n[nH]c(=NC)o3)NC(c3nc(-c4ccc(F)cn4)c[nH]3)Cc3c2[nH]c2ccccc32)cn1,5.96,4.722650000000004,5.96
CCn1cc(C2(c3n[nH]c(=O)o3)NC(c3nc(-c4ccc(F)cn4)c[nH]3)Cc3c2[nH]c2ccccc32)cn1,4.65,4.8056000000000045,4.65
CCn1cc(C2(c3n[nH]c(=S)o3)NC(c3nc(-c4ccc(F)cn4)c[nH]3)Cc3c2[nH]c2ccccc32)cn1,4.98,4.7854000000000045,4.98
CCn1cc(C2(c3nn(C(C)C)c(=O)o3)NC(c3nc(-c4ccc(F)cn4)c[nH]3)Cc3c2[nH]c2ccccc32)cn1,5.11,4.832400000000006,5.11
CCn1cc(C2(c3nn(C)c(=O)o3)NC(c3nc(-c4ccc(F)cn4)c[nH]3)Cc3c2[nH]c2ccccc32)cn1,4.49,4.786800000000006,4.49
CCn1cc(C2(c3nn(CC(=O)O)c(=O)o3)NC(c3nc(-c4ccc(F)cn4)c[nH]3)Cc3c2[nH]c2ccccc32)cn1,4.52,4.731850000000006,4.52
CCn1cc(C2(c3nn(CC(N)=O)c(=O)o3)NC(c3nc(-c4ccc(F)cn4)c[nH]3)Cc3c2[nH]c2ccccc32)cn1,4.46,4.793150000000004,4.46
CCn1cc(C2(c3nn(CC)c(=O)o3)NC(c3nc(-c4ccc(F)cn4)c[nH]3)Cc3c2[nH]c2ccccc32)cn1,5.11,4.7740000000000045,5.11
CCn1cc(C2(c3nn(CC4CC4)c(=O)o3)NC(c3nc(-c4ccc(F)cn4)c[nH]3)Cc3c2[nH]c2ccccc32)cn1,5.26,4.835550000000005,5.26
CCn1cc(C2(c3nn(CCN(C)C)c(=O)o3)NC(c3nc(-c4ccc(F)cn4)c[nH]3)Cc3c2[nH]c2ccccc32)cn1,5.47,5.182600000000004,5.47
CCn1cc(C2(c3nnc(C)o3)NC(c3nc(-c4ccc(F)cn4)c[nH]3)Cc3c2[nH]c2ccccc32)cn1,5.07,4.795650000000004,5.07
CCn1cc(C2(c3nnc(N(C)C)o3)NC(c3nc(-c4ccc(F)cn4)c[nH]3)Cc3c2[nH]c2ccccc32)cn1,5.26,4.795600000000005,5.26
CCn1cc(C2(c3nnc(SC)o3)NC(c3nc(-c4ccc(F)cn4)c[nH]3)Cc3c2[nH]c2ccccc32)cn1,5.8,4.7854000000000045,5.8
CCn1cc(C2(c3noc(C)n3)NC(c3nc(-c4ccc(F)cn4)c[nH]3)Cc3c2[nH]c2ccccc32)cn1,5.14,4.802950000000004,5.14
CCn1nc(C2(c3cnn(C)c3)NC(c3nc(-c4ccc(F)cn4)c[nH]3)Cc3c2[nH]c2ccccc32)oc1=O,4.29,4.774800000000006,4.29
CN(C(=O)Cc1ccc(-n2cnnn2)cc1)C1CCN(Cc2ccc(C(F)(F)F)c(F)c2)CC1,5.55,5.22325,5.55
CN(C(=O)Cc1ccc(-n2cnnn2)cc1)C1CCN(Cc2ccc(C(F)(F)F)cc2)CC1,5.92,5.5266000000000055,5.92
CN(C(=O)Cc1ccc(-n2cnnn2)cc1)C1CCN(Cc2ccc(C(F)(F)F)cc2)CC1F,5.57,5.411350000000003,5.57
CN(C(=O)Cc1ccc(-n2cnnn2)cc1)C1CCN(Cc2ccc(C(F)(F)F)cn2)CC1,5.38,5.366850000000004,5.38
CN(C(=O)Cc1ccc(-n2cnnn2)cc1)C1CCN(Cc2ccc(C(F)(F)F)cn2)CC1F,5.0,5.243300000000004,5.0
CN(C(=O)Cc1ccc(-n2cnnn2)cc1)C1CCN(Cc2ccc(C(F)(F)F)nc2)CC1,4.89,5.432300000000003,4.89
CN(C(=O)Cc1ccc(-n2cnnn2)cc1)C1CCN(Cc2ccc(C(F)(F)F)nc2)CC1F,4.82,5.3163000000000045,4.82
CN(C(=O)Cc1ccc(-n2cnnn2)cc1)C1CCN(Cc2nc3c(s2)CCCC3)CC1,5.12,5.390600000000002,5.12
CN(C(=O)Cc1ccc(-n2cnnn2)cc1)C1CCN(Cc2nc3cc(F)ccc3s2)CC1,5.89,5.393250000000002,5.89
CN(C(=O)Cc1ccc(-n2cnnn2)cc1)C1CCN(Cc2nc3cc(F)ccc3s2)CC1F,5.33,5.296350000000002,5.33
CN(C(=O)Cc1ccc(S(C)(=O)=O)c(F)c1)C1CCN(Cc2ccc(C(F)(F)F)cc2)CC1,5.54,5.5844500000000075,5.54
CN(C(=O)Cc1ccc(S(C)(=O)=O)cc1)C1CCN(Cc2ccc(C(F)(F)F)cc2)CC1,5.52,5.598750000000009,5.52
CN(C(=O)Cc1ccc(S(C)(=O)=O)cc1)C1CCN(Cc2ccc(C(F)(F)F)cc2)CC1F,5.38,5.441750000000004,5.38
CN(C(=O)Cc1ccc(S(C)(=O)=O)cc1)C1CCN(Cc2nc3cc(F)ccc3s2)CC1F,5.16,5.319900000000002,5.16
CN(C(=O)Cc1ccc(S(C)(=O)=O)cc1)C1CCN(Cc2nc3ccccc3s2)CC1F,4.8,5.319550000000003,4.8
CN(C(=O)Cc1ccc(S(C)(=O)=O)cc1F)C1CCN(Cc2ccc(C(F)(F)F)cc2)CC1,5.58,5.603750000000007,5.58
CN(C(=O)Cc1ccccc1)C1CCN(Cc2ccc(C(F)(F)F)cc2)CC1,5.8,5.672000000000005,5.8
CN(C)C(=O)c1c(-c2ccc(O)cc2)oc2ccc(O)c(CN3CCC4(COC4)C3)c12,4.97,5.311299999999997,4.97
CN(C)C(=O)c1ccc(-c2ccc3c(c2)CCN(CCN2CCCC2)C3=O)c(F)c1,4.49,5.144800000000001,4.49
CN(C)C(=O)c1ccc(-c2ccc3c(c2)CCN(CCN2CCCC2)C3=O)cc1,4.96,5.027500000000001,4.96
CN(C)Cc1ccc(C(F)(F)F)cc1Oc1ccc(Cl)c(Cl)c1,5.95,5.573450000000003,5.95
CN(C)Cc1ccccc1Oc1ccc(Cl)c(Cl)c1,5.67,5.591400000000002,5.67
CN(C)c1cc(C(F)(F)F)cc(COCC2(c3ccc(F)cc3)CCNCC2)n1,5.08,4.970599999999998,5.08
CN(C)c1ccc2ncc(F)c(CCC34CCC(NCc5ccc6c(n5)NC(=O)CO6)(CC3)CO4)c2n1,8.08,5.3919,8.08
CN(C)c1cnc2c(CCC34CCC(NCc5ccc6c(n5)NC(=O)CO6)(CC3)CO4)c(F)cnc2c1,7.74,5.492099999999999,7.74
CN(C)c1nc2c(CCC34CCC(NCc5ccc6c(n5)NC(=O)CO6)(CC3)CO4)ccnc2cc1C(F)(F)F,8.64,5.2239999999999975,8.64
CN(C)c1nc2c(CCC34CCC(NCc5ccc6c(n5)NC(=O)CO6)(CC3)CO4)ccnc2cc1F,8.92,5.33535,8.92
CN(CCN1CCN(C2COOC2)C1=O)CC12CCC(CC1)C2(C)C,5.2,5.4557,5.2
CN(CCN1CCN(c2ccc(F)cc2)C1=O)CC12CCC(CC1)C2(C)C,5.5,5.508649999999999,5.5
CN(CCN1CCN(c2ccc3c(c2)OCO3)C1=O)CC12CCC(CC1)C2(C)C,5.2,5.588349999999999,5.2
CN(CCN1CCN(c2cccc(C(F)(F)F)c2)C1=O)CC12CCC(CC1)C2(C)C,5.2,5.418949999999999,5.2
CN(CCN1CCN(c2cccc(Cl)c2)C1=O)CC12CCC(CC1)C2(C)C,5.5,5.755899999999994,5.5
CN(CCN1CCN(c2cccc(Cl)c2)C1=O)Cc1cc2ccccc2s1,5.8,5.653899999999997,5.8
CN(CCN1CCN(c2ccccc2)C1=O)CC12CCC(CC1)C2(C)C,5.4,5.8276499999999976,5.4
CN(Cc1ccc(OC2CN(C(=O)c3nnc(-c4ccccc4)o3)C2)cc1)CC1(C)COC1,4.85,5.7269,4.85
CN1C(C(N)=O)CCC1c1ccc(OCc2ccccc2F)cc1,4.3,5.3195500000000004,4.3
CN1CC(Cc2ccc(Cl)cc2)N(C2CCN(c3nc(=N)[nH][nH]3)CC2)Cc2cc(Cl)ccc21,6.1,5.234900000000001,6.1
CN1CC(Cc2ccc(Cl)cc2)N(C2CCN(c3nc(=N)[nH][nH]3)CC2)Cc2ccccc21,5.5,5.174500000000002,5.5
CN1CCC(COCc2cc(C#N)cc(C3CC3)n2)(c2ccc(F)cc2)CC1,4.77,5.195400000000002,4.77
CN1CCC(COCc2cc(C(F)(F)F)cc(C#N)n2)(c2ccccc2)CC1,4.48,5.01465,4.48
CN1CCC(COCc2cc(C(F)(F)F)cc(C3(F)CC3)n2)(c2ccc(F)cc2)CC1,5.37,4.7981,5.37
CN1CCC(COCc2cc(C(F)(F)F)cc(C3(F)CC3)n2)(c2ccccc2)CC1,4.92,5.011449999999999,4.92
CN1CCC(COCc2cc(C(F)(F)F)cc(C3CC3(C)C)n2)(c2ccc(F)cc2)CC1,5.05,4.7222000000000035,5.05
CN1CCC(COCc2cc(C(F)(F)F)cc(C3CC3)n2)(c2ccc(Cl)cc2)CC1,5.51,5.238450000000003,5.51
CN1CCC(COCc2cc(C(F)(F)F)cc(C3CC3)n2)(c2ccc(F)cc2)CC1,4.89,5.047900000000002,4.89
CN1CCC(COCc2cc(C(F)(F)F)cc(C3CC3)n2)(c2cccc(Cl)c2)CC1,5.04,5.3331500000000025,5.04
CN1CCC(COCc2cc(C(F)(F)F)cc(C3CC3)n2)(c2cccc(F)c2)CC1,5.05,5.091750000000002,5.05
CN1CCC(COCc2cc(C(F)(F)F)cc(C3CC3)n2)(c2ccccc2)CC1,5.05,5.230150000000002,5.05
CN1CCC(COCc2cc(C(F)(F)F)cc(C3CCCC3)n2)(c2ccc(F)cc2)CC1,4.92,5.454900000000002,4.92
CN1CCC(COCc2cc(C(F)(F)F)cc(Cl)n2)(c2ccc(Cl)cc2)CC1,4.64,5.1427,4.64
CN1CCC(COCc2cc(C(F)(F)F)cc(Cl)n2)(c2ccc(F)cc2)CC1,5.22,4.9612,5.22
CN1CCC(COCc2cc(C(F)(F)F)cc(Cl)n2)(c2ccccc2)CC1,4.6,5.161149999999999,4.6
CN1CCC(COCc2cc(C(F)(F)F)cc(Cl)n2)(c2ccccc2F)CC1,4.37,5.074449999999999,4.37
CN1CCC(COCc2cc(C(F)(F)F)cc(N3CC=CC3)n2)(c2ccc(F)cc2)CC1,5.06,4.836600000000001,5.06
CN1CCC(COCc2cc(C(F)(F)F)cc(N3CCC(C#N)C3)n2)(c2ccc(F)cc2)CC1,5.08,4.7447000000000035,5.08
CN1CCC(COCc2cc(C(F)(F)F)cc(N3CCC(C#N)CC3)n2)(c2ccc(F)cc2)CC1,5.11,4.799400000000003,5.11
CN1CCC(COCc2cc(C(F)(F)F)cc(N3CCC4CC43)n2)(c2ccc(F)cc2)CC1,4.92,4.806600000000005,4.92
CN1CCC(COCc2cc(C(F)(F)F)cc(N3CCCC3)n2)(c2ccccc2)CC1,5.13,5.02895,5.13
CN1CCC(COCc2cc(C(F)(F)F)ccn2)(c2ccc(F)cc2)CC1,4.54,4.803749999999999,4.54
CN1CCC(COCc2cc(C3CC3)cc(C3CC3)n2)(c2ccc(F)cc2)CC1,4.77,5.196200000000001,4.77
CN1CCC(COCc2cc(Cl)cc(C(F)(F)F)n2)(c2ccccc2)CC1,4.92,5.207549999999998,4.92
CN1CCC(COCc2cncc(Br)c2)(c2ccccc2)CC1,4.89,5.058849999999997,4.89
CN1CCCC(CN2CCN(C(=O)Nc3ccc(Cl)c(Cl)c3)CC2)C1,5.8,5.556449999999996,5.8
CN1CCCCC1CCN1c2ccccc2Sc2ccc([S+](C)[O-])cc21,6.5,5.6471,6.5
CN1CCN(C)C(C(=O)N2CCN(C(=O)Nc3ccc(Cl)c(Cl)c3)CC2)C1,4.89,5.1959,4.89
CN1CCN(C2=Nc3cc(Cl)ccc3Nc3ccccc32)CC1,6.5,5.421900000000001,6.5
CN1CCN(CCN2CCN(c3cccc(Cl)c3)C2=O)CC1,5.4,5.5718999999999985,5.4
CN1CCN(c2cc(C(F)(F)F)cc(COCC3(c4ccccc4)CCNCC3)n2)CC1,4.8,4.9406,4.8
CN1CCNC(C(=O)N2CCN(C(=O)Nc3ccc(Cl)c(Cl)c3)CC2)C1,4.7,5.019599999999999,4.7
CN1CCc2cncn2Cc2ccc(C#N)c(c2)Oc2ccc3cccc(c3c2)N2CCC1C2=O,6.029999999999999,5.105499999999999,6.029999999999999
CN1Cc2cncn2Cc2ccc(C#N)c(c2)Oc2ccc3c(c2)C(CC3)N2CCC1C2=O,5.58,5.412949999999999,5.58
CN1Cc2cncn2Cc2ccc(C#N)c(c2)Oc2ccc3cccc(c3c2)N2CCC1C2=O,5.36,5.110049999999999,5.36
CNC(=O)C1CCC(c2ccc(OCc3ccccc3F)cc2)N1,4.6,5.368899999999999,4.6
CNC(=O)CN(CCc1ccc(Cl)cc1)C1CCN(c2nc(=N)[nH][nH]2)CC1,5.58,5.285800000000004,5.58
CNC(=O)NCCN(CCc1ccc(Cl)cc1)C1CCN(c2nc(=N)[nH][nH]2)CC1,5.75,5.376850000000004,5.75
CNC(=O)c1c(-c2ccc(O)c(C)c2)oc2ccc(O)c(CN3CCC4(COC4)C3)c12,4.78,5.49675,4.78
CNC(=O)c1c(-c2ccc(O)c(F)c2)oc2ccc(O)c(CN3CCC4(COC4)C3)c12,5.57,5.290149999999999,5.57
CNC(=O)c1c(-c2ccc(O)cc2)oc2ccc(O)c(CN3CC4(CCO4)C3)c12,4.67,5.370500000000002,4.67
CNC(=O)c1c(-c2ccc(O)cc2)oc2ccc(O)c(CN3CC4(CCOC4)C3)c12,4.63,5.39395,4.63
CNC(=O)c1c(-c2ccc(O)cc2)oc2ccc(O)c(CN3CCC(F)CC3)c12,5.16,5.212050000000001,5.16
CNC(=O)c1c(-c2ccc(O)cc2)oc2ccc(O)c(CN3CCC4(CCO4)C3)c12,4.71,5.386400000000002,4.71
CNC(=O)c1c(-c2ccc(O)cc2)oc2ccc(O)c(CN3CCCC3)c12,4.82,5.13725,4.82
CNC(=O)c1c(-c2ccc(O)cc2)oc2ccc(O)c(CN3CCCCC3)c12,5.16,5.214250000000001,5.16
CNC(=O)c1c(-c2ccc(O)cc2C)oc2ccc(O)c(CN3CCC4(COC4)C3)c12,4.52,5.442550000000001,4.52
CNC(=O)c1c(-c2ccc(OC)cc2)oc2ccc(O)c(CN3CCC4(COC4)C3)c12,5.75,5.455799999999997,5.75
CNC(=O)c1c(-c2ccc3[nH]ccc3c2)oc2ccc(O)c(CN3CCC4(COC4)C3)c12,5.04,5.395499999999998,5.04
CNC(=O)c1c(-c2ccccc2)oc2ccc(O)c(CN3CCC4(COC4)C3)c12,5.41,5.562999999999997,5.41
CNC(=O)c1c[nH]c(=N)c(OC2CN(C(=O)Cc3ccc(OC(F)(F)F)cc3)CC2(F)F)c1,4.1,4.658400000000001,4.1
CNC(=O)c1ccc(-c2ccc(N3C(=O)N(c4cc(OC)ncn4)C4(CCN(Cc5ncccc5C)CC4)C3=O)cc2)cc1,5.07,5.394399999999998,5.07
CNC(=O)c1ccc(-c2ccc3c(c2)CCN(CCN2CCCC2)C3=O)c(F)c1,5.43,5.1762,5.43
CNC(=O)c1ccc(-c2ccc3c(c2)CCN(CCN2CCCC2)C3=O)cc1,4.54,5.0292,4.54
CNC(=O)c1ccc(-c2ccc3c(c2)CCN(CCN2CCCC2C)C3=O)cc1,4.77,5.438249999999997,4.77
CNC(=O)c1ccc(CC(=O)N(C)C2CCN(Cc3ccc(C(F)(F)F)cc3)CC2)cc1,5.68,5.633550000000006,5.68
CNC(C)c1cc(C(F)(F)F)ccc1Oc1ccc(Cl)c(Cl)c1,5.52,5.567349999999999,5.52
CNC(C)c1cc(C)ccc1Oc1ccc(Cl)c(Cl)c1,5.57,5.599199999999997,5.57
CNC(C)c1cc(F)ccc1Oc1ccc(Cl)c(Cl)c1,5.17,5.498599999999997,5.17
CNC(C)c1cc(F)ccc1Oc1ccc(Cl)cc1,5.28,5.498549999999995,5.28
CNC(C)c1ccc(Cl)cc1Oc1ccc(C)c(C)c1,5.61,5.757949999999998,5.61
CNC(C)c1ccc(Cl)cc1Oc1ccc(C)cc1,5.43,5.685999999999998,5.43
CNC(C)c1ccc(OC)cc1Oc1ccc(Cl)c(Cl)c1,6.11,5.576399999999998,6.11
CNC(C)c1ccccc1Oc1ccc(Cl)c(Cl)c1,5.42,5.655749999999999,5.42
CNCC(=O)N1CCN(c2ccc(N=c3nc(-c4cnc5ccccn45)c(Cl)c[nH]3)c(OC)c2)CC1,5.02,5.1911999999999985,5.02
CNCCCN1c2ccccc2CCc2ccccc21,5.86,6.002500000000001,5.86
CNCc1cc(Br)ccc1Oc1ccc(Cl)c(Cl)c1,5.79,5.523499999999999,5.79
CNCc1cc(C#N)ccc1Oc1ccc(Cl)c(Cl)c1,5.34,5.593849999999999,5.34
CNCc1cc(C(F)(F)F)ccc1Oc1ccc(C)cc1,4.98,5.5113,4.98
CNCc1cc(C(F)(F)F)ccc1Oc1ccc(Cl)c(Cl)c1,5.88,5.507450000000001,5.88
CNCc1cc(C(N)=O)ccc1Oc1ccc(Cl)c(Cl)c1,5.26,6.002349999999996,5.26
CNCc1cc(C)c(C)cc1Oc1ccc(Cl)c(Cl)c1,5.83,5.670599999999999,5.83
CNCc1cc(Cl)ccc1Oc1ccc(C)c(C)c1,5.28,5.735500000000002,5.28
CNCc1cc(Cl)ccc1Oc1ccc(Cl)c(Cl)c1,5.51,5.664600000000003,5.51
CNCc1cc(Cl)ccc1Oc1ccc(Cl)cc1,5.32,5.630600000000002,5.32
CNCc1cc(F)c(Cl)cc1Oc1ccc(Cl)c(Cl)c1,5.49,5.552700000000002,5.49
CNCc1cc(F)c(OC)cc1Oc1ccc(Cl)c(Cl)c1,5.67,5.531400000000002,5.67
CNCc1cc(F)ccc1Oc1ccc(C)c(C)c1,4.7,5.510799999999998,4.7
CNCc1cc(F)ccc1Oc1ccc(Cl)c(Cl)c1,5.25,5.446649999999998,5.25
CNCc1cc(F)ccc1Oc1ccc(Cl)c(F)c1,5.33,5.425949999999998,5.33
CNCc1cc(F)ccc1Oc1ccc(Cl)cc1,5.13,5.449149999999998,5.13
CNCc1cc(F)ccc1Oc1ccc(F)c(Cl)c1,5.08,5.442849999999997,5.08
CNCc1cc(OC)c(OC)cc1Oc1ccc(Cl)c(Cl)c1,5.0,5.571500000000001,5.0
CNCc1cc(S(=O)(=O)NC)ccc1Oc1ccc(Cl)c(Cl)c1,5.32,5.56585,5.32
CNCc1ccc(Br)cc1Oc1ccc(Cl)c(Cl)c1,6.01,5.57465,6.01
CNCc1ccc(C#N)cc1Oc1ccc(Cl)c(Cl)c1,5.88,5.6415,5.88
CNCc1ccc(C(F)(F)F)cc1Oc1ccc(Cl)c(Cl)c1,5.92,5.529550000000001,5.92
CNCc1ccc(C(F)(F)F)cc1Oc1ccc(Cl)cc1,5.29,5.548700000000002,5.29
CNCc1ccc(Cl)cc1Oc1ccc(C)c(C)c1,5.76,5.795550000000003,5.76
CNCc1ccc(Cl)cc1Oc1ccc(C)c(Cl)c1,5.97,5.808350000000002,5.97
CNCc1ccc(Cl)cc1Oc1ccc(C)cc1,5.79,5.590700000000002,5.79
CNCc1ccc(Cl)cc1Oc1ccc(Cl)c(C)c1,5.75,5.844800000000004,5.75
CNCc1ccc(Cl)cc1Oc1ccc(Cl)c(Cl)c1,5.91,5.918100000000004,5.91
CNCc1ccc(Cl)cc1Oc1ccc(Cl)c(F)c1,5.91,5.759350000000004,5.91
CNCc1ccc(Cl)cc1Oc1ccc(Cl)cc1,6.19,5.5897000000000014,6.19
CNCc1ccc(Cl)cc1Oc1ccc(F)c(C(F)(F)F)c1,6.06,5.673950000000004,6.06
CNCc1ccc(Cl)cc1Oc1ccc(F)c(C)c1,5.52,5.665650000000002,5.52
CNCc1ccc(Cl)cc1Oc1ccc(F)c(Cl)c1,5.68,5.749250000000004,5.68
CNCc1ccc(Cl)cc1Oc1cccc(Cl)c1,5.68,5.7688000000000015,5.68
CNCc1ccc(F)cc1Oc1ccc(Cl)c(Cl)c1,5.52,5.841600000000001,5.52
CNCc1ccc(OC)cc1Oc1ccc(Cl)c(Cl)c1,6.16,5.868700000000001,6.16
CNCc1ccccc1Oc1ccc(Cl)c(Cl)c1,5.41,5.670800000000002,5.41
CNS(=O)(=O)CCN(CCc1ccc(Cl)cc1)C1CCN(c2nc(=N)[nH][nH]2)CC1,4.8,5.419700000000001,4.8
CNc1cc(CCN2CCN(CCc3ccc4c(c3)COC4=O)CC2)ccc1C#N,6.17,6.038199999999997,6.17
COC(=O)C1(COc2ccc3ncc(F)c(CCC45CCC(NCc6ccc7c(n6)NC(=O)CO7)(CC4)CO5)c3n2)CC1,5.8,5.432199999999999,5.8
COC(=O)C1CC1COc1ccc2ncc(F)c(CCC34CCC(NCc5ccc6c(n5)NC(=O)CO6)(CC3)CO4)c2n1,6.26,5.4362,6.26
COC(=O)CCCCOc1ccc2ncc(F)c(CCC34CCC(NCc5ccc6c(n5)NC(=O)CO6)(CC3)CO4)c2n1,6.4,5.664499999999999,6.4
COC(=O)c1ccc2ncc(F)c(CCC34CCC(NCc5ccc6c(n5)NC(=O)CO6)(CC3)CO4)c2n1,8.06,6.052600000000002,8.06
COC(C)(C)CN(CCc1ccc(Cl)cc1)C1CCN(c2nc(=N)[nH][nH]2)CC1,5.46,5.323200000000002,5.46
COC(C)CN(CCc1ccc(Cl)cc1)C1CCN(c2nc(=N)[nH][nH]2)CC1,4.970000000000001,5.243150000000001,4.970000000000001
COC1=NC(c2c[nH]c(-c3cc4c([nH]c5ccccc54)c(C4CCOCC4)n3)n2)CCC1,5.99,5.407899999999999,5.99
COC1CC(Cc2ccc(Cl)cc2)N(C2CCN(c3nc(=N)[nH][nH]3)CC2)C1,4.76,5.541900000000002,4.76
COC1CN(C2CCN(c3nc(=N)[nH][nH]3)CC2)C1Cc1ccc(Cl)cc1,6.47,5.445150000000002,6.47
COC1CN(Cc2ccc(C(F)(F)F)cc2)CCC1N(C)C(=O)Cc1ccc(-n2cnnn2)cc1,5.8100000000000005,5.512099999999999,5.8100000000000005
COCC(=O)OC1(CCN(C)CCCc2nc3ccccc3[nH]2)CCc2cc(F)ccc2C1C(C)C,6.09,5.665299999999999,6.09
COCC1C2CCC1CN(CCN1CCN(c3cccc(Cl)c3)C1=O)C2,6.0,5.5239,6.0
COCC1CCCN1N1CCN(c2cccc(Cl)c2)C1=O,5.3,5.643449999999999,5.3
COCCN(CCc1ccc(Cl)cc1)C1CCN(c2nc(=N)[nH][nH]2)CC1,5.55,5.344800000000001,5.55
COCCN1CCCC(Cn2c(-c3ccccc3C)nc3cc(-c4ccc(Cl)cc4)sc3c2=O)C1,5.68,5.494849999999999,5.68
COCCN1CCCC(Cn2c(-c3ccccc3C)nc3cn(-c4ccc(Cl)cc4)nc3c2=O)C1,5.6,5.394499999999998,5.6
COCCN1CCCC(Cn2c(-c3ccccc3C)nc3nc(-c4ccc(Cl)cc4)sc3c2=O)C1,5.43,5.478199999999999,5.43
COCCN1CCCC(Cn2c(-c3cccnc3C)nc3cn(-c4ccc(C#N)cc4)nc3c2=O)C1,4.68,5.3350500000000025,4.68
COCCN1CCCC(Cn2c(-c3cccnc3C)nc3cn(-c4cccc(OC)c4)nc3c2=O)C1,4.37,5.151199999999999,4.37
COCCOc1ccc2ncc(F)c(CCC34CCC(NCc5ccc6c(n5)NC(=O)CO6)(CC3)CO4)c2n1,4.76,5.498799999999999,4.76
COCc1ccc(-c2cc3c(=NC(C)C4CCOCC4)c(C(N)=O)c[nH]c3cc2F)cn1,5.05,5.151900000000001,5.05
COCc1ccc(-c2cc3c(=NC(C)c4ccn(C)n4)c(C(N)=O)c[nH]c3cc2F)c(F)n1,4.62,5.142000000000003,4.62
COCc1ccc(-c2cc3c(=NC(C)c4ccn(C)n4)c(C(N)=O)c[nH]c3cc2F)cn1,4.66,5.1402500000000035,4.66
COCc1ccc(-c2cc3c(=NC(C)c4nn(C)cc4C)c(C(N)=O)c[nH]c3cc2F)cn1,4.77,5.150800000000004,4.77
COCc1ccc(-c2ccc3[nH]cc(C(N)=O)c(=NC(C)C4CCOCC4)c3c2)cn1,5.35,5.230600000000001,5.35
COCc1ccc(-c2ccc3[nH]cc(C(N)=O)c(=NC(C)c4ccn(C)n4)c3c2)c(F)n1,4.85,5.164900000000002,4.85
COCc1nc(-c2ccc(N3C(=O)N(c4cc(=O)[nH]cn4)C4(CCN(Cc5ncccc5C)CC4)C3=O)cc2)no1,5.11,4.97595,5.11
CON=C(Cc1c(F)cnc2ccc(OC)nc12)C12CCC(NCc3ccc4c(n3)NC(=O)CO4)(CC1)CO2,5.6,5.332649999999998,5.6
COc1c(CCN2CCN(C(=O)Cc3ccc(-n4cnnn4)cc3)CC2)ccc2c1COC2=O,4.4,5.23565,4.4
COc1c(F)cccc1CC(c1ccccc1)N1CCNCC1,4.68,5.197599999999999,4.68
COc1cc(-c2cn(C3C(=O)NC4CCC3C4)nn2)ccc1-n1cnc(C)c1,5.27,5.492000000000001,5.27
COc1cc(-c2cn(C3CC(C(C)(C)C)CCN(CC(C)(C)C)C3=O)nn2)ccc1-n1cnc(C)c1,5.68,5.69505,5.68
COc1cc(-c2cn(C3CC(C(C)(C)C)CCN(CC(F)(F)F)C3=O)nn2)ccc1-n1cnc(C)c1,5.27,5.675350000000001,5.27
COc1cc(-c2cn(C3CC(C(C)(C)C)CCN(CC45CC6CC(CC(C6)C4)C5)C3=O)nn2)ccc1-n1cnc(C)c1,6.06,5.224350000000002,6.06
COc1cc(-c2cn(C3CC(C(F)(F)F)CCN(CC(F)(F)F)C3=O)nn2)ccc1-n1cnc(C)c1,4.5,5.676500000000001,4.5
COc1cc(-c2cn(C3CC(C(F)(F)F)CCN(Cc4ccccc4)C3=O)nn2)ccc1-n1cnc(C)c1,5.26,5.725050000000002,5.26
COc1cc(-c2cn(C3CC(C(F)(F)F)CN(CC(F)(F)F)C3=O)nn2)ccc1-n1cnc(C)c1,4.88,5.34365,4.88
COc1cc(-c2cn(C3CC(C)(C)CCNC3=O)nn2)ccc1-n1cnc(C)c1,4.68,5.131299999999999,4.68
COc1cc(-c2cn(C3CC(C4CCCCC4)CCNC3=O)nn2)ccc1-n1cnc(C)c1,5.43,5.824649999999999,5.43
COc1cc(-c2cn(C3CC([Si](C)(C)C)CCN(Cc4ccccc4)C3=O)nn2)ccc1-n1cnc(C)c1,4.39,5.637550000000004,4.39
COc1cc(-c2cn(C3CC([Si](C)(C)C)CCNC3=O)nn2)ccc1-n1cnc(C)c1,5.2,5.509550000000001,5.2
COc1cc(-c2cn(C3CC(c4ccccc4)CCN(CC(F)(F)F)C3=O)nn2)ccc1-n1cnc(C)c1,5.65,5.724750000000003,5.65
COc1cc(-c2cn(C3CCC(c4ccccc4)CN(Cc4ccccc4)C3=O)nn2)ccc1-n1cnc(C)c1,6.7,5.44525,6.7
COc1cc(-c2cn(C3CCC4CCCCC4NC3=O)nn2)ccc1-n1cnc(C)c1,4.68,5.7525499999999985,4.68
COc1cc(-c2cn(C3CCCC(C(C)(C)C)NC3=O)nn2)ccc1-n1cnc(C)c1,4.36,5.448150000000001,4.36
COc1cc(-c2cn(C3CCCCN(CC(F)(F)F)C3=O)nn2)ccc1-n1cnc(C)c1,4.66,5.730549999999998,4.66
COc1cc(-c2cn(C3CCCCNC3=O)nn2)ccc1-n1cnc(C)c1,4.36,5.758449999999998,4.36
COc1cc(-c2cn(CC(=O)N(C(C)c3ccccc3)C(C)c3ccccc3)nn2)ccc1-n1cnc(C)c1,6.08,5.430250000000001,6.08
COc1cc(-c2cn(CC(=O)N(C3CCCCC3)C3CCCCC3)nn2)ccc1-n1cnc(C)c1,5.86,5.714499999999999,5.86
COc1cc(-c2cn(CC(=O)N(CC(F)(F)F)c3ccc4c(c3)CCC4)nn2)ccc1-n1cnc(C)c1,5.83,5.408499999999999,5.83
COc1cc(-c2cn(CC(=O)N(CC(F)(F)F)c3ccc4c(c3)OC(F)(F)O4)nn2)ccc1-n1cnc(C)c1,5.72,5.344799999999999,5.72
COc1cc(-c2cn(CC(=O)N(CC(F)(F)F)c3ccc4ccccc4c3)nn2)ccc1-n1cnc(C)c1,6.2,5.4281,6.2
COc1cc(-c2cn(CC(=O)N(CC(F)(F)F)c3cccc4ccccc34)nn2)ccc1-n1cnc(C)c1,6.1,5.4211,6.1
COc1cc(-c2cn(CC(=O)N(Cc3ccc(F)cc3)C3C4CC5CC(C4)CC3C5)nn2)ccc1-n1cnc(C)c1,6.6,5.587349999999997,6.6
COc1cc(-c2cn(CC(=O)N(Cc3ccccc3)C(C)c3ccccc3)nn2)ccc1-n1cnc(C)c1,6.37,5.413150000000002,6.37
COc1cc(-c2cn(CC(=O)N(Cc3ccccc3)CC(F)(F)F)nn2)ccc1-n1cnc(C)c1,5.54,5.432150000000002,5.54
COc1cc(-c2cn(CC(=O)N(Cc3ccccc3)Cc3ccccc3)nn2)ccc1-n1cnc(C)c1,6.06,5.427750000000002,6.06
COc1cc(-c2cn(CC(=O)N(c3ccccc3)C3CCCCC3)nn2)ccc1-n1cnc(C)c1,6.1,5.795149999999999,6.1
COc1cc(-c2cn(CC(=O)N(c3ccccc3)c3ccccc3)nn2)ccc1-n1cnc(C)c1,5.52,5.44075,5.52
COc1cc(-c2cn(CC(=O)N3CCC(c4nc5ccccc5o4)CC3)nn2)ccc1-n1cnc(C)c1,4.99,5.28935,4.99
COc1cc(-c2cn(CC(=O)NC3C4CC5CC(C4)CC3C5)nn2)ccc1-n1cnc(C)c1,5.39,5.50045,5.39
COc1cc(C(=O)N2CCOCC2)ccc1N=c1nc(-c2cnc3ccccn23)c(Cl)c[nH]1,5.57,5.198899999999998,5.57
COc1cc(C(F)(F)F)cc(COCC2(c3ccc(F)cc3)CCN(C)CC2)n1,5.0,4.9801,5.0
COc1cc(C(O)(CCN(C)C)C(c2cc(OC(C)C)cnc2OC)c2cc3cc(C#N)ccc3nc2OC)cc(OC)n1,5.62,5.2351500000000035,5.62
COc1cc(C(O)(CCN(C)C)C(c2cc(OC)c(OC)nc2OC)c2cc3cc(Br)ccc3nc2OC)cc(OC)n1,5.23,5.0774,5.23
COc1cc(C(O)(CCN(C)C)C(c2cc(OC)nc(N(C)C)c2)c2cc3cc(C#N)ccc3nc2OC)cc(OC)n1,5.03,5.678700000000005,5.03
COc1cc(C(O)(CCN(C)C)C(c2cc(OC)nc(OC(C)C)c2)c2cc3cc(C#N)ccc3nc2OC)cc(OC)n1,4.97,5.6890000000000045,4.97
COc1cc(C(O)(CCN(C)C)C(c2cc3cc(Br)ccc3nc2OC)c2cccc(OC)c2F)cc(OC)n1,4.89,5.059499999999999,4.89
COc1cc(C(O)(CCN(C)C)C(c2cc3cc(Br)ccc3nc2OC)c2cccc(OC)c2OC)cc(OC)n1,5.66,5.173899999999998,5.66
COc1cc(C(O)(CCN(C)C)C(c2cc3cc(Br)ccc3nc2OC)c2ccnc(OC)c2OC)cc(OC)n1,5.58,5.1095999999999995,5.58
COc1cc(C(O)(CCN(C)C)C(c2cc3cc(C#N)ccc3nc2OC)c2cccc3c2CCC3)cc(OC)n1,5.35,5.259500000000004,5.35
COc1cc(C(O)(CCN(C)C)C(c2cc3cc(C#N)ccc3nc2OC)c2cccc3c2OCCO3)cc(OC)n1,5.36,5.219950000000006,5.36
COc1cc(C(O)(CCN(C)C)C(c2cc3cc(C#N)ccc3nc2OC)c2cccc3c2OCO3)cc(OC)n1,5.8,5.219250000000005,5.8
COc1cc(C(O)(CCN(C)C)C(c2cccnc2OC)c2cc3cc(Br)ccc3nc2OC)cc(OC)n1,5.77,5.024000000000001,5.77
COc1cc(C(O)(CCn2ccnc2)C(c2cc3cc(Br)ccc3nc2OC)c2cccc(OC)c2OC)cc(OC)n1,4.96,5.229049999999996,4.96
COc1cc(C(O)(CCn2ccnc2)C(c2cc3cc(Br)ccc3nc2OC)c2ccnc(OC)c2OC)cc(OC)n1,5.24,5.1842999999999995,5.24
COc1cc(C)c2ncc(F)c(CCC34CCC(NCc5ccc6c(n5)NC(=O)CO6)(CC3)CO4)c2n1,8.54,7.5811999999999955,8.54
COc1cc(C)c2nccc(CCC34CCC(NCc5ccc6c(n5)NC(=O)CO6)(CC3)CO4)c2n1,8.28,7.314499999999998,8.28
COc1cc(C2CCC(C(N)=O)N2)ccc1OCc1ccccc1F,5.4,4.776400000000004,5.4
COc1cc(C2CCN(C(C)=O)CC2)ccc1N=c1nc(-c2cnc3ccccn23)c(Cl)c[nH]1,4.92,5.295649999999998,4.92
COc1cc(C2CCNCC2)ccc1N=c1nc(-c2cnc3ccccn23)c(Cl)c[nH]1,5.04,5.400549999999999,5.04
COc1cc(CC(=O)N2CCN(CCc3ccc4c(c3)COC4=O)CC2)ccc1-n1cnnn1,5.09,5.44895,5.09
COc1cc(CC(=O)N2CCOCC2)ccc1N=c1nc(-c2cnc3ccccn23)c(Cl)c[nH]1,5.06,5.060299999999999,5.06
COc1cc(CCC23CCC(NCc4ccc5c(n4)NC(=O)CO5)(CC2)CO3)c2nc(OC)ccc2n1,8.38,6.186699999999998,8.38
COc1cc(CCN2CCN(CCc3ccc4c(c3)COC4=O)CC2)ccc1C#N,5.8,5.994599999999999,5.8
COc1cc(CN2CCOCC2)ccc1N=c1nc(-c2cnc3ccccn23)c(Cl)c[nH]1,5.0,5.344400000000002,5.0
COc1cc(N)c(Cl)cc1C(=O)NC1CCN(CCCOc2ccc(F)cc2)CC1OC,8.17,5.820199999999999,8.17
COc1cc(N2C(=O)N(c3ccc(-c4ccc(-c5cc(=O)[nH][nH]5)cc4)cc3)C(=O)C23CCN(Cc2ncccc2C)CC3)ncn1,4.77,5.0791499999999985,4.77
COc1cc(N2C(=O)N(c3ccc(-c4ccc(-c5cc[nH]n5)cc4)cc3)C(=O)C23CCN(Cc2ncccc2C)CC3)ncn1,5.7,5.086299999999998,5.7
COc1cc(N2C(=O)N(c3ccc(-c4ccc(C#N)cc4)cc3)C(=O)C23CCN(Cc2ncccc2C)CC3)ncn1,6.43,5.19395,6.43
COc1cc(N2C(=O)N(c3ccc(-c4ccc(C(=O)N(C)C)cc4)cc3)C(=O)C23CCN(Cc2ncccc2C)CC3)ncn1,5.05,5.040799999999997,5.05
COc1cc(N2C(=O)N(c3ccc(-c4ccc(C(=O)O)c(C)c4)cc3)C(=O)C23CCN(Cc2ncccc2C)CC3)ncn1,4.64,5.0023,4.64
COc1cc(N2C(=O)N(c3ccc(-c4ccc(C(=O)O)c(Cl)c4)cc3)C(=O)C23CCN(Cc2ncccc2C)CC3)ncn1,5.24,5.0055,5.24
COc1cc(N2C(=O)N(c3ccc(-c4ccc(C(=O)O)cc4)cc3)C(=O)C23CCN(Cc2ncccc2C)CC3)ncn1,5.19,5.0019,5.19
COc1cc(N2C(=O)N(c3ccc(-c4ccc(C(=O)O)cc4)nc3)C(=O)C23CCN(Cc2ncccc2C)CC3)ncn1,4.34,5.007999999999999,4.34
COc1cc(N2C(=O)N(c3ccc(-c4ccc(C(=O)O)cc4C)cc3)C(=O)C23CCN(Cc2ncccc2C)CC3)ncn1,4.89,4.980700000000001,4.89
COc1cc(N2C(=O)N(c3ccc(-c4ccc(C(=O)O)cc4C)nc3)C(=O)C23CCN(Cc2ncccc2C)CC3)ncn1,5.15,4.9894,5.15
COc1cc(N2C(=O)N(c3ccc(-c4ccc(C(=O)O)cc4F)cc3)C(=O)C23CCN(Cc2ncccc2C)CC3)ncn1,4.27,4.9879999999999995,4.27
COc1cc(N2C(=O)N(c3ccc(-c4ccc(C(=O)O)s4)cc3)C(=O)C23CCN(Cc2ncccc2C)CC3)ncn1,4.92,5.0055000000000005,4.92
COc1cc(N2C(=O)N(c3ccc(-c4ccc(C(N)=O)cc4)cc3)C(=O)C23CCN(Cc2ncccc2C)CC3)ncn1,6.19,5.151899999999999,6.19
COc1cc(N2C(=O)N(c3ccc(-c4ccc5[nH]cnc5c4)cc3)C(=O)C23CCN(Cc2ncccc2C)CC3)ncn1,4.82,5.048049999999998,4.82
COc1cc(N2C(=O)N(c3ccc(-c4ccc5[nH]ncc5c4)cc3)C(=O)C23CCN(Cc2ncccc2C)CC3)ncn1,5.33,5.0726499999999985,5.33
COc1cc(N2C(=O)N(c3ccc(-c4ccc5c[nH]nc5c4)cc3)C(=O)C23CCN(Cc2ncccc2C)CC3)ncn1,6.14,5.054949999999998,6.14
COc1cc(N2C(=O)N(c3ccc(-c4cccc(C(=O)O)c4)cc3)C(=O)C23CCN(Cc2ncccc2C)CC3)ncn1,5.16,5.073250000000002,5.16
COc1cc(N2C(=O)N(c3ccc(-c4ccccc4C(=O)O)cc3)C(=O)C23CCN(Cc2ncccc2C)CC3)ncn1,5.62,4.992999999999999,5.62
COc1cc(N2C(=O)N(c3ccc(-c4csc(C(=O)O)c4)cc3)C(=O)C23CCN(Cc2ncccc2C)CC3)ncn1,5.1,5.0043,5.1
COc1cc(N2CC3CN(CCO)CC(C2)O3)ccc1N=c1nc(-c2cnc3ccccn23)c(Cl)c[nH]1,5.82,5.144799999999998,5.82
COc1cc(N2CC3CNCC(C2)O3)ccc1N=c1nc(-c2cnc3ccccn23)c(Cl)c[nH]1,5.28,5.238249999999998,5.28
COc1cc(N2CC3COCC(C2)N3)ccc1N=c1nc(-c2cnc3ccccn23)c(Cl)c[nH]1,5.0,5.235149999999997,5.0
COc1cc(N2CCCN(C(C)=O)CC2)ccc1N=c1nc(-c2cnc3ccccn23)c(Cl)c[nH]1,4.96,5.249049999999996,4.96
COc1cc(N2CCN(C(=O)C(C)N)CC2)ccc1N=c1nc(-c2cnc3ccccn23)c(Cl)c[nH]1,4.94,5.267299999999995,4.94
COc1cc(N2CCN(C(=O)C(C)O)CC2)ccc1N=c1nc(-c2cnc3ccccn23)c(Cl)c[nH]1,4.955,5.139099999999997,4.955
COc1cc(N2CCN(C(=O)CN)CC2)ccc1N=c1nc(-c2cnc3ccccn23)c(Cl)c[nH]1,4.8,5.007349999999995,4.8
COc1cc(N2CCN(C(=O)CO)CC2)ccc1N=c1nc(-c2cnc3ccccn23)c(Cl)c[nH]1,4.85,5.057099999999997,4.85
COc1cc(N2CCN(C(=O)N(C)C)CC2)ccc1N=c1nc(-c2cnc3ccccn23)c(Cl)c[nH]1,4.8,5.014699999999996,4.8
COc1cc(N2CCN(CC(=O)N(C)C)CC2)ccc1N=c1nc(-c2cnc3ccccn23)c(Cl)c[nH]1,4.92,5.286849999999998,4.92
COc1cc(N2CCN(CCO)CC2)ccc1N=c1nc(-c2cnc3ccccn23)c(Cl)c[nH]1,5.43,5.401799999999996,5.43
COc1cc(N2CCN(CCS(C)(=O)=O)CC2)ccc1N=c1nc(-c2cnc3ccccn23)c(Cl)c[nH]1,5.03,5.239249999999998,5.03
COc1cc(N2CCNCC2)ccc1N=c1nc(-c2cnc3ccccn23)c(Cl)c[nH]1,5.34,5.102849999999998,5.34
COc1cc(N2CCOCC2)ccc1N=c1nc(-c2cnc3ccccn23)c(Cl)c[nH]1,5.5,5.125449999999997,5.5
COc1cc(OC)c2nccc(CCC34CCC(NCc5ccc6c(n5)NC(=O)CO6)(CC3)CO4)c2n1,8.75,7.779549999999992,8.75
COc1cc(OC2CCN(C(C)=O)CC2)ccc1N=c1nc(-c2cnc3ccccn23)c(Cl)c[nH]1,5.0,6.07175,5.0
COc1cc(OC2CCNCC2)ccc1N=c1nc(-c2cnc3ccccn23)c(Cl)c[nH]1,5.32,6.15065,5.32
COc1cc(OC2CNC2)ccc1N=c1nc(-c2cnc3ccccn23)c(Cl)c[nH]1,5.23,6.183999999999998,5.23
COc1cc2c(cc1CCN1CCN(C(=O)Cc3ccc(-n4cnnn4)cc3)CC1)COC2=O,5.25,4.795999999999994,5.25
COc1cc2ncc(F)c(CCC34CCC(NCc5ccc6c(n5)NC(=O)CO6)(CC3)CO4)c2nc1OC,7.86,7.1573,7.86
COc1cc2nccc(CCC34CCC(NCc5ccc6c(n5)NC(=O)CO6)(CC3)CO4)c2nc1C#N,8.71,8.079749999999997,8.71
COc1cc2nccc(CCC34CCC(NCc5ccc6c(n5)NC(=O)CO6)(CC3)CO4)c2nc1C(=O)O,7.88,7.998399999999998,7.88
COc1cc2nccc(CCC34CCC(NCc5ccc6c(n5)NC(=O)CO6)(CC3)CO4)c2nc1OC,8.85,8.076149999999998,8.85
COc1cc2oc(C(=O)NC3CCN(Cc4ccc5c(c4)OCO5)CC3)cc(=O)c2cc1F,7.8,7.536500000000001,7.8
COc1ccc(-c2c[nH]c(C3Cc4c([nH]c5ccccc45)C(C4CCOCC4)N3)n2)cc1,7.16,5.546149999999999,7.16
COc1ccc(-c2cc3c(=NC4CCC(C)(N)C4(C)C)c(C(N)=O)c[nH]n3c2)cc1,4.86,5.2522,4.86
COc1ccc(-c2nnc(C(=O)N3CC(Oc4ccc(CN(C)C)c(C)c4)C3)o2)cc1,5.0,6.286650000000001,5.0
COc1ccc(-c2nnc(C(=O)N3CC(Oc4ccc(CN(C)C)c(F)c4)C3)o2)cc1,4.82,6.254499999999999,4.82
COc1ccc(-c2nnc(C(=O)N3CC(Oc4ccc(CN(C)C)cc4)C3)o2)cc1,4.68,5.479949999999999,4.68
COc1ccc(-c2nnc(C(=O)N3CC(Oc4ccc(CN(C)CC5(C)COC5)cc4)C3)o2)cc1,4.8,5.404600000000004,4.8
COc1ccc(-c2nnc(C(=O)N3CC(Oc4ccc(CN5CC(OC)C5)cc4)C3)o2)cc1,5.07,5.451899999999999,5.07
COc1ccc(-c2nnc(C(=O)N3CC(Oc4ccc(CN5CC6(CCCO6)C5)cc4)C3)o2)cc1,4.89,5.407,4.89
COc1ccc(-c2nnc(C(=O)N3CC(Oc4ccc(CN5CC6(CCOC6)C5)cc4)C3)o2)cc1,4.8,5.420400000000001,4.8
COc1ccc(-c2nnc(C(=O)N3CC(Oc4ccc(CN5CC6(COC6)C5)cc4)C3)o2)cc1,4.66,5.465299999999998,4.66
COc1ccc(-c2nnc(C(=O)N3CC(Oc4ccc(CN5CCC(C)(O)C5)cc4)C3)o2)cc1,4.58,5.4702,4.58
COc1ccc(-c2nnc(C(=O)N3CC(Oc4ccc(CN5CCCC5)cc4)C3)o2)cc1,5.26,5.399699999999999,5.26
COc1ccc(-c2nnc(C(=O)N3CC(Oc4ccc(CN5CCCC56COC6)cc4)C3)o2)cc1,4.92,5.420999999999998,4.92
COc1ccc(-c2nnc(C(=O)N3CC(Oc4ccc(CN5CCCOCC5)cc4)C3)o2)cc1,4.6,5.4392000000000005,4.6
COc1ccc(-c2nnc(C(=O)N3CC(Oc4ccc(CN5CCOCC5)c(OC)c4)C3)o2)cc1,5.01,6.2889,5.01
COc1ccc(-c2nnc(C(=O)N3CCC(Oc4ccc(CN5CC(O)C(C)(C)C5)cc4)CC3)o2)cc1,5.0,5.4754,5.0
COc1ccc(-c2nnc(C(=O)N3CCC(Oc4ccc(CN5CCC(O)C5)cc4)CC3)o2)cc1,4.62,5.4693499999999995,4.62
COc1ccc(-c2nnc(C(=O)N3CCC(Oc4ccc(CN5CCCC5)cc4)CC3)o2)cc1,4.96,5.457649999999998,4.96
COc1ccc(-c2nnc(C(=O)N3CCC(Oc4ccc(CN5CCCC5)nc4)CC3)o2)cc1,4.6,5.42885,4.6
COc1ccc(-c2nnc(C(=O)N3CCC(Oc4ccc(CN5CCN(C)CC5)cc4)CC3)o2)cc1,4.82,5.53545,4.82
COc1ccc(-c2nnc(C(=O)N3CCC(Oc4ccc(CN5CCOCC5)cc4)CC3)o2)cc1,4.8,5.513699999999999,4.8
COc1ccc(-n2cc3nc(-c4ccccc4C)n(CC4CCCN(C(C)C)C4)c(=O)c3n2)cc1,4.96,5.2470500000000015,4.96
COc1ccc(-n2cc3nc(-c4cccnc4C)n(CC4CCCN(CC5CCCO5)C4)c(=O)c3n2)cc1,5.39,4.855350000000001,5.39
COc1ccc(C(=O)N2CCOCC2)cc1N=c1nc(-c2cnc3ccccn23)c(Cl)c[nH]1,5.89,5.326199999999999,5.89
COc1ccc(C2(O)CCC(N3CC(NC(=O)CN=c4[nH]cnc5ccc(C(F)(F)F)cc45)C3)CC2)cn1,4.54,4.949450000000002,4.54
COc1ccc(C23CC2CN(CCCSc2nnc(-c4cccc5nc(C)ccc45)n2C)C3)cc1,6.2,5.843199999999997,6.2
COc1ccc(C23CC2CN(CCCSc2nnc(-c4ocnc4C)n2C)C3)cc1,5.7,5.6508999999999965,5.7
COc1ccc(C23CC2CN(CCCSc2nnc(-c4ocnc4C)n2C)C3)cc1C(F)(F)F,5.9,5.66565,5.9
COc1ccc(C23CC2CN(CCCSc2nnc(-c4ocnc4C)n2C)C3)cc1Cl,5.7,5.685499999999996,5.7
COc1ccc(CCN(C)CCN2CCN(c3cccc(Cl)c3)C2=O)cc1OC,5.6,5.640300000000001,5.6
COc1ccc(CCN2CCN(CCc3ccc([N+](=O)[O-])cc3)CC2)cc1,8.15,8.3347,8.15
COc1ccc(CN(C)C)c(Oc2ccc(Cl)c(Cl)c2)c1,6.63,6.033400000000001,6.63
COc1ccc(CN2CCC(NC(=O)c3cc(=O)c4ccc(F)cc4o3)CC2)c(F)c1,7.83,7.302100000000008,7.83
COc1ccc(CN2CCC(NC(=O)c3cc(=O)c4ccc(F)cc4o3)CC2)cc1,8.27,7.272700000000007,8.27
COc1ccc(CN2CCC(NC(=O)c3cc(=O)c4ccc(F)cc4o3)CC2)cc1F,8.07,7.2365000000000075,8.07
COc1ccc(N2CCN(C(C)=O)CC2)cc1N=c1nc(-c2cnc3ccccn23)c(Cl)c[nH]1,5.37,5.008999999999998,5.37
COc1ccc(N2CCNCC2)cc1N=c1nc(-c2cnc3ccccn23)c(Cl)c[nH]1,5.32,5.112949999999999,5.32
COc1ccc(N2CCOCC2)cc1N=c1nc(-c2cnc3ccccn23)c(Cl)c[nH]1,5.29,5.127399999999998,5.29
COc1ccc2c(=O)cc(C(=O)NC3CCN(Cc4ccc5c(c4)OCO5)CC3)oc2c1,7.94,7.604400000000002,7.94
COc1ccc2c(c1)C1(CCC2)CCN(CCCSc2nnc(-c3ocnc3C)n2C)C1,5.2,5.600299999999997,5.2
COc1ccc2c(c1)CCCC21CCN(CCCSc2nnc(-c3ocnc3C)n2C)C1,5.7,5.669099999999997,5.7
COc1ccc2ncc(C#N)c(CC(O)C34CCC(NCc5ccc6c(n5)NC(=O)CO6)(CC3)CO4)c2n1,8.629999999999999,5.518600000000001,8.629999999999999
COc1ccc2ncc(C#N)c(CCC34CCC(NCc5ccc6c(n5)NC(=O)CO6)(CC3)CO4)c2n1,6.43,6.49885,6.43
COc1ccc2ncc(C(F)(F)F)c(CCC34CCC(NCc5ccc6c(n5)NC(=O)CO6)(CC3)CO4)c2n1,6.89,6.48735,6.89
COc1ccc2ncc(C(F)F)c(CCC34CCC(NCc5ccc6c(n5)NC(=O)CO6)(CC3)CO4)c2n1,5.23,6.486450000000001,5.23
COc1ccc2ncc(C)c(CCC34CCC(NCc5ccc6c(n5)NC(=O)CO6)(CC3)CO4)c2n1,4.56,6.486300000000001,4.56
COc1ccc2ncc(CO)c(CCC34CCC(NCc5ccc6c(n5)NC(=O)CO6)(CC3)CO4)c2n1,5.84,6.46725,5.84
COc1ccc2ncc(Cl)c(CCC34CCC(NCc5ccc6c(n5)NC(=O)CO6)(CC3)CO4)c2n1,6.5,6.4869,6.5
COc1ccc2ncc(F)c(C(=O)CC34CCC(NCc5ccc6c(n5)NC(=O)CO6)(CC3)CO4)c2n1,5.92,5.6393,5.92
COc1ccc2ncc(F)c(C(C)(O)CC34CCC(NCc5ccc6c(n5)NC(=O)CO6)(CC3)CO4)c2n1,5.19,5.579200000000001,5.19
COc1ccc2ncc(F)c(C(CC34CCC(NCc5ccc6c(n5)NC(=O)CO6)(CC3)CO4)C(=O)O)c2n1,6.0,5.559849999999999,6.0
COc1ccc2ncc(F)c(C(CO)CC34CCC(NCc5ccc6c(n5)NC(=O)CO6)(CC3)CO4)c2n1,4.96,5.619699999999999,4.96
COc1ccc2ncc(F)c(C(O)C(O)C34CCC(NCc5ccc6c(n5)NC(=O)CO6)(CC3)CO4)c2n1,4.33,5.428700000000001,4.33
COc1ccc2ncc(F)c(C(O)CC34CCC(NCc5ccc6c(n5)NC(=O)CO6)(CC3)CO4)c2n1,5.645,5.620500000000001,5.645
COc1ccc2ncc(F)c(C3OC(=O)OC3C34CCC(NCc5ccc6c(n5)NC(=O)CO6)(CC3)CO4)c2n1,5.13,5.499400000000003,5.13
COc1ccc2ncc(F)c(CC(=NO)C34CCC(NCc5ccc6c(n5)NC(=O)CO6)(CC3)CO4)c2n1,5.535,5.4050500000000055,5.535
COc1ccc2ncc(F)c(CC(=O)C34CCC(NCc5ccc6c(n5)NC(=O)CO6)(CC3)CO4)c2n1,5.03,5.466300000000003,5.03
COc1ccc2ncc(F)c(CC(C)(O)C34CCC(NCc5ccc6c(n5)NC(=O)CO6)(CC3)CO4)c2n1,5.21,5.458300000000004,5.21
COc1ccc2ncc(F)c(CC(F)C34CCC(NCc5ccc6c(n5)NC(=O)CO6)(CC3)CO4)c2n1,5.5,5.505700000000002,5.5
COc1ccc2ncc(F)c(CC(N)C34CCC(NCc5ccc6c(n5)NC(=O)CO6)(CC3)CO4)c2n1,5.38,5.504800000000001,5.38
COc1ccc2ncc(F)c(CC(NOC(C)=O)C34CCC(NCc5ccc6c(n5)NC(=O)CO6)(CC3)CO4)c2n1,4.74,5.478500000000002,4.74
COc1ccc2ncc(F)c(CC(NS(C)(=O)=O)C34CCC(NCc5ccc6c(n5)NC(=O)CO6)(CC3)CO4)c2n1,5.48,5.505400000000002,5.48
COc1ccc2ncc(F)c(CC(O)(C(F)(F)F)C34CCC(NCc5ccc6c(n5)NC(=O)CO6)(CC3)CO4)c2n1,5.62,5.432700000000003,5.62
COc1ccc2ncc(F)c(CC(O)C34CCC(NCc5ccc6c(n5)NC(=O)CO6)(CC3)CO4)c2n1,4.58,5.476000000000003,4.58
COc1ccc2ncc(F)c(CC(OC)C34CCC(NCc5ccc6c(n5)NC(=O)CO6)(CC3)CO4)c2n1,5.22,5.528800000000002,5.22
COc1ccc2ncc(F)c(CC(OCC(=O)O)C34CCC(NCc5ccc6c(n5)NC(=O)CO6)(CC3)CO4)c2n1,5.52,5.471750000000002,5.52
COc1ccc2ncc(F)c(CC(OCCO)C34CCC(NCc5ccc6c(n5)NC(=O)CO6)(CC3)CO4)c2n1,5.85,5.4841000000000015,5.85
COc1ccc2ncc(F)c(CCC34CCC(NCc5ccc6c(n5)NC(=O)CO6)(CC3)CO4)c2n1,5.68,6.4995,5.68
COc1ccc2ncc(O)c(CCC34CCC(NCc5ccc6c(n5)NC(=O)CO6)(CC3)CO4)c2n1,5.71,6.42815,5.71
COc1ccc2ncc(OC)c(CCC34CCC(NCc5ccc6c(n5)NC(=O)CO6)(CC3)CO4)c2n1,5.37,6.47365,5.37
COc1ccc2ncc(S(C)(=O)=O)c(CCC34CCC(NCc5ccc6c(n5)NC(=O)CO6)(CC3)CO4)c2n1,5.81,6.48425,5.81
COc1ccc2nccc(CCC34CCC(NCc5ccc6c(n5)NC(=O)CO6)(CC3)CO4)c2n1,6.25,7.383749999999993,6.25
COc1cccc(-c2c[nH]c(C3Cc4c([nH]c5ccccc45)C(C4CCOCC4)N3)n2)c1,6.61,5.53435,6.61
COc1cccc(-c2c[nH]c(C3Cc4c([nH]c5ccccc45)C(c4cnn(C)c4)(c4noc(C)n4)N3)n2)n1,5.44,5.134399999999999,5.44
COc1cccc(-c2cc3c(=NC4CCC(C)(N)C4(C)C)c(C(N)=O)c[nH]n3c2)c1,5.14,5.269050000000002,5.14
COc1cccc(-n2cc3nc(-c4ccccc4C)n(CC4CCCN(C(C)C)C4)c(=O)c3n2)c1,4.82,5.25105,4.82
COc1cccc(-n2cc3nc(-c4cccnc4C)n(CC4CCCN(C(C)C)C4)c(=O)c3n2)c1,4.33,4.80175,4.33
COc1cccc(-n2cc3nc(-c4cccnc4C)n(CC4CCCN(CC5CCCO5)C4)c(=O)c3n2)c1,4.36,4.8257,4.36
COc1cccc(-n2cc3nc(C)n(CC4CCCN(CC5CCCO5)C4)c(=O)c3n2)c1,5.54,5.1629,5.54
COc1cccc(-n2cc3nc(CC(C)C)n(CC4CCCN(CC5CCCO5)C4)c(=O)c3n2)c1,5.5,5.201449999999999,5.5
COc1cccc(C(=O)Cn2c(=O)c3c(c(C#N)c(N4CCCC(N)C4)n3CC=C(C)C)n(C)c2=O)c1,5.8,6.163749999999994,5.8
COc1cccc(C(=O)Cn2c(=O)c3c(c(C#N)c(N4CCCC(N)C4)n3Cc3ccccc3)n(C)c2=O)c1,7.0,6.168949999999996,7.0
COc1cccc(C(=O)Cn2c(=O)c3c(c(C#N)c(N4CCCNCC4)n3CC=C(C)C)n(C)c2=O)c1,5.96,6.1661999999999955,5.96
COc1cccc(C(C)N2C3CCC2CC(Oc2cccc(C(N)=O)c2)C3)c1,8.34,8.206500000000002,8.34
COc1cccc(C2(O)CCC(N3CC(NC(=O)CN=c4[nH]cnc5ccc(C(F)(F)F)cc45)C3)CC2)n1,4.87,4.985700000000003,4.87
COc1cccc(C23CC2CN(CCCSc2nnc(-c4ocnc4C)n2C)C3)c1,5.4,5.6503999999999985,5.4
COc1cccc(C2CCCN(CCN3CCN(c4cccc(Cl)c4)C3=O)C2)c1,6.7,6.120950000000001,6.7
COc1cccc(CCN(C)CCN2CCN(c3cccc(Cl)c3)C2=O)c1,6.2,5.789200000000002,6.2
COc1cccc(CN2CCC(NC(=O)c3cc(=O)c4ccc(F)cc4o3)CC2)c1,7.98,7.293150000000008,7.98
COc1cccc(F)c1CC(c1ccccc1)N1CCNCC1,5.07,4.976650000000002,5.07
COc1cccc(N2CCN(CCN(C)CC34CCC(CC3)C4(C)C)C2=O)c1,5.7,5.435899999999997,5.7
COc1cccc(N2CCN(CCN3CCC(C(F)(F)F)CC3)C2=O)c1,4.6,5.61225,4.6
COc1cccc(N2CCN(CCN3CCN(C(C)C)CC3)C2=O)c1,4.2,5.370799999999998,4.2
COc1cccc2c1CCCC21CCN(CCCSc2nnc(-c3ocnc3C)n2C)C1,5.7,5.571799999999997,5.7
COc1ccccc1-c1cc2c(=NC3CCC(C)(N)C3(C)C)c(C(N)=O)c[nH]n2c1,5.12,5.16995,5.12
COc1ccccc1CC(c1ccc(F)cc1)N1CCNCC1,4.8,5.463399999999998,4.8
COc1ccccc1CC(c1ccccc1)N1CCNCC1,4.41,5.172150000000001,4.41
COc1ccccc1CC(c1ccccc1F)N1CCNCC1,4.4,5.115500000000001,4.4
COc1ccccc1N1CCN(CCCCNS(=O)(=O)c2ccc(C)cc2)CC1,5.3,6.152949999999996,5.3
COc1cnc(OC)c(C(c2cc3cc(Br)ccc3nc2OC)C(O)(CCN(C)C)c2cc(OC)nc(OC)c2)c1,5.66,5.547749999999997,5.66
COc1cnc(OC)c(C(c2cc3cc(C#N)ccc3nc2OC)C(O)(CCN(C)C)c2cc(OC)nc(OC)c2)c1,5.51,5.565550000000003,5.51
COc1cnc2c(CCC34CCC(NCc5ccc6c(n5)NC(=O)CO6)(CC3)CO4)ccnc2c1,7.81,8.037649999999998,7.81
COc1cnccc1C1CCC(N2CC(NC(=O)CN=c3[nH]cnc4ccc(C(F)(F)F)cc34)C2)CC1,4.7,5.94345,4.7
COc1nc2c(CCC34CCC(NCc5ccc6c(n5)NC(=O)CO6)(CC3)CO4)c(F)cnc2cc1C(F)(F)F,8.77,7.1473,8.77
COc1nc2c(CCC34CCC(NCc5ccc6c(n5)NC(=O)CO6)(CC3)CO4)c(F)cnc2cc1F,9.14,7.2025,9.14
COc1nc2c(CCC34CCC(NCc5ccc6c(n5)NC(=O)CO6)(CC3)CO4)ccnc2cc1C#N,8.8,8.100149999999998,8.8
COc1nc2c(CCC34CCC(NCc5ccc6c(n5)NC(=O)CO6)(CC3)CO4)ccnc2cc1Cl,8.38,8.108499999999998,8.38
COc1nc2c(CCC34CCC(NCc5ccc6c(n5)NC(=O)CO6)(CC3)CO4)ccnc2cc1F,8.6,8.212899999999996,8.6
COc1nc2ccc(Br)cc2cc1C(c1ccccc1)C(O)(CCN(C)C)c1cccc2ccccc12,5.8,5.312350000000002,5.8
COc1ncccc1C(=O)N1CCC(NCc2cncn2Cc2ccc(C#N)cc2)C1=O,4.68,5.160000000000004,4.68
COc1nccnc1N1C(=O)N(c2ccc(-c3ccc(C(=O)O)cc3C)cc2)C(=O)C12CCN(Cc1ncccc1C)CC2,5.85,4.892599999999993,5.85
CS(=O)(=O)Cc1ccc(CN2C3CCC2CC(Oc2cccc(C(N)=O)c2)C3)cc1,8.18,7.676500000000003,8.18
CS(=O)(=O)NCCN(CCc1ccc(Cl)cc1)C1CCN(c2nc(=N)[nH][nH]2)CC1,5.14,5.282200000000004,5.14
CS(=O)(=O)c1cc(CCN2CCN(CCc3ccc4c(c3)COC4=O)CC2)ccc1C#N,5.33,5.9331999999999985,5.33
CS(=O)(=O)c1ccc(CCN2CCN(CCc3ccc([N+](=O)[O-])cc3)CC2)cc1,6.82,8.308299999999997,6.82
CSc1cc(CCN2CCN(CCc3ccc4c(c3)COC4=O)CC2)ccc1C#N,6.34,5.966599999999999,6.34
CSc1ccc(Oc2ccccc2CN(C)C)cc1,5.52,5.366050000000002,5.52
CSc1ccc2c(c1)N(CCC1CCCCN1C)c1ccccc1S2,7.48,5.827150000000001,7.48
CSc1ncccc1C(=O)N1CCC(NCc2cncn2Cc2ccc(C#N)cc2)C1=O,5.11,5.142250000000008,5.11
Cc1[nH]cnc1CN1CCc2c(c3ccccc3n2C)C1=O,5.5,5.262800000000001,5.5
Cc1c(CCN2CCN(C(=O)Cc3ccc(-n4cnnn4)cc3)CC2)ccc2c1COC2=O,4.7,4.743399999999997,4.7
Cc1c(OC2CC3CCC(C2)N3Cc2ccccc2)cccc1C(N)=O,5.96,7.404750000000006,5.96
Cc1c[nH]c(=NC(=O)C(CN2CC(O)C2)Oc2ncnc3c2cnn3-c2c(Cl)cccc2Cl)cn1,4.21,4.591900000000002,4.21
Cc1cc(-c2cc3c(=NC4CCC(C)(N)C4(C)C)c(C(N)=O)c[nH]n3c2)ccn1,4.52,4.994899999999998,4.52
Cc1cc(-c2nc3c4c(ccc3o2)CCN(CCCSc2nnc(-c3ocnc3C)n2C)CC4)n(C)n1,6.1,5.4055,6.1
Cc1cc(-c2nc3cc4c(cc3o2)CCN(CCCSc2nnc(-c3ocnc3C)n2C)CC4)n(C)n1,6.0,5.476599999999996,6.0
Cc1cc(-n2cnnn2)ccc1CC(=O)N1CCN(CCc2ccc3c(c2)COC3=O)CC1,5.85,5.053699999999997,5.85
Cc1cc(C#N)nc2c(CCC34CCC(NCc5ccc6c(n5)NC(=O)CO6)(CC3)CO4)ccnc12,8.68,8.260799999999993,8.68
Cc1cc(C(=O)O)ccc1-c1ccc(N2C(=O)N(c3cc(=O)[nH]cn3)C3(CCN(Cc4ncccc4C)CC3)C2=O)cn1,4.7,4.974049999999995,4.7
Cc1cc(C(=O)O)ccc1-c1ccc(N2C(=O)N(c3cc(C(F)(F)F)ncn3)C3(CCN(Cc4ncccc4C)CC3)C2=O)cc1,4.68,4.905749999999995,4.68
Cc1cc(C(=O)O)ccc1-c1ccc(N2C(=O)N(c3ccncn3)C3(CCN(Cc4ncccc4C)CC3)C2=O)cc1,4.66,4.933049999999994,4.66
Cc1cc(C(=O)O)ccc1-c1ccc(N2C(=O)N(c3cnccn3)C3(CCN(Cc4ncccc4C)CC3)C2=O)cc1,5.14,4.958549999999995,5.14
Cc1cc(C(=O)O)ccc1-c1ccc(N2C(=O)N(c3cnccn3)C3(CCN(Cc4ncccc4C)CC3)C2=O)cn1,5.6,5.017549999999995,5.6
Cc1cc(C(=O)O)ccc1-c1ccc(N2C(=O)N(c3ncccn3)C3(CCN(Cc4ncccc4C)CC3)C2=O)cc1,4.64,4.921549999999994,4.64
Cc1cc(C(=O)O)ccc1-c1ccc(N2C(=O)N(c3nccnc3C)C3(CCN(Cc4ncccc4C)CC3)C2=O)cc1,5.11,4.833749999999996,5.11
Cc1cc(C(F)(F)F)ccc1C12CC1CN(CCCSc1nnc(-c3ocnc3C)n1C)C2,6.4,5.881400000000001,6.4
Cc1cc(C(N)=O)ccc1OC1CC2CCC(C1)N2Cc1ccccc1,6.0,7.538800000000006,6.0
Cc1cc(CCN2CCN(C(=O)Cc3ccc(-n4cnnn4)cc3)CC2)cc2c1C(=O)OC2,5.0,4.979599999999998,5.0
Cc1cc(CN(C)C)ccc1OC1CN(C(=O)c2nnc(-c3ccccc3)o2)C1,5.07,5.0160500000000035,5.07
Cc1cc(CN(C)CCN2CCN(c3cccc(Cl)c3)C2=O)on1,4.3,5.684100000000002,4.3
Cc1cc(N2C(=O)N(c3ccc(-c4ccc(C(=O)O)cc4C)cc3)C(=O)C23CCN(Cc2ncccc2C)CC3)ncn1,4.42,4.934049999999994,4.42
Cc1cc(OC2CC3CCC(C2)N3Cc2ccccc2)cc(C(N)=O)c1,6.18,7.696800000000007,6.18
Cc1cc(S(C)(=O)=O)nc2c(CCC34CCC(NCc5ccc6c(n5)NC(=O)CO6)(CC3)CO4)c(F)cnc12,7.91,8.242799999999992,7.91
Cc1cc(S(C)(=O)=O)nc2c(CCC34CCC(NCc5ccc6c(n5)NC(=O)CO6)(CC3)CO4)ccnc12,8.17,8.24419999999999,8.17
Cc1cc2c(-c3nnc(SCCCN4CCc5ccc(-c6cc(C)nn6C)cc5CC4)n3C)cccc2cn1,5.7,5.859200000000003,5.7
Cc1cc2c(cc1CCN1CCN(C(=O)Cc3ccc(-n4cnnn4)cc3)CC1)COC2=O,4.85,5.024299999999999,4.85
Cc1cc2c(s1)=Nc1ccccc1NC=2N1CCN(C)CC1,6.64,5.375049999999999,6.64
Cc1cc2c(s1)=Nc1ccccc1NC=2N1CCNCC1,4.85,5.32735,4.85
Cc1ccc(-c2c[nH]c(C3Cc4c([nH]c5ccccc45)C(C4CCOCC4)N3)n2)cc1,7.0,6.34095,7.0
Cc1ccc(-c2cc3c(=NC4CCC(C)(N)C4(C)C)c(C(N)=O)c[nH]n3c2)cn1,5.1,5.092899999999997,5.1
Cc1ccc(-c2nnc(SCCCN3CC4CC4(c4ccc(C(F)(F)F)cc4)C3)n2C)cn1,6.1,6.137900000000005,6.1
Cc1ccc(-c2nnc(SCCCN3CCc4ccc5oc(C(F)(F)F)nc5c4CC3)n2C)cn1,5.8,5.7322000000000015,5.8
Cc1ccc(C(C)N2C3CCC2CC(Oc2cccc(C(N)=O)c2)C3)cn1,8.52,8.379200000000003,8.52
Cc1ccc(C(C)N2C3CCC2CC(Oc2cccc(C(N)=O)c2)C3)s1,8.675,8.341200000000004,8.675
Cc1ccc(C23CC2CN(CCCSc2nnc(-c4ocnc4C)n2C)C3)c(F)c1,5.2,5.727999999999995,5.2
Cc1ccc(CN2C3CCC2CC(Oc2cccc(C(N)=O)c2)C3)cc1,9.85,7.669400000000004,9.85
Cc1ccc(CN2C3CCC2CC(Oc2cccc(C(N)=O)c2)C3)o1,8.55,7.685850000000004,8.55
Cc1ccc(CN2C3CCC2CC(Oc2cccc(C(N)=O)c2)C3)s1,8.085,7.687650000000004,8.085
Cc1ccc(CN2CCC(CNC(=O)c3cc(Cl)cc(Cl)c3)CC2)cc1,6.87,5.564400000000001,6.87
Cc1ccc(N2CCN(CCN(C)CC34CCC(CC3)C4(C)C)C2=O)cc1,5.6,5.329899999999996,5.6
Cc1ccc(N2CCN(CCN3Cc4ccccc4C3)C2=O)cn1,4.5,5.383399999999998,4.5
Cc1ccc(N2CCN(CCN3Cc4ccccc4C3)C2=O)s1,4.5,5.477699999999998,4.5
Cc1ccc(NC(=O)N2CCN(CC3CCCN(C4CC4)C3)CC2)cc1Cl,5.15,5.781049999999998,5.15
Cc1ccc(Oc2ccc(Cl)c(Cl)c2)c(CN(C)C)c1,5.47,5.623899999999996,5.47
Cc1ccc2c(-c3nnc(SCCC(C)N4CCc5cc6c(cc5CC4)C(=O)N(C(C)C)C6)n3C)cccc2n1,5.6,5.390499999999996,5.6
Cc1ccc2c(-c3nnc(SCCC(C)N4CCc5cc6c(cc5CC4)C(=O)N(C)C6)n3C)cccc2n1,4.4,5.449999999999997,4.4
Cc1ccc2c(-c3nnc(SCCC(C)N4CCc5cc6nc(C(F)(F)F)oc6c(Br)c5CC4)n3C)cccc2n1,5.7,5.440299999999999,5.7
Cc1ccc2c(-c3nnc(SCCC(C)N4CCc5cc6nc(C(F)(F)F)oc6c(C)c5CC4)n3C)cccc2n1,6.0,5.413299999999996,6.0
Cc1ccc2c(-c3nnc(SCCC(C)N4CCc5cc6nc(C)oc6c(Br)c5CC4)n3C)cccc2n1,5.0,5.475999999999996,5.0
Cc1ccc2c(-c3nnc(SCCC(C)N4CCc5cc6nc(C)oc6c(C)c5CC4)n3C)cccc2n1,4.9,5.425999999999993,4.9
Cc1ccc2c(-c3nnc(SCCCCN4CCc5cc6c(cc5CC4)C(=O)N(C(C)C)C6)n3C)cccc2n1,5.4,6.019200000000003,5.4
Cc1ccc2c(-c3nnc(SCCCCN4CCc5cc6c(cc5CC4)C(=O)N(C)C6)n3C)cccc2n1,4.5,6.054000000000005,4.5
Cc1ccc2c(-c3nnc(SCCCCN4CCc5cc6nc(C(F)(F)F)oc6c(Br)c5CC4)n3C)cccc2n1,6.6,6.007300000000002,6.6
Cc1ccc2c(-c3nnc(SCCCCN4CCc5cc6nc(C(F)(F)F)oc6c(C)c5CC4)n3C)cccc2n1,6.6,6.047700000000003,6.6
Cc1ccc2c(-c3nnc(SCCCCN4CCc5cc6nc(C)oc6c(Br)c5CC4)n3C)cccc2n1,5.3,5.855000000000001,5.3
Cc1ccc2c(-c3nnc(SCCCCN4CCc5cc6nc(C)oc6c(C)c5CC4)n3C)cccc2n1,5.8,5.900400000000003,5.8
Cc1ccc2c(-c3nnc(SCCCN4CC5CC5(c5ccc(Br)cc5)C4)n3C)cccc2n1,6.6,6.056200000000001,6.6
Cc1ccc2c(-c3nnc(SCCCN4CC5CC5(c5ccc(C#N)cc5)C4)n3C)cccc2n1,6.2,6.108900000000002,6.2
Cc1ccc2c(-c3nnc(SCCCN4CC5CC5(c5ccc(C(C)(C)C)cc5)C4)n3C)cccc2n1,6.6,6.134700000000004,6.6
Cc1ccc2c(-c3nnc(SCCCN4CC5CC5(c5ccc(C(F)(F)F)cc5)C4)n3C)cccc2n1,6.55,6.210400000000006,6.55
Cc1ccc2c(-c3nnc(SCCCN4CC5CC5(c5ccc(Cl)c(Cl)c5)C4)n3C)cccc2n1,6.0,6.067100000000003,6.0
Cc1ccc2c(-c3nnc(SCCCN4CC5CC5(c5ccc(Cl)cc5)C4)n3C)cccc2n1,5.8,5.983450000000001,5.8
Cc1ccc2c(-c3nnc(SCCCN4CC5CC5(c5ccccc5)C4)n3C)cccc2n1,5.7,6.1597,5.7
Cc1ccc2c(-c3nnc(SCCCN4CCc5c(Cl)cc6oc(C)nc6c5CC4)n3C)cccc2n1,5.8,5.8158,5.8
Cc1ccc2c(-c3nnc(SCCCN4CCc5cc6c(cc5CC4)C(=O)N(C(C)C)C6)n3C)cccc2n1,5.4,6.042600000000002,5.4
Cc1ccc2c(-c3nnc(SCCCN4CCc5cc6c(cc5CC4)N(C)C(=O)CO6)n3C)cccc2n1,5.3,5.622799999999999,5.3
Cc1ccc2c(-c3nnc(SCCCN4CCc5cc6c(cc5CC4)N(S(C)(=O)=O)CCO6)n3C)cccc2n1,5.1,5.401599999999999,5.1
Cc1ccc2c(-c3nnc(SCCCN4CCc5cc6c(cc5CC4)OCC(=O)N6)n3C)cccc2n1,8.2,5.727999999999998,8.2
Cc1ccc2c(-c3nnc(SCCCN4CCc5cc6c(cc5CC4)OCCN6)n3C)cccc2n1,6.4,5.645599999999998,6.4
Cc1ccc2c(-c3nnc(SCCCN4CCc5cc6nc(-c7cc(C)nn7C)oc6cc5CC4)n3C)cccc2n1,6.3,5.705000000000001,6.3
Cc1ccc2c(-c3nnc(SCCCN4CCc5cc6nc(C(C)(C)C)oc6c(Br)c5CC4)n3C)cccc2n1,6.4,5.987199999999999,6.4
Cc1ccc2c(-c3nnc(SCCCN4CCc5cc6nc(C(C)(C)C)oc6c(C)c5CC4)n3C)cccc2n1,6.6,6.094000000000001,6.6
Cc1ccc2c(-c3nnc(SCCCN4CCc5cc6nc(C(C)(C)C)oc6cc5CC4)n3C)cccc2n1,6.1,5.788900000000001,6.1
Cc1ccc2c(-c3nnc(SCCCN4CCc5cc6nc(C(C)(F)F)oc6cc5CC4)n3C)cccc2n1,5.9,5.928200000000001,5.9
Cc1ccc2c(-c3nnc(SCCCN4CCc5cc6nc(C(C)C)oc6cc5CC4)n3C)cccc2n1,5.7,5.7172,5.7
Cc1ccc2c(-c3nnc(SCCCN4CCc5cc6nc(C(F)(F)C(F)(F)F)oc6cc5CC4)n3C)cccc2n1,7.0,5.928200000000001,7.0
Cc1ccc2c(-c3nnc(SCCCN4CCc5cc6nc(C(F)(F)F)oc6cc5CC4)n3C)cccc2n1,6.0,5.937300000000002,6.0
Cc1ccc2c(-c3nnc(SCCCN4CCc5cc6nc(C)oc6c(Br)c5CC4)n3C)cccc2n1,5.6,5.925499999999999,5.6
Cc1ccc2c(-c3nnc(SCCCN4CCc5cc6nc(C)oc6c(C)c5CC4)n3C)cccc2n1,5.3,6.050300000000001,5.3
Cc1ccc2c(-c3nnc(SCCCN4CCc5cc6nc(C)sc6cc5CC4)n3C)cccc2n1,5.6,6.290900000000004,5.6
Cc1ccc2c(-c3nnc(SCCCN4CCc5cc6nc(C7CC7)oc6cc5CC4)n3C)cccc2n1,6.0,5.8561999999999985,6.0
Cc1ccc2c(-c3nnc(SCCCN4CCc5cc6nc(CC(F)(F)F)oc6cc5CC4)n3C)cccc2n1,5.6,5.872800000000003,5.6
Cc1ccc2c(-c3nnc(SCCCN4CCc5cc6nc(CC7CC7)oc6cc5CC4)n3C)cccc2n1,5.9,5.722500000000001,5.9
Cc1ccc2c(-c3nnc(SCCCN4CCc5cc6nc(N(C)C)oc6cc5CC4)n3C)cccc2n1,4.7,5.7347,4.7
Cc1ccc2c(-c3nnc(SCCCN4CCc5cc6nc(N7CCCCC7)oc6cc5CC4)n3C)cccc2n1,5.3,5.656600000000001,5.3
Cc1ccc2c(-c3nnc(SCCCN4CCc5cc6ncoc6cc5CC4)n3C)cccc2n1,5.4,5.7296,5.4
Cc1ccc2c(-c3nnc(SCCCN4CCc5cc6onc(C)c6cc5CC4)n3C)cccc2n1,6.1,5.784000000000001,6.1
Cc1ccc2c(-c3nnc(SCCCN4CCc5ccc(-c6cc(C)nn6C)cc5CC4)n3C)cccc2n1,5.7,5.967000000000002,5.7
Cc1ccc2c(-c3nnc(SCCCN4CCc5ccc6nc(C(C)(F)F)oc6c5CC4)n3C)cccc2n1,5.6,5.937100000000004,5.6
Cc1ccc2c(-c3nnc(SCCCN4CCc5ccc6nc(C(F)(F)F)oc6c5CC4)n3C)cccc2n1,6.0,5.9402000000000035,6.0
Cc1ccc2c(-c3nnc(SCCCN4CCc5ccc6nc(C)sc6c5CC4)n3C)cccc2n1,5.5,6.256900000000001,5.5
Cc1ccc2c(-c3nnc(SCCCN4CCc5ccc6oc(-c7cc(C)nn7C)nc6c5CC4)n3C)cccc2n1,6.1,5.598949999999999,6.1
Cc1ccc2c(-c3nnc(SCCCN4CCc5ccc6oc(C(F)(F)C(F)(F)F)nc6c5CC4)n3C)cccc2n1,6.6,5.8145000000000024,6.6
Cc1ccc2c(-c3nnc(SCCCN4CCc5ccc6oc(C(F)(F)F)nc6c5CC4)n3C)cccc2n1,5.7,5.819600000000003,5.7
Cc1ccc2c(-c3nnc(SCCCN4CCc5ccc6oc(C)nc6c5CC4)n3C)cccc2n1,5.6,5.613199999999999,5.6
Cc1ccc2c(-c3nnc(SCCCN4CCc5nc6cc(C(F)(F)F)ccn6c5CC4)n3C)cccc2n1,6.6,6.247400000000006,6.6
Cc1ccc2c(-c3nnc(SCCCN4CCc5nc6ccc(C(F)(F)F)cn6c5CC4)n3C)cccc2n1,5.3,6.331200000000007,5.3
Cc1ccc2c(-c3nnc(SCCCN4CCc5nc6ccc(Cl)cn6c5CC4)n3C)cccc2n1,5.8,6.062450000000004,5.8
Cc1ccc2c(-c3nnc(SCCCN4CCc5nc6ccccn6c5CC4)n3C)cccc2n1,5.6,6.170200000000003,5.6
Cc1ccc2c(-c3nnc(SCCN4CCc5cc6nc(C(F)(F)F)oc6c(Br)c5CC4)n3C)cccc2n1,6.2,5.587300000000004,6.2
Cc1ccc2c(-c3nnc(SCCN4CCc5cc6nc(C(F)(F)F)oc6c(C)c5CC4)n3C)cccc2n1,6.4,5.582200000000004,6.4
Cc1ccc2c(-c3nnc(SCCN4CCc5cc6nc(C)oc6c(Br)c5CC4)n3C)cccc2n1,5.2,5.594200000000008,5.2
Cc1ccc2c(-c3nnc(SCCN4CCc5cc6nc(C)oc6c(C)c5CC4)n3C)cccc2n1,4.9,5.580100000000004,4.9
Cc1ccc2c(-c3nnc(SCCN4CCc5cc6nc(C)oc6cc5CC4)n3C)cccc2n1,4.3,5.554500000000006,4.3
Cc1ccc2nc3c(n2c1)CCN(CCCSc1nnc(-c2cccc4nc(C)ccc24)n1C)CC3,5.6,6.159400000000004,5.6
Cc1cccc(-c2cc3c(=NC4CCC(C)(N)C4(C)C)c(C(N)=O)c[nH]n3c2)c1,5.11,5.150950000000002,5.11
Cc1cccc(CCN2CCC(C(=O)c3ccc(NS(C)(=O)=O)cc3)CC2)n1,7.74,5.4556000000000004,7.74
Cc1cccc(CN2C3CCC2CC(Oc2cccc(C(N)=O)c2)C3)c1,9.28,7.690700000000005,9.28
Cc1cccc(N2CCN(CCN(C)CC34CCC(CC3)C4(C)C)C2=O)c1,5.8,5.357699999999995,5.8
Cc1ccccc1-c1cc2c(=NC3CCC(C)(N)C3(C)C)c(C(N)=O)c[nH]n2c1,5.31,5.1262500000000015,5.31
Cc1ccccc1-c1nc2cc(-c3ccc(Cl)cc3)sc2c(=O)n1CC1CCCN(C(C)C)C1,5.68,5.4497500000000025,5.68
Cc1ccccc1-c1nc2ccc(-c3ccc(Cl)cc3)cc2c(=O)n1CC1CCCN(C(C)C)C1,5.06,5.405950000000001,5.06
Cc1ccccc1-c1nc2cn(-c3ccc(Cl)cc3)nc2c(=O)n1CC1CCCN(C(C)C)C1,5.46,5.273850000000001,5.46
Cc1ccccc1-c1nc2cn(-c3cccc(C#N)c3)nc2c(=O)n1CC1CCCN(C(C)C)C1,4.66,5.113549999999996,4.66
Cc1ccccc1-c1nc2cn(-c3cccc(Cl)c3)nc2c(=O)n1CC1CCCN(C(C)C)C1,5.0,5.4026999999999985,5.0
Cc1ccccc1C(C)N1C2CCC1CC(Oc1cccc(C(N)=O)c1)C2,8.31,8.449349999999992,8.31
Cc1ccccc1CN1C2CCC1CC(Oc1cccc(C(N)=O)c1)C2,9.21,8.392499999999995,9.21
Cc1cccnc1CN1CCC2(CC1)C(=O)N(c1ccc(-c3ccc(-c4cc[nH]n4)cc3)cc1)C(=O)N2c1cc(=O)[nH]cn1,5.09,5.379149999999995,5.09
Cc1cccnc1CN1CCC2(CC1)C(=O)N(c1ccc(-c3ccc(C(=O)O)cc3)cc1)C(=O)N2c1ccncn1,4.51,4.944250000000002,4.51
Cc1cccnc1CN1CCC2(CC1)C(=O)N(c1ccc(-c3ccc(C(=O)O)cc3)cc1)C(=O)N2c1cnccn1,4.8,5.263249999999999,4.8
Cc1cccnc1CN1CCC2(CC1)C(=O)N(c1ccc(-c3ccc(C(=O)O)cc3)cc1)C(=O)N2c1ncccn1,4.72,4.919549999999998,4.72
Cc1cccnc1CN1CCC2(CC1)C(=O)N(c1ccc(-c3ccc(N4CCOCC4)cc3)cc1)C(=O)N2c1cc(=O)[nH]cn1,4.89,5.064149999999999,4.89
Cc1cccnc1CN1CCC2(CC1)C(=O)N(c1ccc(-c3ccc4scnc4c3)cc1)C(=O)N2c1cc(=O)[nH]cn1,5.82,5.0540499999999975,5.82
Cc1cccnc1CN1CCC2(CC1)C(=O)N(c1ccc(-c3ccccc3)cc1)C(=O)N2c1cc(=O)[nH]cn1,6.66,5.11445,6.66
Cc1cccnc1CN1CCC2(CC1)C(=O)N(c1ccc(-c3ccno3)cc1)C(=O)N2c1cc(=O)[nH]cn1,4.66,4.978750000000001,4.66
Cc1cccnc1CN1CCC2(CC1)C(=O)N(c1ccc(-n3cccn3)cc1)C(=O)N2c1cc(=O)[nH]cn1,5.05,4.9620999999999995,5.05
Cc1cccnc1CN1CCC2(CC1)C(=O)N(c1ccc(C3CCCCC3)cc1)C(=O)N2c1cc(=O)[nH]cn1,6.0,5.335549999999997,6.0
Cc1cccnc1CN1CCC2(CC1)C(=O)N(c1ccc(N3CCC3=O)cc1)C(=O)N2c1cc(=O)[nH]cn1,4.57,5.018649999999999,4.57
Cc1ccn2c3c(nc2c1)CCN(CCCSc1nnc(-c2cccc4nc(C)ccc24)n1C)CC3,6.6,5.717000000000004,6.6
Cc1ccncc1-c1cc2c(=NC3CCC(C)(N)C3(C)C)c(C(N)=O)c[nH]n2c1,4.75,5.083900000000002,4.75
Cc1ccoc1-c1nnc(SCCCN2CC3CC3(c3ccc(C(F)(F)F)cc3)C2)n1C,6.7,6.364700000000002,6.7
Cc1cnc(-c2nnc(SCCCN3CC4CC4(c4ccc(C(F)(F)F)cc4)C3)n2C)cn1,6.1,6.307200000000006,6.1
Cc1cnc(-c2nnc(SCCCN3CCc4ccc5oc(C(F)(F)F)nc5c4CC3)n2C)cn1,5.9,5.8374,5.9
Cc1nc(-c2ccc(CN3CCC(N(C)C(=O)Cc4ccc(-n5cnnn5)cc4)CC3)cc2)no1,5.19,5.343649999999998,5.19
Cc1nc(=NCC(=O)NC2CN(C3CCC(O)(c4cncs4)CC3)C2)c2cc(C(F)(F)F)ccc2[nH]1,4.59,4.818500000000001,4.59
Cc1nc(C)c(-c2ccc(N3C(=O)N(c4cc(=O)[nH]cn4)C4(CCN(Cc5ncccc5C)CC4)C3=O)cc2)s1,6.02,4.95855,6.02
Cc1nc(C)c(-c2nnc(SCCCN3CC4CC4(c4ccc(C(F)(F)F)cc4)C3)n2C)s1,5.7,6.403700000000003,5.7
Cc1nc(C)c(-c2nnc(SCCCN3CCC4(CCc5cc(Cl)ccc54)C3)n2C)s1,5.6,5.6633000000000004,5.6
Cc1nc(C)c(-c2nnc(SCCCN3CCC4(CCc5ccc(Cl)cc54)C3)n2C)s1,5.6,5.614300000000001,5.6
Cc1nc(C)c(-c2nnc(SCCCN3CCC4(CCc5ccc(F)cc54)C3)n2C)s1,5.2,5.6370000000000005,5.2
Cc1nc(C)c(-c2nnc(SCCCN3CCC4CC4(c4ccc(C(F)(F)F)cc4)CC3)n2C)o1,5.9,6.3895000000000035,5.9
Cc1nc(C)c(-c2nnc(SCCCN3CCC4CC4(c4ccc(C(F)(F)F)cc4)CC3)n2C)s1,6.2,6.412800000000005,6.2
Cc1nc(C)c(-c2nnc(SCCCN3CCc4ccc5oc(C(F)(F)F)nc5c4CC3)n2C)s1,6.1,5.857200000000001,6.1
Cc1nc(C2(c3cn[nH]c3)NC(c3nc(-c4ccc(F)cn4)c[nH]3)Cc3c2[nH]c2ccccc32)no1,5.38,5.798899999999998,5.38
Cc1nc(C2(c3cnn(C)c3)NC(c3nc(-c4ccc(F)cc4)c[nH]3)Cc3c2[nH]c2ccccc32)no1,5.77,5.481549999999996,5.77
Cc1nc(C2(c3cnn(C)c3)NC(c3nc(-c4ccc(F)cn4)c[nH]3)Cc3c2[nH]c2ccccc32)no1,5.07,5.060499999999997,5.07
Cc1nc(C2(c3cnn(C)c3)NC(c3nc(-c4ccccc4)c[nH]3)Cc3c2[nH]c2ccccc32)no1,5.75,5.520149999999997,5.75
Cc1nc(C2(c3cnn(C)c3)NC(c3nc(-c4ccccn4)c[nH]3)Cc3c2[nH]c2ccccc32)no1,5.285,5.096849999999998,5.285
Cc1nc(C2(c3cnn(CC4CC4)c3)NC(c3nc(-c4ccc(F)cn4)c[nH]3)Cc3c2[nH]c2ccccc32)no1,5.5,5.1730999999999945,5.5
Cc1nc2c(CCC34CCC(NCc5ccc6c(n5)NC(=O)CO6)(CC3)CO4)ccnc2cc1C#N,9.06,8.610699999999992,9.06
Cc1nc2c3c(ccc2o1)CCN(CCCSc1nnc(-c2ocnc2C)n1C)CC3,4.9,5.506000000000003,4.9
Cc1nc2cc(N3CCN(CCN4Cc5ccccc5C4)C3=O)ccc2s1,5.4,5.0857,5.4
Cc1nc2cc3c(cc2o1)CCN(CCCCSc1nnc(-c2ocnc2C)n1C)CC3,4.3,5.4973,4.3
Cc1nc2cc3c(cc2o1)CCN(CCCSc1nnc(-c2ccc(C(F)(F)F)cc2)n1C)CC3,5.4,6.3524000000000065,5.4
Cc1nc2cc3c(cc2o1)CCN(CCCSc1nnc(-c2ccc(F)c(F)c2)n1C)CC3,5.0,5.636300000000001,5.0
Cc1nc2cc3c(cc2o1)CCN(CCCSc1nnc(-c2cccnc2)n1C)CC3,4.3,5.233500000000005,4.3
Cc1nc2cc3c(cc2o1)CCN(CCCSc1nnc(-c2ocnc2C)n1C)CC3,4.5,5.4837,4.5
Cc1nc2cc3c(cc2s1)CCN(CCCSc1nnc(-c2ocnc2C)n1C)CC3,5.5,5.628899999999999,5.5
Cc1nc2ccc3c(c2s1)CCN(CCCSc1nnc(-c2ocnc2C)n1C)CC3,4.9,5.527,4.9
Cc1nc2n(c(=O)c1CCN1CCC(c3noc4cc(F)ccc34)CC1)CCCC2,6.83,5.301549999999997,6.83
Cc1nc2n(c(=O)c1CCN1CCC(c3noc4cc(F)ccc34)CC1)CCCC2O,5.89,5.302949999999998,5.89
Cc1nccc(N2C(=O)N(c3ccc(-c4ccc(C(=O)O)cc4C)cc3)C(=O)C23CCN(Cc2ncccc2C)CC3)n1,4.66,5.435599999999999,4.66
Cc1ncccc1-c1nc2cn(-c3cccc(OC(C)C)c3)nc2c(=O)n1CC1CCCN(CC2CCCO2)C1,5.17,4.898,5.17
Cc1ncccc1-c1nc2cn(-c3cccc(OC(F)F)c3)nc2c(=O)n1CC1CCCN(CC2CCCO2)C1,5.08,4.89,5.08
Cc1ncccc1-c1nc2cn(-c3ccccc3)nc2c(=O)n1CC1CCCN(CC2CCCO2)C1,4.92,4.997449999999998,4.92
Cc1ncccc1-c1nnc(SCCCN2CC3CC3(c3ccc(C(F)(F)F)cc3)C2)n1C,5.3,6.309800000000003,5.3
Cc1ncccc1-c1nnc(SCCCN2CCc3ccc4oc(C(F)(F)F)nc4c3CC2)n1C,5.4,5.821999999999999,5.4
Cc1ncccc1C(=O)N1CCC(NCc2cncn2Cc2ccc(C#N)cc2)C1=O,5.0,4.936100000000006,5.0
Cc1ncoc1-c1nnc(SCCCN2C3CCC2CC(c2ccc(C(C)(C)C)cc2)C3)n1C,6.0,6.276449999999999,6.0
Cc1ncoc1-c1nnc(SCCCN2C3CCC2CC(c2ccc(C(F)(F)F)cc2)C3)n1C,6.8,6.274149999999999,6.8
Cc1ncoc1-c1nnc(SCCCN2C3CCC2CC(c2ccc(C(F)(F)F)cc2F)C3)n1C,6.3,6.323549999999998,6.3
Cc1ncoc1-c1nnc(SCCCN2C3CCC2CC(c2cccc(C(F)(F)F)c2)C3)n1C,6.3,6.328599999999999,6.3
Cc1ncoc1-c1nnc(SCCCN2CC3CC3(c3cc(C(F)(F)F)ccc3F)C2)n1C,5.4,6.308699999999996,5.4
Cc1ncoc1-c1nnc(SCCCN2CC3CC3(c3cc(F)cc(C(F)(F)F)c3)C2)n1C,5.7,6.202599999999997,5.7
Cc1ncoc1-c1nnc(SCCCN2CC3CC3(c3ccc(Br)cc3)C2)n1C,6.3,6.019500000000004,6.3
Cc1ncoc1-c1nnc(SCCCN2CC3CC3(c3ccc(C(C)(C)C)cc3)C2)n1C,6.2,6.2862,6.2
Cc1ncoc1-c1nnc(SCCCN2CC3CC3(c3ccc(C(F)(F)F)c(F)c3)C2)n1C,6.2,6.040899999999994,6.2
Cc1ncoc1-c1nnc(SCCCN2CC3CC3(c3ccc(C(F)(F)F)cc3)C2)n1C,6.05,6.2913999999999985,6.05
Cc1ncoc1-c1nnc(SCCCN2CC3CC3(c3ccc(C(F)(F)F)cc3F)C2)n1C,6.1,6.306699999999996,6.1
Cc1ncoc1-c1nnc(SCCCN2CC3CC3(c3ccc(Cl)c(Cl)c3)C2)n1C,6.0,5.715099999999998,6.0
Cc1ncoc1-c1nnc(SCCCN2CC3CC3(c3ccc(Cl)cc3)C2)n1C,6.1,5.701099999999999,6.1
Cc1ncoc1-c1nnc(SCCCN2CC3CC3(c3ccc(Cl)cc3F)C2)n1C,6.3,5.530999999999997,6.3
Cc1ncoc1-c1nnc(SCCCN2CC3CC3(c3ccc(F)c(C(F)(F)F)c3)C2)n1C,5.7,6.042899999999994,5.7
Cc1ncoc1-c1nnc(SCCCN2CC3CC3(c3ccc(F)cc3)C2)n1C,5.7,5.772399999999999,5.7
Cc1ncoc1-c1nnc(SCCCN2CC3CC3(c3ccc(OC(F)(F)F)cc3)C2)n1C,6.6,6.110199999999996,6.6
Cc1ncoc1-c1nnc(SCCCN2CC3CC3(c3cccc(C(F)(F)F)c3)C2)n1C,5.5,6.268399999999997,5.5
Cc1ncoc1-c1nnc(SCCCN2CC3CC3(c3cccc(C(F)(F)F)c3F)C2)n1C,5.5,6.055299999999994,5.5
Cc1ncoc1-c1nnc(SCCCN2CC3CC3(c3cccc(Cl)c3)C2)n1C,5.9,5.594499999999997,5.9
Cc1ncoc1-c1nnc(SCCCN2CC3CC3(c3cccc(F)c3)C2)n1C,6.0,5.588399999999996,6.0
Cc1ncoc1-c1nnc(SCCCN2CC3CC3(c3cccc(OC(F)(F)F)c3)C2)n1C,6.0,6.039599999999994,6.0
Cc1ncoc1-c1nnc(SCCCN2CC3CC3(c3ccccc3)C2)n1C,5.8,5.640499999999998,5.8
Cc1ncoc1-c1nnc(SCCCN2CC3CC3(c3ccccc3C(F)(F)F)C2)n1C,5.2,6.054399999999995,5.2
Cc1ncoc1-c1nnc(SCCCN2CCC3(CCCc4cc(Br)ccc43)C2)n1C,6.2,5.723900000000001,6.2
Cc1ncoc1-c1nnc(SCCCN2CCC3(CCCc4ccc(Br)cc43)C2)n1C,5.9,5.6099,5.9
Cc1ncoc1-c1nnc(SCCCN2CCC3(CCOc4ccccc43)C2)n1C,5.2,5.556499999999995,5.2
Cc1ncoc1-c1nnc(SCCCN2CCC3(CCc4c(Br)cccc43)C2)n1C,6.2,5.619899999999997,6.2
Cc1ncoc1-c1nnc(SCCCN2CCC3(CCc4cc(Br)ccc43)C2)n1C,6.5,5.757500000000001,6.5
Cc1ncoc1-c1nnc(SCCCN2CCC3(CCc4cc(F)ccc43)C2)n1C,5.6,5.6165999999999965,5.6
Cc1ncoc1-c1nnc(SCCCN2CCC3(CCc4ccc(Br)cc43)C2)n1C,6.1,5.653499999999999,6.1
Cc1ncoc1-c1nnc(SCCCN2CCC3(c4ccc(C(F)(F)F)cc4)CC3C2)n1C,6.1,6.2999,6.1
Cc1ncoc1-c1nnc(SCCCN2CCC3(c4cccc(C(F)(F)F)c4)CC3C2)n1C,6.7,6.288899999999999,6.7
Cc1ncoc1-c1nnc(SCCCN2CCC3(c4ccccc4)CC3C2)n1C,5.3,5.633099999999997,5.3
Cc1ncoc1-c1nnc(SCCCN2CCC3CC3(c3ccc(C(F)(F)F)cc3)C2)n1C,5.7,6.295249999999999,5.7
Cc1ncoc1-c1nnc(SCCCN2CCC3CC3(c3ccc(C(F)(F)F)cc3)CC2)n1C,5.8,6.314,5.8
Cc1ncoc1-c1nnc(SCCCN2CCC3CC3(c3cccc(C(F)(F)F)c3)C2)n1C,5.7,6.281099999999999,5.7
Cc1ncoc1-c1nnc(SCCCN2CCC3CC3(c3ccccc3)C2)n1C,5.2,5.714699999999998,5.2
Cc1ncoc1-c1nnc(SCCCN2CCc3cc4c(cc3CC2)N(C)C(=O)CO4)n1C,4.6,5.433500000000002,4.6
Cc1ncoc1-c1nnc(SCCCN2CCc3cc4c(cc3CC2)OCC(=O)N4)n1C,7.2,7.143500000000002,7.2
Cc1ncoc1-c1nnc(SCCCN2CCc3cc4nc(C(C)C)oc4cc3CC2)n1C,5.4,5.584899999999997,5.4
Cc1ncoc1-c1nnc(SCCCN2CCc3cc4nc(C(F)(F)C(F)(F)F)oc4cc3CC2)n1C,6.7,6.662000000000002,6.7
Cc1ncoc1-c1nnc(SCCCN2CCc3cc4nc(CC5CC5)oc4cc3CC2)n1C,6.0,5.611299999999996,6.0
Cc1ncoc1-c1nnc(SCCCN2CCc3cc4ncoc4cc3CC2)n1C,5.2,5.494299999999995,5.2
Cc1ncoc1-c1nnc(SCCCN2CCc3cc4onc(C)c4cc3CC2)n1C,5.2,5.7315000000000005,5.2
Cc1ncoc1-c1nnc(SCCCN2CCc3ccc4nc(C(C)(F)F)oc4c3CC2)n1C,5.3,5.834000000000004,5.3
Cc1ncoc1-c1nnc(SCCCN2CCc3ccc4nc(C(F)(F)F)oc4c3CC2)n1C,5.3,5.957000000000001,5.3
Cc1ncoc1-c1nnc(SCCCN2CCc3ccc4oc(C(C)(F)F)nc4c3CC2)n1C,5.6,5.8450000000000015,5.6
Cc1ncoc1-c1nnc(SCCCN2CCc3ccc4oc(C(F)(F)C(F)(F)F)nc4c3CC2)n1C,6.5,6.364600000000005,6.5
Cc1ncoc1-c1nnc(SCCCN2CCc3ccc4oc(C(F)(F)F)nc4c3CC2)n1C,5.9,5.831999999999999,5.9
Cc1ncoc1-c1nnc(SCCCN2CCc3nc4cc(C(F)(F)F)ccn4c3CC2)n1C,6.1,6.231800000000001,6.1
Cc1ncoc1-c1nnc(SCCCN2CCc3nc4ccc(C(F)(F)F)cn4c3CC2)n1C,5.7,5.808999999999998,5.7
Cc1ncoc1-c1nnc(SCCCNC2CC3CC3(c3ccc(C(F)(F)F)cc3F)C2)n1C,6.0,6.259700000000001,6.0
Cc1ncoc1-c1nnc(SCCCNC2CC3CC3(c3ccccc3)C2)n1C,5.1,5.658449999999999,5.1
Cc1ncoc1-c1nnc(SCCCNC2CCC3(c4ccc(C(F)(F)F)cc4)CC23)n1C,6.2,6.2501999999999995,6.2
Cc1ncoc1-c1nnc(SCCCNC2CCC3(c4ccc(C(F)(F)F)cc4F)CC23)n1C,6.2,6.286600000000002,6.2
Cc1nnc(C2(c3cnn(C)c3)NC(c3nc(-c4ccc(F)cn4)c[nH]3)Cc3c2[nH]c2ccccc32)o1,5.5,5.096049999999999,5.5
Cc1noc2cc3c(cc12)CCN(CCCSc1nnc(-c2ccc(C(F)(F)F)cc2)n1C)CC3,6.9,6.364100000000005,6.9
Cc1oc(-c2ccccc2)nc1C(=O)N1CCC(Oc2ccc(CN3CCCC3)cc2)CC1,5.52,4.99085,5.52
ClC1C=NC(c2c[nH]c(-c3cc4c([nH]c5ccccc54)c(C4CCOCC4)n3)n2)CC1,6.33,5.553649999999997,6.33
Clc1cc(COCC2(c3ccccc3)CCNCC2)cc(Cl)n1,4.48,4.97695,4.48
Clc1ccc(-c2c[nH]c(C3Cc4c([nH]c5ccccc45)C(C4CCOCC4)N3)n2)cc1,6.84,6.31475,6.84
Clc1ccc(-c2c[nH]c(C3Cc4c([nH]c5ccccc45)C(C4CCOCC4)N3)n2)s1,6.28,6.304499999999997,6.28
Clc1ccc2c(c1)N=C(N1CCNCC1)c1ccccc1N2,5.35,6.011500000000002,5.35
Cn1c(=O)c2c(c(C#N)c(N3CCCC(N)C3)n2Cc2ccccc2)n(C)c1=O,5.37,5.3202000000000025,5.37
Cn1c(=O)n(Cc2nccc3ccccc23)c(=O)c2c1c(C#N)c(N1CCCC(N)C1)n2Cc1ccccc1,5.55,5.1951000000000045,5.55
Cn1c(SCCCN2CC3CC3(c3ccc(C(F)(F)F)cc3)C2)nnc1-c1ccccc1,6.2,6.430400000000003,6.2
Cn1c(SCCCN2CC3CC3(c3ccc(C(F)(F)F)cc3)C2)nnc1-c1ccnnc1,5.4,6.355400000000004,5.4
Cn1c(SCCCN2CC3CC3(c3ccc(C(F)(F)F)cc3)C2)nnc1-c1cncnc1,5.5,6.353000000000004,5.5
Cn1c(SCCCN2CCC3CC3(c3ccc(C(F)(F)F)cc3)CC2)nnc1-c1ccnnc1,5.3,6.353200000000005,5.3
Cn1c(SCCCN2CCc3ccc4oc(C(F)(F)F)nc4c3CC2)nnc1-c1ccccc1,6.6,5.9250000000000025,6.6
Cn1cc(-c2ccc(OC3CCN(C(=O)Cc4ccc(OC(F)(F)F)cc4)C3)c(C(N)=O)n2)cn1,5.17,4.782250000000001,5.17
Cn1cc(-c2ccc(OC3CCN(C(=O)Cc4ccc(OC(F)(F)F)cc4)CC3)c(C(N)=O)c2)cn1,5.35,4.974800000000003,5.35
Cn1cc(-c2ccc(OC3CCN(C(=O)Cc4ccc(OC(F)(F)F)cc4)CC3)c(C(N)=O)n2)cn1,5.28,4.973150000000002,5.28
Cn1cc(-c2ccc(OC3CCN(C(=O)Nc4ccc(OC(F)(F)F)cc4)CC3)c(C(N)=O)c2)cn1,5.42,5.144650000000004,5.42
Cn1cc(C2(c3ccc(C(=O)O)cn3)NC(c3nc(-c4ccc(F)cc4)c[nH]3)Cc3c2[nH]c2ccccc32)cn1,4.02,5.068350000000001,4.02
Cn1cc(C2(c3n[nH]c(=N)o3)NC(c3nc(-c4ccc(F)cn4)c[nH]3)Cc3c2[nH]c2ccccc32)cn1,4.45,5.1295,4.45
Cn1cc(C2(c3nc(=O)o[nH]3)NC(c3nc(-c4ccc(F)cn4)c[nH]3)Cc3c2[nH]c2ccccc32)cn1,5.92,5.003900000000001,5.92
Cn1cc(C2(c3nn(C)c(=O)o3)NC(c3nc(-c4ccc(F)cn4)c[nH]3)Cc3c2[nH]c2ccccc32)cn1,4.59,4.741750000000005,4.59
Cn1cc(C2(c3noc(CN)n3)NC(c3nc(-c4ccc(F)cn4)c[nH]3)Cc3c2[nH]c2ccccc32)cn1,5.43,5.081799999999998,5.43
Cn1cnc(-c2c[nH]c(=N)c(OC3CN(C(=O)Cc4ccc(OC(F)(F)F)cc4)CC3(F)F)c2)c1,4.82,4.570950000000003,4.82
Cn1cnc(-c2c[nH]c(=N)c(OC3CN(C(=O)Cc4ccc(OC(F)(F)F)cc4)CC3F)c2)c1,4.8100000000000005,4.803050000000001,4.8100000000000005
Cn1cnc(-c2ccc(OC3CCN(C(=O)Cc4ccc(OC(F)(F)F)cc4)CC3)c(C(N)=O)c2)c1,4.75,4.972900000000004,4.75
Cn1cnc(-c2cnc(OC3CCN(C(=O)Cc4ccc(OC(F)(F)F)cc4)CC3)c(C(N)=O)c2)c1,5.35,4.84305,5.35
Cn1cnc(-c2cnc(OC3CCN(C(=O)Cc4ccc(OC(F)(F)F)cc4)CC3F)c(C(N)=O)c2)c1,4.949999999999999,4.8059,4.949999999999999
Cn1nc(C(=O)N2CCC(Oc3ccc(CN4CCCC4)cc3)CC2)cc1-c1ccccc1,5.13,5.122799999999996,5.13
Cn1nc(C2(c3cn[nH]c3)NC(c3nc(-c4ccc(F)cn4)c[nH]3)Cc3c2[nH]c2ccccc32)oc1=O,4.67,4.837900000000004,4.67
FC(F)(F)Oc1ccc(-c2c[nH]c(C3Cc4c([nH]c5ccccc45)C(C4CCOCC4)N3)n2)cc1,6.89,6.712799999999999,6.89
FC(F)(F)Oc1cccc(-c2c[nH]c(C3Cc4c([nH]c5ccccc45)C(C4CCOCC4)N3)n2)c1,7.24,6.541200000000004,7.24
FC(F)(F)Oc1ccccc1CC(c1ccccc1)N1CCNCC1,4.96,5.086300000000002,4.96
FC(F)(F)c1cc(COCC2(c3ccccc3)CCNCC2)nc(C2CC2)c1,5.26,4.989750000000003,5.26
FC(F)(F)c1cc(COCC2(c3ccccc3)CCNCC2)nc(N2CCCC2)c1,5.64,4.990800000000002,5.64
FC(F)(F)c1cc(Cl)cc(COCC2(c3ccccc3)CCNCC2)c1,5.14,5.080850000000003,5.14
FC(F)(F)c1cc(Cl)cc(COCC2(c3ccccc3)CCNCC2)n1,4.6,5.068950000000003,4.6
FC(F)(F)c1cc(Cl)nc(COCC2(c3ccccc3)CCNCC2)c1,4.55,4.909700000000004,4.55
FC(F)(F)c1ccc(-c2c[nH]c(C3Cc4c([nH]c5ccccc45)C(C4CCOCC4)N3)n2)cc1,6.8,6.6690000000000005,6.8
FC(F)Oc1ccccc1CC(c1ccccc1)N1CCNCC1,4.9,5.073400000000001,4.9
FC1C=NC(c2c[nH]c(-c3cc4c([nH]c5ccccc54)c(C4CCCCC4)n3)n2)CC1,6.77,6.6255000000000095,6.77
FC1C=NC(c2c[nH]c(-c3cc4c([nH]c5ccccc54)c(C4CCOCC4)n3)n2)CC1,5.76,5.832749999999999,5.76
Fc1cc2ncn(C3CC4C(CNC(c5ccc(Cl)cc5)C(F)(F)F)C4C3)c2cc1F,6.34,5.6577,6.34
Fc1ccc(-c2c[nH]c(C3Cc4c([nH]c5ccccc45)C(C4CCOCC4)N3)n2)c(F)c1,6.2,6.242949999999999,6.2
Fc1ccc(-c2c[nH]c(C3Cc4c([nH]c5ccccc45)C(C4CCOCC4)N3)n2)cc1,6.42,6.576199999999999,6.42
Fc1ccc(-c2c[nH]c(C3Cc4c([nH]c5ccccc45)C(C4CCOCC4)N3)n2)cc1F,6.46,6.4513500000000015,6.46
Fc1ccc(C(Cc2ccccc2OC(F)(F)F)N2CCNCC2)cc1,5.09,5.071300000000003,5.09
Fc1ccc(C(Cc2ccccc2OC(F)F)N2CCNCC2)cc1,5.04,5.044200000000002,5.04
Fc1ccc(C2(COCc3cc(C(F)(F)F)cc(Cl)n3)CCNCC2)cc1,4.7,5.036250000000002,4.7
Fc1cccc(-c2c[nH]c(C3Cc4c([nH]c5ccccc45)C(C4CCOCC4)N3)n2)c1,6.59,6.374450000000001,6.59
Fc1cccc(C(Cc2ccccc2OC(F)(F)F)N2CCNCC2)c1,5.21,5.092000000000002,5.21
Fc1cccc(C(Cc2ccccc2OC(F)F)N2CCNCC2)c1,5.08,5.074500000000002,5.08
Fc1cccc(OC(F)F)c1CC(c1ccccc1)N1CCNCC1,4.98,4.990599999999999,4.98
Fc1ccccc1-c1c[nH]c(C2Cc3c([nH]c4ccccc34)C(C3CCOCC3)N2)n1,6.3,6.274899999999999,6.3
Fc1ccccc1C(Cc1ccccc1OC(F)(F)F)N1CCNCC1,5.69,4.8523999999999985,5.69
Fc1ccccc1C(Cc1ccccc1OC(F)F)N1CCNCC1,5.19,4.835099999999998,5.19
N#CC1(COc2ccc3ncc(F)c(CCC45CCC(NCc6ccc7c(n6)NC(=O)CO7)(CC4)CO5)c3n2)CC1,5.26,5.780099999999993,5.26
N#CCCCOc1ccc2ncc(F)c(CCC34CCC(NCc5ccc6c(n5)NC(=O)CO6)(CC3)CO4)c2n1,5.05,5.950999999999994,5.05
N#Cc1cc(=NCC(=O)NC2CN(C3CCC(O)(c4cncs4)CC3)C2)c2cc(C(F)(F)F)ccc2[nH]1,4.46,4.729799999999998,4.46
N#Cc1cc(C2CCC(C(N)=O)N2)ccc1OCc1ccccc1F,4.8,5.425449999999997,4.8
N#Cc1cc(CC(=O)N2CCN(CCc3ccc4c(c3)COC4=O)CC2)ccc1-n1cnnn1,5.15,5.4507,5.15
N#Cc1cc(N2CCN(CCN3CCC(C(F)(F)F)CC3)C2=O)ccc1F,5.2,5.105350000000004,5.2
N#Cc1cc(N2CCN(CCN3Cc4ccccc4C3)C2=O)ccc1F,5.0,5.193199999999999,5.0
N#Cc1ccc(=NC(=O)C(CN2CC(O)C2)Oc2ncnc3c2cnn3-c2c(Cl)cccc2C#N)[nH]c1,5.1,4.3557999999999995,5.1
N#Cc1ccc(=NC(=O)C(CN2CC(O)C2)Oc2ncnc3c2cnn3-c2c(Cl)cccc2Cl)[nH]c1,5.2,4.343399999999999,5.2
N#Cc1ccc(=NC(=O)C(CN2CC(O)C2)Oc2ncnc3c2cnn3-c2ccccc2Cl)[nH]c1,5.0,4.4439,5.0
N#Cc1ccc(=NC(=O)C(COCCO)Oc2ncnc3c2cnn3-c2ncccc2Cl)[nH]c1,4.3,4.408799999999999,4.3
N#Cc1ccc(CCN2CCN(C(=O)Cc3ccc(-n4cnnn4)cc3)CC2)cc1,6.38,5.041899999999999,6.38
N#Cc1ccc(CCN2CCN(CCc3ccc(C#N)cc3)CC2)cc1,7.92,5.736949999999999,7.92
N#Cc1ccc(CCN2CCN(CCc3ccc([N+](=O)[O-])cc3)CC2)cc1,8.05,8.245199999999997,8.05
N#Cc1ccc(CCN2CCN(CCc3ccc4c(c3)COC4=O)CC2)cc1,6.37,6.016900000000003,6.37
N#Cc1ccc(CCN2CCN(CCc3ccc4c(c3)COC4=O)CC2)cc1Br,6.25,6.0235,6.25
N#Cc1ccc(CCN2CCN(CCc3ccc4c(c3)COC4=O)CC2)cc1Cl,6.92,6.019299999999999,6.92
N#Cc1ccc(CCN2CCN(CCc3ccc4c(c3)COC4=O)CC2)cc1F,6.77,6.000899999999999,6.77
N#Cc1ccc(CCN2CCN(CCc3ccc4c(c3)COC4=O)CC2)cc1OC(F)(F)F,6.96,5.962499999999998,6.96
N#Cc1ccc(CCN2CCN(CCc3ccc4c(c3)COC4=O)CC2)cc1OC1CC1,6.33,5.972099999999999,6.33
N#Cc1ccc(CCN2CCN(CCc3ccc4nonc4c3)CC2)cc1,7.38,5.870199999999998,7.38
N#Cc1ccc(COc2ccc(C3CCC(C(N)=O)N3)cc2)cc1,5.1,5.084750000000001,5.1
N#Cc1ccc(Cn2cncc2CN(CCCN)C2CCN(Cc3ccccc3)C2=O)cc1,6.32,6.166400000000007,6.32
N#Cc1ccc(Cn2cncc2CN(CCCc2ccccc2)C2CCN(Cc3ccccc3)C2=O)cc1,7.62,6.140600000000007,7.62
N#Cc1ccc(Cn2cncc2CN(CCN2CCNCC2)C2CCN(Cc3ccccc3)C2=O)cc1,5.96,5.4085,5.96
N#Cc1ccc(Cn2cncc2CN(CCN2CCOCC2)C2CCN(Cc3ccccc3)C2=O)cc1,6.72,5.456650000000001,6.72
N#Cc1ccc(Cn2cncc2CN(Cc2cccnc2)C2CCN(Cc3ccccc3)C2=O)cc1,6.06,5.387300000000003,6.06
N#Cc1ccc(Cn2cncc2CNC2CCN(C(=O)c3ccc[nH]c3=N)C2=O)cc1,4.3,5.037600000000002,4.3
N#Cc1ccc(Cn2cncc2CNC2CCN(C(=O)c3ccc[nH]c3=O)C2=O)cc1,4.3,5.048300000000003,4.3
N#Cc1ccc(Cn2cncc2CNC2CCN(C(=O)c3ccc[nH]c3=S)C2=O)cc1,4.96,5.041400000000002,4.96
N#Cc1ccc(Cn2cncc2CNC2CCN(C(=O)c3cccc(Cl)c3)C2)cc1,5.24,6.0905499999999995,5.24
N#Cc1ccc(Cn2cncc2CNC2CCN(C(=O)c3cccc(Cl)c3)C2=O)cc1,5.24,5.9658999999999995,5.24
N#Cc1ccc(Cn2cncc2CNC2CCN(C(=O)c3cncc(Br)c3)C2=O)cc1,5.22,5.294700000000002,5.22
N#Cc1ccc(Cn2cncc2CNC2CCN(Cc3cccc(Cl)c3)C2=O)cc1,6.36,5.9293999999999984,6.36
N#Cc1ccc(Cn2cncc2CNC2CCN(Cc3ccccc3)C2=O)cc1,5.14,5.341100000000003,5.14
N#Cc1ccc(Cn2cncc2CNC2CCN(c3cccc4ncccc34)C2=O)cc1,5.09,5.1650000000000045,5.09
N#Cc1ccc(Cn2cncc2CNC2CCN(c3ccncc3)C2=O)cc1,5.5,5.197800000000004,5.5
N#Cc1ccc2c(=O)cc(C(=O)NC3CCN(Cc4ccc5c(c4)OCO5)CC3)oc2c1,8.3,7.971200000000005,8.3
N#Cc1ccc2c(c1)CCN(CCC1CCC(NC(=O)c3ccnc4ccccc34)CC1)C2,5.7,5.9403500000000005,5.7
N#Cc1ccc2c(c1)CN(C1CCN(c3nc(=N)[nH][nH]3)CC1)C(Cc1ccc(Cl)cc1)CO2,4.64,5.604100000000001,4.64
N#Cc1ccc2cc1Oc1cc(Cl)cc(c1)CN1CCC(NCc3cncn3C2)C1=O,6.66,5.50935,6.66
N#Cc1ccc2cc1Oc1ccc(Br)c(c1)CN1CCC(NCc3cncn3C2)C1=O,5.34,5.133299999999997,5.34
N#Cc1ccc2cc1Oc1ccc3c(c1)C(CC3)N1CCC(NCc3cncn3C2)C1=O,5.57,5.673999999999999,5.57
N#Cc1ccc2cc1Oc1ccc3c(c1)C(CCC3)N1CCC(NCc3cncn3C2)C1=O,5.16,5.638299999999998,5.16
N#Cc1ccc2cc1Oc1ccc3c(c1)C(CCO3)N1CCC(NCc3cncn3C2)C1=O,6.82,5.133699999999997,6.82
N#Cc1ccc2cc1Oc1ccc3cccc(c3c1)N1CCC(NC(=O)Cc3cncn3C2)C1=O,5.0,5.508749999999999,5.0
N#Cc1ccc2cc1Oc1ccc3cccc(c3c1)N1CCC(NCCc3cncn3C2)C1=O,5.885,5.572549999999996,5.885
N#Cc1ccc2cc1Oc1ccc3cccc(c3c1)N1CCC(NCc3cncn3C2)C1=O,5.03,5.466149999999999,5.03
N#Cc1ccc2cc1Oc1cccc(c1)-c1ccccc1N1CCC(NCc3cncn3C2)C1=O,5.58,5.419950000000001,5.58
N#Cc1ccc2cc1Oc1cccc(c1)C(c1cccc(Cl)c1)N1CCC(NCc3cncn3C2)C1=O,6.6850000000000005,5.84265,6.6850000000000005
N#Cc1ccc2cc1Oc1cccc(c1)C(c1ccccc1)N1CCC(NCc3cncn3C2)C1=O,6.02,5.288349999999999,6.02
N#Cc1ccc2cc1Oc1cccc(c1)CN1CCC(NCc3cncn3C2)C1=O,5.145,5.113599999999996,5.145
N#Cc1ccc2ncc(C#N)c(CCC34CCC(NCc5ccc6c(n5)NC(=O)CO6)(CC3)CO4)c2n1,8.78,6.891849999999997,8.78
N#Cc1ccc2ncc(F)c(CCC34CCC(NCc5ccc6c(n5)NC(=O)CO6)(CC3)CO4)c2n1,8.41,6.759599999999997,8.41
N#Cc1cccc(CCN2CCN(C(=O)Cc3ccc(-n4cnnn4)cc3)CC2)c1,5.57,5.1903999999999995,5.57
N#Cc1cccc(CCN2CCN(CCc3ccc([N+](=O)[O-])cc3)CC2)c1,7.66,8.255999999999997,7.66
N#Cc1cccc(COc2ccc(C3CCC(C(N)=O)N3)cc2)c1,4.9,5.116900000000001,4.9
N#Cc1cccc(Cl)c1-n1ncc2c(OC(CN3CC(O)C3)C(=O)N=c3ccc(F)c[nH]3)ncnc21,4.3,4.3219,4.3
N#Cc1cccc(Cl)c1-n1ncc2c(OC(COCCO)C(=O)N=c3ccc(F)c[nH]3)ncnc21,4.2,4.455000000000002,4.2
N#Cc1cccc(N2CCN(CCN3CCC(C(F)(F)F)CC3)C2=O)c1,5.1,5.155050000000001,5.1
N#Cc1cccc(N2CCN(CCN3Cc4ccccc4C3)C2=O)c1,5.5,5.307599999999999,5.5
N#Cc1ccccc1C1CCC(N2CC(NC(=O)CN=c3[nH]cnc4ccc(C(F)(F)F)cc34)C2)CC1,5.68,5.251500000000001,5.68
N#Cc1ccccc1COc1ccc(C2CCC(C(N)=O)N2)cc1,4.8,5.408100000000001,4.8
N#Cc1ccccc1Oc1ccc(C2CCC(C(N)=O)N2)cc1,5.4,5.573249999999994,5.4
N=c1ccc2ncc(F)c(CCC34CCC(NCc5ccc6c(n5)NC(=O)CO6)(CC3)CO4)c2[nH]1,8.49,6.844749999999996,8.49
N=c1nc(N2CCC(N(CCO)CCc3ccc(Cl)cc3)CC2)[nH][nH]1,5.2,5.1259000000000015,5.2
N=c1nc(N2CCC(N(CCc3ccc(Cl)cc3)C3COC3)CC2)[nH][nH]1,5.36,5.289850000000001,5.36
N=c1nc(N2CCC(N(CCc3ccc(Cl)cc3)CC(=O)O)CC2)[nH][nH]1,5.1,5.2780000000000005,5.1
N=c1nc(N2CCC(N(CCc3ccc(Cl)cc3)CC3CCCCO3)CC2)[nH][nH]1,4.96,5.285400000000002,4.96
N=c1nc(N2CCC(N(CCc3ccc(Cl)cc3)CC3CCCO3)CC2)[nH][nH]1,4.82,5.269600000000001,4.82
N=c1nc(N2CCC(N(CCc3ccc(Cl)cc3)Cc3cc(F)ccc3F)CC2)[nH][nH]1,5.47,5.353250000000002,5.47
N=c1nc(N2CCC(N(CCc3ccc(Cl)cc3)Cc3ccc(Cl)cc3)CC2)[nH][nH]1,6.4,5.272400000000002,6.4
N=c1nc(N2CCC(N(CCc3ccc(Cl)cc3)Cc3ccc(F)cc3Cl)CC2)[nH][nH]1,5.4,5.350900000000001,5.4
N=c1nc(N2CCC(N(CCc3ccc(Cl)cc3)Cc3cccc(C(F)(F)F)c3)CC2)[nH][nH]1,5.57,5.376400000000001,5.57
N=c1nc(N2CCC(N(CCc3ccc(Cl)cc3)Cc3cccc(Cl)c3)CC2)[nH][nH]1,5.43,5.4437000000000015,5.43
N=c1nc(N2CCC(N(CCc3ccc(Cl)cc3)Cc3cccc(O)c3)CC2)[nH][nH]1,6.82,5.218700000000001,6.82
N=c1nc(N2CCC(N(CCc3ccc(Cl)cc3)Cc3ccccc3Cl)CC2)[nH][nH]1,5.7,5.242800000000002,5.7
N=c1nc(N2CCC(N(CCc3ccc(Cl)cc3)Cc3ccccc3O)CC2)[nH][nH]1,7.0,5.137500000000001,7.0
N=c1nc(N2CCC(N(CCc3ccc(Cl)cc3)Cc3ccncc3Cl)CC2)[nH][nH]1,5.19,5.423800000000003,5.19
N=c1nc(N2CCC(N(Cc3ccccc3)C(CO)Cc3ccc(Cl)cc3)CC2)[nH][nH]1,5.54,5.483299999999999,5.54
N=c1nc(N2CCC(N3CC(O)CC3Cc3ccc(Cl)cc3)CC2)[nH][nH]1,4.57,5.347050000000001,4.57
N=c1nc(N2CCC(N3CCCC3Cc3ccc(Cl)cc3)CC2)[nH][nH]1,5.4,5.535600000000001,5.4
N=c1nc(N2CCC(N3CCCCC3Cc3ccc(Cl)cc3)CC2)[nH][nH]1,5.08,5.538700000000001,5.08
N=c1nc(N2CCC(N3CCOCC3Cc3ccc(Cl)cc3)CC2)[nH][nH]1,4.41,5.529050000000001,4.41
N=c1nc(N2CCC(N3Cc4cc(Cl)cc(Cl)c4OCC3Cc3ccc(Cl)cc3)CC2)[nH][nH]1,5.22,5.606800000000002,5.22
N=c1nc(N2CCC(N3Cc4cc(Cl)ccc4OCC3Cc3ccc(Cl)cc3)CC2)[nH][nH]1,5.17,5.1034999999999995,5.17
N=c1nc(N2CCC(N3Cc4cc(F)ccc4OCC3Cc3ccc(Cl)cc3)CC2)[nH][nH]1,5.17,4.955649999999998,5.17
N=c1nc(N2CCC(N3Cc4ccccc4OCC3Cc3ccc(Cl)cc3)CC2)[nH][nH]1,4.66,4.9834999999999985,4.66
N=c1nc(N2CCC(N3Cc4ccncc4OCC3Cc3ccc(Cl)cc3)CC2)[nH][nH]1,4.3,4.98445,4.3
N=c1nc(N2CCC(N3Cc4cnccc4OCC3Cc3ccc(Cl)cc3)CC2)[nH][nH]1,4.77,4.97865,4.77
NC(=O)C(F)(F)CCOc1ccc2ncc(F)c(CCC34CCC(NCc5ccc6c(n5)NC(=O)CO6)(CC3)CO4)c2n1,5.04,5.162799999999997,5.04
NC(=O)C1CCC(c2ccc(OCc3ccc(F)cc3)cc2)N1,5.1,4.977200000000004,5.1
NC(=O)C1CCC(c2ccc(OCc3cccc(F)c3)cc2)N1,5.5,5.027,5.5
NC(=O)C1CCC(c2ccc(OCc3ccccc3)cc2)N1,5.1,5.123350000000003,5.1
NC(=O)C1CCC(c2ccc(OCc3ccccc3F)cc2)N1,5.1,4.8437000000000054,5.1
NC(=O)C1CCC(c2ccc(OCc3ccccc3F)cc2F)N1,4.9,4.880450000000007,4.9
NC(=O)C1CCC(c2ccc(OCc3ccccc3F)cn2)N1,4.8,4.891200000000006,4.8
NC(=O)C1CCC(c2ccc(Oc3ccc(F)cc3)cc2)N1,5.3,5.207899999999995,5.3
NC(=O)C1CCC(c2ccc(Oc3cccc(F)c3)cc2)N1,5.1,5.184549999999994,5.1
NC(=O)C1CCC(c2ccc(Oc3ccccc3)cc2)N1,4.9,5.301249999999995,4.9
NC(=O)C1CCC(c2cccc(OCc3ccccc3)c2)N1,4.6,5.299500000000002,4.6
NC(=O)C1CCC(c2cccc(Oc3ccccc3)c2)N1,4.2,5.435049999999995,4.2
NC(=O)C1CCCC(c2ccc(OCc3cccc(F)c3)cc2)N1,5.0,5.0251,5.0
NC(=O)C1CSCC(c2ccc(OCc3cccc(F)c3)cc2)N1,4.6,5.046900000000001,4.6
NC(=O)c1c[nH]c2c(Cl)cc(-c3cccnc3)cc2c1=NC1CCOCC1,5.96,5.5493,5.96
NC(=O)c1c[nH]c2c(F)cc(-c3cccnc3)cc2c1=NC1CCOCC1,5.0,5.509199999999997,5.0
NC(=O)c1c[nH]c2cc(Cl)c(-c3cccnc3)cc2c1=NC1CCOCC1,5.92,5.466999999999997,5.92
NC(=O)c1c[nH]c2cc(F)c(-c3cccnc3)cc2c1=NC1CCOCC1,5.7,5.445049999999996,5.7
NC(=O)c1c[nH]c2ccc(-c3cccnc3)c(F)c2c1=NC1CCOCC1,4.89,5.324449999999997,4.89
NC(=O)c1c[nH]c2ccc(-c3cccnc3)cc2c1=NC1CCCC1,6.24,5.576199999999999,6.24
NC(=O)c1c[nH]c2ccc(-c3cccnc3)cc2c1=NC1CCOCC1,5.68,5.521849999999996,5.68
NC(=O)c1c[nH]c2ccc(-c3cccnc3)cc2c1=NCC1CCCCC1,6.08,5.693299999999997,6.08
NC(=O)c1c[nH]c2ccc(-c3cccnc3)cc2c1=NCC1CCOCC1,5.64,5.576549999999997,5.64
NC(=O)c1cc(F)cc(OC2CC3CCC(C2)N3Cc2ccccc2)c1,6.17,7.019699999999996,6.17
NC(=O)c1cc(OC2CC3CCC(C2)N3Cc2ccccc2)ccn1,5.8,6.585949999999992,5.8
NC(=O)c1ccc(OC2CC3CCC(C2)N3Cc2ccccc2)c(F)c1,5.85,6.5639499999999975,5.85
NC(=O)c1ccc(OC2CC3CCC(C2)N3Cc2ccccc2)cc1,6.17,6.621449999999997,6.17
NC(=O)c1ccc(OC2CC3CCC(C2)N3Cc2ccccc2)nc1,5.89,6.497699999999993,5.89
NC(=O)c1cccc(CC2CC3CCC(C2)N3Cc2ccccc2)c1,6.21,6.131799999999995,6.21
NC(=O)c1cccc(NC2CC3CCC(C2)N3Cc2ccccc2)c1,5.96,6.112549999999996,5.96
NC(=O)c1cccc(OC2CC3CCC(C2)N3C2(c3ccccc3)CC2)c1,8.32,8.226050000000004,8.32
NC(=O)c1cccc(OC2CC3CCC(C2)N3C2CCCCC2)c1,7.82,8.355149999999998,7.82
NC(=O)c1cccc(OC2CC3CCC(C2)N3C2CCCc3ccccc32)c1,9.02,8.320550000000003,9.02
NC(=O)c1cccc(OC2CC3CCC(C2)N3CC(=O)Nc2ccccc2)c1,9.14,8.252250000000005,9.14
NC(=O)c1cccc(OC2CC3CCC(C2)N3CC2CC2)c1,8.14,8.373700000000001,8.14
NC(=O)c1cccc(OC2CC3CCC(C2)N3CC2CCCCC2)c1,7.199999999999999,8.373700000000001,7.199999999999999
NC(=O)c1cccc(OC2CC3CCC(C2)N3CCCc2ccccc2)c1,9.6,8.224200000000002,9.6
NC(=O)c1cccc(OC2CC3CCC(C2)N3CCc2ccccc2)c1,9.42,8.232300000000002,9.42
NC(=O)c1cccc(OC2CC3CCC(C2)N3Cc2ccc3c(c2)OCO3)c1,9.21,8.637249999999998,9.21
NC(=O)c1cccc(OC2CC3CCC(C2)N3Cc2ccccc2)c1,6.21,8.429449999999997,6.21
NC(=O)c1cccc(OC2CC3CCC(C2)N3Cc2ccccc2)n1,6.0,6.400999999999995,6.0
NC(=O)c1cccc(OC2CC3CCC(C2)N3Cc2ccccn2)c1,8.72,8.382449999999999,8.72
NC(=O)c1cccc(OC2CC3CCC(C2)N3Cc2cccnc2)c1,8.46,8.574099999999993,8.46
NC(=O)c1cccc(OC2CC3CCC(C2)N3Cc2cccs2)c1,9.37,8.29635,9.37
NC(=O)c1cccc(OC2CC3CCC(C2)N3Cc2ccncc2)c1,8.82,8.60004999999999,8.82
NC(=O)c1cccc(SC2CC3CCC(C2)N3Cc2ccccc2)c1,5.96,6.121849999999998,5.96
NC(=O)c1cccc([S+]([O-])C2CC3CCC(C2)N3Cc2ccccc2)c1,4.7,6.112549999999996,4.7
NC(=O)c1ccccc1OC1CC2CCC(C1)N2Cc1ccccc1,6.47,6.238949999999999,6.47
NC(=O)c1ccnc(OC2CC3CCC(C2)N3Cc2ccccc2)c1,6.0,6.676899999999992,6.0
NC(=O)c1cnc2ccc(-c3cccnc3)cc2c1SC1CCCC1,5.29,5.5725000000000025,5.29
NC(=O)c1cncc(OC2CC3CCC(C2)N3Cc2ccccc2)c1,5.82,7.132799999999994,5.82
NC(=O)c1cncc(OC2CC3CCC(C2)N3Cc2ccccc2)n1,4.82,6.275799999999995,4.82
NC1(COc2ccc3ncc(F)c(CCC45CCC(NCc6ccc7c(n6)NC(=O)CO7)(CC4)CO5)c3n2)CC1,5.43,5.4586999999999986,5.43
NC1C(=O)NC1COc1ccc2ncc(F)c(CCC34CCC(NCc5ccc6c(n5)NC(=O)CO6)(CC3)CO4)c2n1,4.54,5.498899999999997,4.54
NC1C(=O)NCC1Oc1ccc2ncc(F)c(CCC34CCC(NCc5ccc6c(n5)NC(=O)CO6)(CC3)CO4)c2n1,4.4,5.553199999999999,4.4
NC1CC1COc1ccc2ncc(F)c(CCC34CCC(NCc5ccc6c(n5)NC(=O)CO6)(CC3)CO4)c2n1,6.7,5.556299999999997,6.7
NC1COC1COc1ccc2ncc(F)c(CCC34CCC(NCc5ccc6c(n5)NC(=O)CO6)(CC3)CO4)c2n1,4.6850000000000005,5.498899999999997,4.6850000000000005
NC1COCC1Oc1ccc2ncc(F)c(CCC34CCC(NCc5ccc6c(n5)NC(=O)CO6)(CC3)CO4)c2n1,5.44,5.592599999999999,5.44
NCC(O)COc1ccc2ncc(F)c(CCC34CCC(NCc5ccc6c(n5)NC(=O)CO6)(CC3)CO4)c2n1,5.48,5.41555,5.48
NCC1(COc2ccc3ncc(F)c(CCC45CCC(NCc6ccc7c(n6)NC(=O)CO7)(CC4)CO5)c3n2)CC1,5.12,5.4586999999999986,5.12
NCCCCOc1ccc2ncc(F)c(CCC34CCC(NCc5ccc6c(n5)NC(=O)CO6)(CC3)CO4)c2n1,5.1,5.3611,5.1
NCCCOc1ccc2ncc(F)c(CCC34CCC(NCc5ccc6c(n5)NC(=O)CO6)(CC3)CO4)c2n1,5.1,5.353899999999999,5.1
NCCOc1ccc2ncc(F)c(CCC34CCC(NCc5ccc6c(n5)NC(=O)CO6)(CC3)CO4)c2n1,4.76,5.262399999999999,4.76
Nc1cccnc1C1CCC(N2CC(NC(=O)CN=c3[nH]cnc4ccc(C(F)(F)F)cc34)C2)CC1,5.08,5.314600000000001,5.08
Nc1cnccc1C1CCC(N2CC(NC(=O)CN=c3[nH]cnc4ccc(C(F)(F)F)cc34)C2)CC1,4.34,5.192299999999997,4.34
O=C(CCCN1CCC(O)(c2ccc(Cl)cc2)CC1)c1ccc(F)cc1,7.57,5.782750000000002,7.57
O=C(CN=c1[nH]c(C(F)(F)F)nc2ccc(C(F)(F)F)cc12)NC1CN(C2CCC(O)(c3cncs3)CC2)C1,4.49,4.5829999999999975,4.49
O=C(CN=c1[nH]ccc2ccc(C(F)(F)F)cc12)NC1CN(C2CCC(O)(c3cncs3)CC2)C1,4.48,4.58965,4.48
O=C(CN=c1[nH]cnc2ccc(C(F)(F)F)cc12)NC1CN(C2CCC(O)(c3ccccc3)CC2)C1,4.77,4.705200000000002,4.77
O=C(CN=c1[nH]cnc2ccc(C(F)(F)F)cc12)NC1CN(C2CCC(O)(c3ccns3)CC2)C1,4.55,4.699300000000003,4.55
O=C(CN=c1[nH]cnc2ccc(C(F)(F)F)cc12)NC1CN(C2CCC(c3ccc(O)cn3)CC2)C1,4.89,4.9381,4.89
O=C(CN=c1[nH]cnc2ccc(C(F)(F)F)cc12)NC1CN(C2CCC(c3ccccc3)CC2)C1,5.28,5.577849999999997,5.28
O=C(CN=c1[nH]cnc2ccc(C(F)(F)F)cc12)NC1CN(C2CCC(c3ccccc3O)CC2)C1,5.18,5.148200000000002,5.18
O=C(CN=c1[nH]cnc2ccc(C(F)(F)F)cc12)NC1CN(C2CCC(c3ccccn3)CC2)C1,5.12,5.2897,5.12
O=C(CN=c1[nH]cnc2ccc(C(F)(F)F)cc12)NC1CN(C2CCC(c3cccnc3)CC2)C1,4.8,5.3453,4.8
O=C(CN=c1cc(C(F)(F)F)[nH]c2ccc(C(F)(F)F)cc12)NC1CN(C2CCC(O)(c3cncs3)CC2)C1,4.44,4.566999999999996,4.44
O=C(CN=c1cc[nH]c2ccc(C(F)(F)F)cc12)NC1CN(C2CCC(O)(c3cncs3)CC2)C1,4.95,4.5619,4.95
O=C(Cc1ccc(-n2cnnn2)cc1)N1CCN(CCc2ccc([N+](=O)[O-])cc2)CC1,6.8,7.719199999999998,6.8
O=C(Cc1ccc(-n2cnnn2)cc1)N1CCN(CCc2ccc3c(c2)COC3)CC1,5.6,5.4616999999999996,5.6
O=C(Cc1ccc(-n2cnnn2)cc1)N1CCN(CCc2ccc3nonc3c2)CC1,5.89,5.552899999999999,5.89
O=C(Cc1ccc([N+](=O)[O-])cc1)N1CCN(CCc2ccc([N+](=O)[O-])cc2)CC1,7.34,7.807299999999998,7.34
O=C(Cc1ccc2c(O)occ2c1)N1CCN(CCc2ccc([N+](=O)[O-])cc2)CC1,5.89,7.7825999999999995,5.89
O=C(N=c1ccc(Cl)c[nH]1)C(CN1CC(O)C1)Oc1ncnc2c1cnn2-c1ccccc1Cl,5.0,4.847000000000001,5.0
O=C(N=c1ccc(Cl)c[nH]1)C(CN1CC(O)C1)Oc1ncnc2c1cnn2-c1ncccc1Cl,4.3,4.6359499999999985,4.3
O=C(N=c1ccc(Cl)c[nH]1)C(COCCO)Oc1ncnc2c1cnn2-c1ccccc1Cl,4.8,4.649200000000002,4.8
O=C(N=c1ccc(Cl)c[nH]1)C(COCCO)Oc1ncnc2c1cnn2-c1ncccc1Cl,4.3,4.364099999999997,4.3
O=C(N=c1ccc(F)c[nH]1)C(CN1CC(O)C1)Oc1ncnc2c1cnn2-c1c(Cl)cccc1Cl,4.71,4.47985,4.71
O=C(N=c1ccc(F)c[nH]1)C(CN1CC(O)C1)Oc1ncnc2c1cnn2-c1c(F)cccc1Cl,4.6,4.482450000000002,4.6
O=C(N=c1ccc(F)c[nH]1)C(CN1CC(O)C1)Oc1ncnc2c1cnn2-c1ccccc1Cl,4.42,4.547550000000002,4.42
O=C(N=c1ccc(F)c[nH]1)C(COCCO)Oc1ncnc2c1cnn2-c1c(Cl)cccc1Cl,4.7,4.25275,4.7
O=C(N=c1ccc(F)c[nH]1)C(COCCO)Oc1ncnc2c1cnn2-c1c(F)cccc1Cl,4.5,4.253550000000001,4.5
O=C(N=c1ccc(F)c[nH]1)C(COCCO)Oc1ncnc2c1cnn2-c1ccccc1Cl,4.4,4.410350000000003,4.4
O=C(N=c1cccc[nH]1)C(CN1CC(O)C1)Oc1ncnc2c1cnn2-c1c(F)cccc1Cl,4.1,4.617850000000001,4.1
O=C(NC(C1CC1)C1C2CC(n3cnc4cc(F)c(F)cc43)CC21)c1ccc(Cl)cc1,6.25,5.807899999999995,6.25
O=C(NC1CC1)c1ccc(-c2ccc3c(c2)CCN(CCN2CCCC2)C3=O)cc1,4.96,5.20395,4.96
O=C(NC1CCC1)c1ccc(-c2ccc3c(c2)CCN(CCN2CCCC2)C3=O)cc1,5.6,5.20395,5.6
O=C(NC1CCCC1)c1ccc(-c2ccc3c(c2)CCN(CCN2CCCC2)C3=O)cc1,5.09,5.293049999999999,5.09
O=C(NC1CCN(Cc2cc3c(cc2Cl)OCO3)CC1)c1cc(=O)c2ccc(F)cc2o1,7.87,8.038099999999998,7.87
O=C(NC1CCN(Cc2ccc3c(c2)OC(F)(F)O3)CC1)c1cc(=O)c2ccc(F)cc2o1,8.25,8.092999999999995,8.25
O=C(NC1CCN(Cc2ccc3c(c2)OCCO3)CC1)c1cc(=O)c2ccc(F)cc2o1,7.91,8.092899999999993,7.91
O=C(NC1CCN(Cc2ccc3c(c2)OCO3)CC1)c1cc(=O)c2cc(Cl)c(Cl)cc2o1,8.85,8.098599999999994,8.85
O=C(NC1CCN(Cc2ccc3c(c2)OCO3)CC1)c1cc(=O)c2cc(F)c(Cl)cc2o1,7.98,8.017699999999992,7.98
O=C(NC1CCN(Cc2ccc3c(c2)OCO3)CC1)c1cc(=O)c2cc(F)c(F)cc2o1,8.21,8.017699999999992,8.21
O=C(NC1CCN(Cc2ccc3c(c2)OCO3)CC1)c1cc(=O)c2cc(F)ccc2o1,8.4,7.803699999999992,8.4
O=C(NC1CCN(Cc2ccc3c(c2)OCO3)CC1)c1cc(=O)c2ccc(Br)cc2o1,8.6,8.123599999999994,8.6
O=C(NC1CCN(Cc2ccc3c(c2)OCO3)CC1)c1cc(=O)c2ccc(Cl)cc2o1,8.44,8.089699999999995,8.44
O=C(NC1CCN(Cc2ccc3c(c2)OCO3)CC1)c1cc(=O)c2ccc(O)cc2o1,7.2,8.123599999999994,7.2
O=C(NC1CCN(Cc2ccc3c(c2)OCO3)CC1)c1cc(=O)c2ccc(OC(F)F)cc2o1,8.44,8.086899999999998,8.44
O=C(NC1CCN(Cc2ccc3c(c2)OCO3)CC1)c1cc(=O)c2ccccc2o1,8.17,7.839199999999994,8.17
O=C(NC1CCN(Cc2cccc(F)c2)CC1)c1cc(=O)c2ccc(F)cc2o1,7.67,8.073599999999997,7.67
O=C(NC1CCN(Cc2ccccc2)CC1)c1cc(=O)c2ccc(F)cc2o1,7.7,8.016299999999998,7.7
O=C(NCC1C2CC(n3cnc4cc(F)c(F)cc43)CC12)c1ccc(Cl)cc1,5.32,5.846599999999998,5.32
O=C(NCC1CCN(Cc2ccc(Br)nc2)CC1)c1cc(Cl)cc(Cl)c1,6.18,5.930600000000004,6.18
O=C(NCC1CCN(Cc2cccc(C(F)(F)F)c2)CC1)c1cc(Cl)cc(Cl)c1,6.32,5.960300000000002,6.32
O=C(Nc1ccc(Br)cc1)N1CCN(CC2CCCN(C3CC3)C2)CC1,5.15,5.2876999999999965,5.15
O=C(Nc1ccc(C(F)(F)F)c(Cl)c1)N1CCN(CC2CCCN(C3CC3)C2)CC1,6.05,5.386199999999993,6.05
O=C(Nc1ccc(C(F)(F)F)cc1)N1CCN(CC2CCCN(C3CC3)C2)CC1,5.2,5.436849999999998,5.2
O=C(Nc1ccc(Cl)c(C(F)(F)F)c1)N1CCN(CC2CCCN(C3CC3)C2)CC1,5.2,5.403049999999995,5.2
O=C(Nc1ccc(Cl)c(Cl)c1)N1CCN(C(=O)C2CN(C3CC3)CCN2)CC1,4.72,4.998199999999996,4.72
O=C(Nc1ccc(Cl)c(Cl)c1)N1CCN(CC2CCCN(C3CC3)C2)CC1,5.7,5.4219499999999945,5.7
O=C(Nc1ccc(Cl)c(Cl)c1)N1CCN(CC2CCCN(CC3CC3)C2)CC1,6.03,5.572199999999994,6.03
O=C(Nc1ccc(Cl)c(Cl)c1)N1CCN(CC2CCCN(CCCc3ccccc3)C2)CC1,6.4,6.564300000000003,6.4
O=C(Nc1ccc(Cl)c(Cl)c1)N1CCN(CC2CCCN(Cc3ccccc3)C2)CC1,6.25,5.843149999999996,6.25
O=C(Nc1ccc(Cl)c(Cl)c1)N1CCN(CC2CCCNC2)CC1,5.8,5.590549999999997,5.8
O=C(Nc1ccc(Cl)c(Cl)c1)N1CCN(CC2CN(C3CC3)CCO2)CC1,4.8,5.178100000000001,4.8
O=C(Nc1ccc(Cl)cc1)N1CCN(CC2CCCN(C3CC3)C2)CC1,4.85,5.425499999999997,4.85
O=C(Nc1ccc(F)c(Cl)c1)N1CCN(CC2CCCN(C3CC3)C2)CC1,4.85,5.473599999999996,4.85
O=C(Nc1cccc(C(F)(F)F)c1)N1CCN(CC2CCCN(C3CC3)C2)CC1,4.89,5.312099999999995,4.89
O=C(Nc1cccc(Cl)c1)N1CCN(CC2CCCN(C3CC3)C2)CC1,4.55,5.501549999999998,4.55
O=C(O)CCCCOc1ccc2ncc(F)c(CCC34CCC(NCc5ccc6c(n5)NC(=O)CO6)(CC3)CO4)c2n1,4.36,5.334900000000002,4.36
O=C(O)c1cccc(-c2c[nH]c(C3Cc4c([nH]c5ccccc45)C(C4CCOCC4)N3)n2)c1,6.08,6.640500000000003,6.08
O=C(c1c(-c2ccc(O)cc2)oc2ccc(O)c(CN3CCC4(COC4)C3)c12)N1CC(F)C1,5.0,5.08485,5.0
O=C(c1c(-c2ccc(O)cc2)oc2ccc(O)c(CN3CCC4(COC4)C3)c12)N1CCC1,5.16,5.128750000000001,5.16
O=C(c1c(-c2ccc(O)cn2)oc2ccc(O)c(CN3CCCCC3)c12)N1CC(F)C1,5.13,4.9239,5.13
O=C(c1c(-c2ccc(O)cn2)oc2ccc(O)c(CN3CCCCC3)c12)N1CCC1,4.88,4.945950000000002,4.88
O=C(c1cc(-c2ccccc2)on1)N1CCC(Oc2ccc(CN3CCCC3)cc2)CC1,5.48,5.250449999999996,5.48
O=C(c1ccc(-c2ccc3c(c2)CCN(CCN2CCCC2)C3=O)c(F)c1)N1CCCC1,4.95,5.031100000000002,4.95
O=C(c1ccc(-c2ccc3c(c2)CCN(CCN2CCCC2)C3=O)cc1)N1CCCC1,5.06,4.977599999999997,5.06
O=C(c1ccc(-c2ccc3c(c2)CCN(CCN2CCCC2)C3=O)cc1Cl)N1CCCC1,5.03,5.059299999999999,5.03
O=C(c1ccc(-c2ccc3c(c2)CCN(CCN2CCCC2)C3=O)cc1F)N1CCCC1,5.06,5.0238000000000005,5.06
O=C(c1nc(-c2ccccc2)no1)N1CCC(Oc2ccc(CN3CCCC3)cc2)CC1,5.75,5.238899999999996,5.75
O=C(c1nnc(-c2ccc(Cl)cc2)o1)N1CCC(Oc2ccc(CN3CCCC3)cc2)CC1,5.26,5.410849999999997,5.26
O=C(c1nnc(-c2ccc(F)cc2)o1)N1CCC(Oc2ccc(CN3CCCC3)cc2)CC1,5.21,5.102899999999996,5.21
O=C(c1nnc(-c2ccc(OC(F)F)cc2)o1)N1CCC(Oc2ccc(CN3CCCC3)cc2)CC1,5.38,5.089299999999996,5.38
O=C(c1nnc(-c2ccccc2)o1)N1CC(Oc2ccc(CN3CC4(CCCO4)C3)cc2)C1,5.05,5.027299999999998,5.05
O=C(c1nnc(-c2ccccc2)o1)N1CC(Oc2ccc(CN3CC4(CCOC4)C3)cc2)C1,4.8,4.970100000000005,4.8
O=C(c1nnc(-c2ccccc2)o1)N1CC(Oc2ccc(CN3CC4(COC4)C3)cc2)C1,4.55,4.922400000000007,4.55
O=C(c1nnc(-c2ccccc2)o1)N1CCC(Oc2ccc(CN3CCC(O)C3)cc2)CC1,4.51,4.959300000000002,4.51
O=C(c1nnc(-c2ccccc2)o1)N1CCC(Oc2ccc(CN3CCCC3)cc2)CC1,4.96,5.183249999999996,4.96
O=C(c1nnc(-c2ccccc2Cl)o1)N1CCC(Oc2ccc(CN3CCCC3)cc2)CC1,5.28,5.184649999999997,5.28
O=C(c1noc(-c2ccccc2)n1)N1CCC(Oc2ccc(CN3CCCC3)cc2)CC1,5.12,5.249199999999995,5.12
O=C1CCc2cc(CCN3CCN(C(=O)Cc4ccc(-n5cnnn5)cc4)CC3)ccc21,5.19,5.697800000000004,5.19
O=C1COc2ccc(CNC34CCC(C(O)Cc5c(F)cnc6ccc(OCCO)nc56)(CC3)OC4)nc2N1,4.53,5.220049999999999,4.53
O=C1COc2ccc(CNC34CCC(CCc5c(F)cnc6cc(C(F)(F)F)cnc56)(CC3)OC4)nc2N1,9.05,7.796299999999997,9.05
O=C1COc2ccc(CNC34CCC(CCc5c(F)cnc6cc(Cl)cnc56)(CC3)OC4)nc2N1,8.48,7.749599999999998,8.48
O=C1COc2ccc(CNC34CCC(CCc5c(F)cnc6ccc(=O)[nH]c56)(CC3)OC4)nc2N1,8.32,7.3696500000000045,8.32
O=C1COc2ccc(CNC34CCC(CCc5c(F)cnc6ccc(N7CCOCC7)nc56)(CC3)OC4)nc2N1,7.94,6.249300000000002,7.94
O=C1COc2ccc(CNC34CCC(CCc5c(F)cnc6ccc(OC(F)F)nc56)(CC3)OC4)nc2N1,6.16,5.333500000000003,6.16
O=C1COc2ccc(CNC34CCC(CCc5c(F)cnc6ccc(OC7CC(O)CC(O)C7)nc56)(CC3)OC4)nc2N1,5.2,5.585300000000001,5.2
O=C1COc2ccc(CNC34CCC(CCc5c(F)cnc6ccc(OC7CCC7)nc56)(CC3)OC4)nc2N1,6.3,5.266350000000001,6.3
O=C1COc2ccc(CNC34CCC(CCc5c(F)cnc6ccc(OCC(CO)CO)nc56)(CC3)OC4)nc2N1,4.98,5.287650000000005,4.98
O=C1COc2ccc(CNC34CCC(CCc5c(F)cnc6ccc(OCC(F)(F)F)nc56)(CC3)OC4)nc2N1,5.96,5.235900000000002,5.96
O=C1COc2ccc(CNC34CCC(CCc5c(F)cnc6ccc(OCC(O)CO)nc56)(CC3)OC4)nc2N1,5.64,5.296700000000004,5.64
O=C1COc2ccc(CNC34CCC(CCc5c(F)cnc6ccc(OCC7(CO)CC7)nc56)(CC3)OC4)nc2N1,5.57,5.250750000000002,5.57
O=C1COc2ccc(CNC34CCC(CCc5c(F)cnc6ccc(OCC7(O)COC7)nc56)(CC3)OC4)nc2N1,4.91,5.354600000000004,4.91
O=C1COc2ccc(CNC34CCC(CCc5c(F)cnc6ccc(OCC7CC(O)C(O)C7)nc56)(CC3)OC4)nc2N1,5.54,5.514599999999998,5.54
O=C1COc2ccc(CNC34CCC(CCc5c(F)cnc6ccc(OCC7CC7C(=O)O)nc56)(CC3)OC4)nc2N1,4.36,5.911749999999996,4.36
O=C1COc2ccc(CNC34CCC(CCc5c(F)cnc6ccc(OCCCCCO)nc56)(CC3)OC4)nc2N1,6.16,5.210150000000004,6.16
O=C1COc2ccc(CNC34CCC(CCc5c(F)cnc6ccc(OCCCCO)nc56)(CC3)OC4)nc2N1,5.62,5.210150000000004,5.62
O=C1COc2ccc(CNC34CCC(CCc5c(F)cnc6ccc(OCCCO)nc56)(CC3)OC4)nc2N1,5.62,5.217150000000005,5.62
O=C1COc2ccc(CNC34CCC(CCc5c(F)cnc6ccc(OCCO)nc56)(CC3)OC4)nc2N1,4.6,5.092250000000002,4.6
O=C1COc2ccc(CNC34CCC(CCc5c(F)cnc6ccc(OCCc7cc(=O)c(O)c[nH]7)nc56)(CC3)OC4)nc2N1,6.05,5.563750000000003,6.05
O=C1COc2ccc(CNC34CCC(CCc5c(F)cnc6ccc(OCc7cc(=O)c(O)c[nH]7)nc56)(CC3)OC4)nc2N1,5.28,5.590950000000003,5.28
O=C1COc2ccc(CNC34CCC(CCc5ccnc6cc(C(F)(F)F)cnc56)(CC3)OC4)nc2N1,9.41,8.29309999999999,9.41
O=C1COc2ccc(CNC34CCC(CCc5ccnc6cc(Cl)cnc56)(CC3)OC4)nc2N1,8.31,8.251499999999988,8.31
O=C1COc2ccc(CNC34CCC(CCc5ccnc6cc(F)cnc56)(CC3)OC4)nc2N1,7.78,8.278799999999988,7.78
O=C1COc2ccc(CNC34CCC(CCc5ccnc6ccc(C(F)(F)F)nc56)(CC3)OC4)nc2N1,9.0,7.485499999999999,9.0
O=C1N(CCN2C3CCCC2CC3)CCN1c1cccc(Cl)c1,5.8,5.751449999999998,5.8
O=C1N(CCN2CC3CCC(CC3)C2)CCN1c1cccc(Cl)c1,6.4,5.7544499999999985,6.4
O=C1N(CCN2CC3CCC2C3)CCN1c1cccc(Cl)c1,4.9,5.904449999999998,4.9
O=C1N(CCN2CC3CCC2Cc2ccccc2C3)CCN1c1cccc(Cl)c1,7.2,5.794599999999998,7.2
O=C1N(CCN2CCC(C(F)(F)F)CC2)CCN1c1cccc(Cl)c1,5.9,5.512849999999999,5.9
O=C1N(CCN2CCC(C(F)(F)F)CC2)CCN1c1cccc(Cl)c1F,4.9,5.169499999999999,4.9
O=C1N(CCN2CCC(C(F)(F)F)CC2)CCN1c1cccc(I)c1,6.7,5.187100000000003,6.7
O=C1N(CCN2CCC(C(F)(F)F)CC2)CCN1c1cccc(O)c1,4.8,5.108650000000001,4.8
O=C1N(CCN2CCC(C(F)(F)F)CC2)CCN1c1cccc(OC(F)(F)F)c1,5.4,5.299500000000003,5.4
O=C1N(CCN2CCC(c3ccc(Cl)cc3)CC2)CCN1c1cccc(Cl)c1,8.1,5.856399999999997,8.1
O=C1N(CCN2CCC(c3nnc(-c4ccccc4)o3)CC2)CCN1c1cccc(Cl)c1,6.6,5.703449999999996,6.6
O=C1N(CCN2CCCC(OCc3ccccc3)C2)CCN1c1cccc(Cl)c1,7.1,5.699649999999998,7.1
O=C1N(CCN2CCCc3sccc3C2)CCN1c1cccc(Cl)c1,6.1,5.548449999999997,6.1
O=C1N(CCN2Cc3ccccc3C2)CCN1Cc1cc(Cl)ccc1Cl,6.4,5.38965,6.4
O=C1N(CCN2Cc3ccccc3C2)CCN1Cc1ccc(Cl)c(Cl)c1,6.1,5.328699999999999,6.1
O=C1N(CCN2Cc3ccccc3C2)CCN1Cc1ccc(Cl)cc1,5.7,5.199299999999999,5.7
O=C1N(CCN2Cc3ccccc3C2)CCN1Cc1cccc(C(F)(F)F)c1,5.2,5.603499999999996,5.2
O=C1N(CCN2Cc3ccccc3C2)CCN1Cc1cccc(Cl)c1,5.6,5.649849999999998,5.6
O=C1N(CCN2Cc3ccccc3C2)CCN1Cc1ccccc1,4.6,5.255,4.6
O=C1N(CCN2Cc3ccccc3C2)CCN1Cc1ccccc1Cl,5.7,5.0192999999999985,5.7
O=C1N(CCN2Cc3ccccc3C2)CCN1c1cc(Cl)cc(Cl)c1,5.8,5.3756999999999975,5.8
O=C1N(CCN2Cc3ccccc3C2)CCN1c1cc(Cl)ccc1F,4.7,5.368049999999999,4.7
O=C1N(CCN2Cc3ccccc3C2)CCN1c1cc(F)cc(Cl)c1,5.5,5.350599999999999,5.5
O=C1N(CCN2Cc3ccccc3C2)CCN1c1ccc(Cl)c(Cl)c1,6.0,5.242899999999999,6.0
O=C1N(CCN2Cc3ccccc3C2)CCN1c1ccc(F)c(Cl)c1,5.3,5.197099999999999,5.3
O=C1N(CCN2Cc3ccccc3C2)CCN1c1ccc2occc2c1,5.1,5.179299999999999,5.1
O=C1N(CCN2Cc3ccccc3C2)CCN1c1ccc2sccc2c1,5.7,5.242999999999996,5.7
O=C1N(CCN2Cc3ccccc3C2)CCN1c1cccc(C(F)(F)F)c1,6.1,5.488799999999995,6.1
O=C1N(CCN2Cc3ccccc3C2)CCN1c1cccc(Cl)c1,5.5,5.508199999999997,5.5
O=C1N(CCN2Cc3ccccc3C2)CCN1c1cccc(OC(F)(F)F)c1,6.2,5.475299999999999,6.2
O=C1N(CCN2Cc3ccccc3C2)CCN1c1csc2ccccc12,5.1,4.998499999999998,5.1
O=C1NCCN1CCN1CCC(c2cn(-c3ccc(F)cc3)c3ccc(Cl)cc23)CC1,7.83,5.7224999999999975,7.83
O=C1OCCc2cc(CCN3CCN(C(=O)Cc4ccc(-n5cnnn5)cc4)CC3)ccc21,4.37,5.620300000000003,4.37
O=C1OCc2c1ccc(CCN1CCN(C(=O)Cc3ccc(-n4cnnn4)cc3)CC1)c2C1CC1,4.92,4.946499999999996,4.92
O=C1OCc2c1ccc(CCN1CCN(C(=O)Cc3ccc(-n4cnnn4)cc3)CC1)c2Cl,4.77,4.888599999999996,4.77
O=C1OCc2c1ccc(CCN1CCN(C(=O)Cc3ccc(-n4cnnn4)cc3)CC1)c2F,4.51,4.846699999999996,4.51
O=C1OCc2c1cccc2-c1ccc(CCN2CCN(CCc3ccc([N+](=O)[O-])cc3)CC2)cc1,6.82,7.6366,6.82
O=C1OCc2cc(CCN3CCN(C(=O)Cc4ccc(-n5cnnn5)c(C(F)(F)F)c4)CC3)ccc21,5.29,5.668199999999996,5.29
O=C1OCc2cc(CCN3CCN(C(=O)Cc4ccc(-n5cnnn5)c(F)c4)CC3)ccc21,4.57,5.5076999999999945,4.57
O=C1OCc2cc(CCN3CCN(C(=O)Cc4ccc(-n5cnnn5)cc4)CC3)c(F)cc21,4.58,5.1607,4.58
O=C1OCc2cc(CCN3CCN(C(=O)Cc4ccc(-n5cnnn5)cc4)CC3)cc(Cl)c21,5.47,5.407700000000001,5.47
O=C1OCc2cc(CCN3CCN(C(=O)Cc4ccc(-n5cnnn5)cc4)CC3)cc(F)c21,4.89,5.416900000000001,4.89
O=C1OCc2cc(CCN3CCN(C(=O)Cc4ccc(-n5cnnn5)cc4)CC3)ccc21,4.85,5.513600000000001,4.85
O=C1OCc2cc(CCN3CCN(C(=O)Cc4ccc(-n5cnnn5)cc4C(F)(F)F)CC3)ccc21,5.16,5.829900000000004,5.16
O=C1OCc2cc(CCN3CCN(C(=O)Cc4ccc(-n5cnnn5)cc4C4CC4)CC3)ccc21,5.52,5.7035000000000045,5.52
O=C1OCc2cc(CCN3CCN(CCc4ccc5c(c4)COC5=O)CC3)ccc21,5.72,5.9331000000000005,5.72
O=C1OCc2cc(CCN3CCN(CCc4ccc5nonc5c4)CC3)ccc21,6.55,5.963799999999999,6.55
O=C1OCc2ccc(CCN3CCN(C(=O)Cc4ccc(-n5cnnn5)cc4)CC3)cc21,4.5,5.504900000000003,4.5
O=[N+]([O-])c1ccc(CCN2CCN(CCc3ccc(-c4ncco4)cc3)CC2)cc1,7.33,7.613099999999999,7.33
O=[N+]([O-])c1ccc(CCN2CCN(CCc3ccc(-n4cnnn4)cc3)CC2)cc1,7.96,7.5708999999999955,7.96
O=[N+]([O-])c1ccc(CCN2CCN(CCc3ccc(F)cc3)CC2)cc1,7.64,7.8011,7.64
O=[N+]([O-])c1ccc(CCN2CCN(CCc3ccc([N+](=O)[O-])cc3)CC2)cc1,8.3,7.7951,8.3
O=[N+]([O-])c1ccc(CCN2CCN(CCc3ccc4nonc4c3)CC2)cc1,7.6,7.626299999999999,7.6
O=[N+]([O-])c1ccc(CCN2CCNCC2)cc1,6.72,7.7951,6.72
O=c1[nH]c2ccccc2n1C1CCN(CCCC(c2ccc(F)cc2)c2ccc(F)cc2)CC1,7.26,5.9233,7.26
Oc1cc2cc(CCN3CCN(c4nsc5ccccc45)CC3)c(Cl)cc2[nH]1,6.9,5.8720000000000026,6.9
Oc1ccc(-c2c[nH]c(C3Cc4c([nH]c5ccccc45)C(C4CCOCC4)N3)n2)cc1,6.33,6.665049999999996,6.33
Oc1ccc(-c2cc3c(CN4CCC5(COC5)C4)c(O)ccc3o2)cc1,5.37,5.15505,5.37
Oc1cccc(OC2CC3CCC(C2)N3Cc2ccccc2)c1,5.8,5.752949999999999,5.8
c1cc2nonc2cc1CCN1CCN(CCc2ccc3nonc3c2)CC1,7.17,6.137699999999998,7.17
c1ccc(-c2c[nH]c(C3Cc4c([nH]c5ccccc45)C(C4CCOCC4)N3)n2)cc1,6.42,6.768249999999997,6.42
c1ccc(-c2ccc(-c3c[nH]c(C4Cc5c([nH]c6ccccc56)C(C5CCOCC5)N4)n3)cc2)cc1,7.77,6.779149999999996,7.77
c1ccc(C(Cc2cccc3c2OCC3)N2CCNCC2)cc1,4.67,5.141549999999998,4.67
c1ccc(C(Cc2ccccc2OC2CC2)N2CCNCC2)cc1,5.19,5.089999999999996,5.19
c1ccc(C(Cc2ccccc2OCC2CC2)N2CCNCC2)cc1,5.53,5.200999999999999,5.53
c1ccc2c3c([nH]c2c1)C(C1CCOCC1)NC(c1nc(-c2ccsc2)c[nH]1)C3,6.84,6.71345,6.84
c1ccc2c3c([nH]c2c1)C(C1CCOCC1)NC(c1nc(-c2csc4ccccc24)c[nH]1)C3,7.06,6.347949999999995,7.06
c1ccc2c3c([nH]c2c1)C(C1CCOCC1)NC(c1nc(-c2cscn2)c[nH]1)C3,5.36,6.351449999999995,5.36
c1ccc2c3c([nH]c2c1)C(C1CCOCC1)NC(c1nc(C24CC5CC(CC(C5)C2)C4)c[nH]1)C3,6.3,6.145099999999996,6.3
c1ccc2c3c([nH]c2c1)C(C1CCOCC1)NC(c1nc(C2CCCCC2)c[nH]1)C3,6.87,6.287849999999995,6.87
c1cncc(-c2c[nH]c(C3Cc4c([nH]c5ccccc45)C(C4CCCCC4)N3)n2)c1,6.72,6.679399999999999,6.72
c1cncc(-c2c[nH]c(C3Cc4c([nH]c5ccccc45)C(C4CCOCC4)N3)n2)c1,5.57,6.744249999999999,5.57
